Iteration,Entity,Random-weight score,Rank,Top-ranked entities,Sole top-ranked APEX1,weight_genetic,weight_coloc_expr,weight_protein,weight_inflammatory,weight_regulatory,weight_penalty
1,APEX1,8.2302,1,APEX1,True,0.8779,0.9167,0.8504,1.1457,1.0893,0.9279
1,TNFRSF10C,5.3837,2,APEX1,False,0.8779,0.9167,0.8504,1.1457,1.0893,0.9279
1,ARID5B,5.3837,2,APEX1,False,0.8779,0.9167,0.8504,1.1457,1.0893,0.9279
1,DHFR,4.9254,4,APEX1,False,0.8779,0.9167,0.8504,1.1457,1.0893,0.9279
1,BACE1,4.9254,4,APEX1,False,0.8779,0.9167,0.8504,1.1457,1.0893,0.9279
1,SEC23B,4.9254,4,APEX1,False,0.8779,0.9167,0.8504,1.1457,1.0893,0.9279
1,PADI4,4.467,7,APEX1,False,0.8779,0.9167,0.8504,1.1457,1.0893,0.9279
1,HADHB,4.467,7,APEX1,False,0.8779,0.9167,0.8504,1.1457,1.0893,0.9279
1,RFC4,4.467,7,APEX1,False,0.8779,0.9167,0.8504,1.1457,1.0893,0.9279
1,SF3B3,4.467,7,APEX1,False,0.8779,0.9167,0.8504,1.1457,1.0893,0.9279
1,PERP,4.0031,11,APEX1,False,0.8779,0.9167,0.8504,1.1457,1.0893,0.9279
1,PRDX2,2.1172,12,APEX1,False,0.8779,0.9167,0.8504,1.1457,1.0893,0.9279
1,KDM1A,1.0893,13,APEX1,False,0.8779,0.9167,0.8504,1.1457,1.0893,0.9279
2,APEX1,9.1643,1,APEX1,True,1.1057,0.8782,1.1286,0.9552,0.9699,1.0009
2,TNFRSF10C,5.9519,2,APEX1,False,1.1057,0.8782,1.1286,0.9552,0.9699,1.0009
2,ARID5B,5.9519,2,APEX1,False,1.1057,0.8782,1.1286,0.9552,0.9699,1.0009
2,DHFR,5.5128,4,APEX1,False,1.1057,0.8782,1.1286,0.9552,0.9699,1.0009
2,BACE1,5.5128,4,APEX1,False,1.1057,0.8782,1.1286,0.9552,0.9699,1.0009
2,SEC23B,5.5128,4,APEX1,False,1.1057,0.8782,1.1286,0.9552,0.9699,1.0009
2,PADI4,5.0736,7,APEX1,False,1.1057,0.8782,1.1286,0.9552,0.9699,1.0009
2,HADHB,5.0736,7,APEX1,False,1.1057,0.8782,1.1286,0.9552,0.9699,1.0009
2,RFC4,5.0736,7,APEX1,False,1.1057,0.8782,1.1286,0.9552,0.9699,1.0009
2,SF3B3,5.0736,7,APEX1,False,1.1057,0.8782,1.1286,0.9552,0.9699,1.0009
2,PERP,4.5732,11,APEX1,False,1.1057,0.8782,1.1286,0.9552,0.9699,1.0009
2,PRDX2,2.8921,12,APEX1,False,1.1057,0.8782,1.1286,0.9552,0.9699,1.0009
2,KDM1A,0.9699,13,APEX1,False,1.1057,0.8782,1.1286,0.9552,0.9699,1.0009
3,APEX1,8.9871,1,APEX1,True,0.8141,1.2262,1.0394,0.7873,1.0919,1.0088
3,TNFRSF10C,6.121,2,APEX1,False,0.8141,1.2262,1.0394,0.7873,1.0919,1.0088
3,ARID5B,6.121,2,APEX1,False,0.8141,1.2262,1.0394,0.7873,1.0919,1.0088
3,DHFR,5.5079,4,APEX1,False,0.8141,1.2262,1.0394,0.7873,1.0919,1.0088
3,BACE1,5.5079,4,APEX1,False,0.8141,1.2262,1.0394,0.7873,1.0919,1.0088
3,SEC23B,5.5079,4,APEX1,False,0.8141,1.2262,1.0394,0.7873,1.0919,1.0088
3,PADI4,4.8948,7,APEX1,False,0.8141,1.2262,1.0394,0.7873,1.0919,1.0088
3,HADHB,4.8948,7,APEX1,False,0.8141,1.2262,1.0394,0.7873,1.0919,1.0088
3,RFC4,4.8948,7,APEX1,False,0.8141,1.2262,1.0394,0.7873,1.0919,1.0088
3,SF3B3,4.8948,7,APEX1,False,0.8141,1.2262,1.0394,0.7873,1.0919,1.0088
3,PERP,4.3904,11,APEX1,False,0.8141,1.2262,1.0394,0.7873,1.0919,1.0088
3,PRDX2,2.0658,12,APEX1,False,0.8141,1.2262,1.0394,0.7873,1.0919,1.0088
3,KDM1A,1.0919,13,APEX1,False,0.8141,1.2262,1.0394,0.7873,1.0919,1.0088
4,APEX1,9.0794,1,APEX1,True,0.9435,1.233,0.8013,0.9472,0.8683,0.8719
4,TNFRSF10C,6.5297,2,APEX1,False,0.9435,1.233,0.8013,0.9472,0.8683,0.8719
4,ARID5B,6.5297,2,APEX1,False,0.9435,1.233,0.8013,0.9472,0.8683,0.8719
4,DHFR,5.9132,4,APEX1,False,0.9435,1.233,0.8013,0.9472,0.8683,0.8719
4,BACE1,5.9132,4,APEX1,False,0.9435,1.233,0.8013,0.9472,0.8683,0.8719
4,SEC23B,5.9132,4,APEX1,False,0.9435,1.233,0.8013,0.9472,0.8683,0.8719
4,PADI4,5.2967,7,APEX1,False,0.9435,1.233,0.8013,0.9472,0.8683,0.8719
4,HADHB,5.2967,7,APEX1,False,0.9435,1.233,0.8013,0.9472,0.8683,0.8719
4,RFC4,5.2967,7,APEX1,False,0.9435,1.233,0.8013,0.9472,0.8683,0.8719
4,SF3B3,5.2967,7,APEX1,False,0.9435,1.233,0.8013,0.9472,0.8683,0.8719
4,PERP,4.8607,11,APEX1,False,0.9435,1.233,0.8013,0.9472,0.8683,0.8719
4,PRDX2,2.2882,12,APEX1,False,0.9435,1.233,0.8013,0.9472,0.8683,0.8719
4,KDM1A,0.8683,13,APEX1,False,0.9435,1.233,0.8013,0.9472,0.8683,0.8719
5,APEX1,10.0656,1,APEX1,True,1.2417,0.9794,1.2322,0.9379,0.8982,1.0171
5,TNFRSF10C,6.6633,2,APEX1,False,1.2417,0.9794,1.2322,0.9379,0.8982,1.0171
5,ARID5B,6.6633,2,APEX1,False,1.2417,0.9794,1.2322,0.9379,0.8982,1.0171
5,DHFR,6.1737,4,APEX1,False,1.2417,0.9794,1.2322,0.9379,0.8982,1.0171
5,BACE1,6.1737,4,APEX1,False,1.2417,0.9794,1.2322,0.9379,0.8982,1.0171
5,SEC23B,6.1737,4,APEX1,False,1.2417,0.9794,1.2322,0.9379,0.8982,1.0171
5,PADI4,5.684,7,APEX1,False,1.2417,0.9794,1.2322,0.9379,0.8982,1.0171
5,HADHB,5.684,7,APEX1,False,1.2417,0.9794,1.2322,0.9379,0.8982,1.0171
5,RFC4,5.684,7,APEX1,False,1.2417,0.9794,1.2322,0.9379,0.8982,1.0171
5,SF3B3,5.684,7,APEX1,False,1.2417,0.9794,1.2322,0.9379,0.8982,1.0171
5,PERP,5.1754,11,APEX1,False,1.2417,0.9794,1.2322,0.9379,0.8982,1.0171
5,PRDX2,3.3194,12,APEX1,False,1.2417,0.9794,1.2322,0.9379,0.8982,1.0171
5,KDM1A,0.8982,13,APEX1,False,1.2417,0.9794,1.2322,0.9379,0.8982,1.0171
6,APEX1,8.8706,1,APEX1,True,0.8545,1.1265,0.9837,0.9602,0.8382,0.8025
6,TNFRSF10C,5.9429,2,APEX1,False,0.8545,1.1265,0.9837,0.9602,0.8382,0.8025
6,ARID5B,5.9429,2,APEX1,False,0.8545,1.1265,0.9837,0.9602,0.8382,0.8025
6,DHFR,5.3797,4,APEX1,False,0.8545,1.1265,0.9837,0.9602,0.8382,0.8025
6,BACE1,5.3797,4,APEX1,False,0.8545,1.1265,0.9837,0.9602,0.8382,0.8025
6,SEC23B,5.3797,4,APEX1,False,0.8545,1.1265,0.9837,0.9602,0.8382,0.8025
6,PADI4,4.8164,7,APEX1,False,0.8545,1.1265,0.9837,0.9602,0.8382,0.8025
6,HADHB,4.8164,7,APEX1,False,0.8545,1.1265,0.9837,0.9602,0.8382,0.8025
6,RFC4,4.8164,7,APEX1,False,0.8545,1.1265,0.9837,0.9602,0.8382,0.8025
6,SF3B3,4.8164,7,APEX1,False,0.8545,1.1265,0.9837,0.9602,0.8382,0.8025
6,PERP,4.4152,11,APEX1,False,0.8545,1.1265,0.9837,0.9602,0.8382,0.8025
6,PRDX2,2.3174,12,APEX1,False,0.8545,1.1265,0.9837,0.9602,0.8382,0.8025
6,KDM1A,0.8382,13,APEX1,False,0.8545,1.1265,0.9837,0.9602,0.8382,0.8025
7,APEX1,9.2033,1,APEX1,True,1.1801,0.8263,1.2142,0.7558,0.7553,0.8219
7,TNFRSF10C,6.019,2,APEX1,False,1.1801,0.8263,1.2142,0.7558,0.7553,0.8219
7,ARID5B,6.019,2,APEX1,False,1.1801,0.8263,1.2142,0.7558,0.7553,0.8219
7,DHFR,5.6059,4,APEX1,False,1.1801,0.8263,1.2142,0.7558,0.7553,0.8219
7,BACE1,5.6059,4,APEX1,False,1.1801,0.8263,1.2142,0.7558,0.7553,0.8219
7,SEC23B,5.6059,4,APEX1,False,1.1801,0.8263,1.2142,0.7558,0.7553,0.8219
7,PADI4,5.1928,7,APEX1,False,1.1801,0.8263,1.2142,0.7558,0.7553,0.8219
7,HADHB,5.1928,7,APEX1,False,1.1801,0.8263,1.2142,0.7558,0.7553,0.8219
7,RFC4,5.1928,7,APEX1,False,1.1801,0.8263,1.2142,0.7558,0.7553,0.8219
7,SF3B3,5.1928,7,APEX1,False,1.1801,0.8263,1.2142,0.7558,0.7553,0.8219
7,PERP,4.7818,11,APEX1,False,1.1801,0.8263,1.2142,0.7558,0.7553,0.8219
7,PRDX2,3.3425,12,APEX1,False,1.1801,0.8263,1.2142,0.7558,0.7553,0.8219
7,KDM1A,0.7553,13,APEX1,False,1.1801,0.8263,1.2142,0.7558,0.7553,0.8219
8,APEX1,8.809,1,APEX1,True,0.7791,1.0798,1.0175,1.1973,1.2457,0.8399
8,TNFRSF10C,5.5767,2,APEX1,False,0.7791,1.0798,1.0175,1.1973,1.2457,0.8399
8,ARID5B,5.5767,2,APEX1,False,0.7791,1.0798,1.0175,1.1973,1.2457,0.8399
8,DHFR,5.0368,4,APEX1,False,0.7791,1.0798,1.0175,1.1973,1.2457,0.8399
8,BACE1,5.0368,4,APEX1,False,0.7791,1.0798,1.0175,1.1973,1.2457,0.8399
8,SEC23B,5.0368,4,APEX1,False,0.7791,1.0798,1.0175,1.1973,1.2457,0.8399
8,PADI4,4.4969,7,APEX1,False,0.7791,1.0798,1.0175,1.1973,1.2457,0.8399
8,HADHB,4.4969,7,APEX1,False,0.7791,1.0798,1.0175,1.1973,1.2457,0.8399
8,RFC4,4.4969,7,APEX1,False,0.7791,1.0798,1.0175,1.1973,1.2457,0.8399
8,SF3B3,4.4969,7,APEX1,False,0.7791,1.0798,1.0175,1.1973,1.2457,0.8399
8,PERP,4.0769,11,APEX1,False,0.7791,1.0798,1.0175,1.1973,1.2457,0.8399
8,PRDX2,2.1253,12,APEX1,False,0.7791,1.0798,1.0175,1.1973,1.2457,0.8399
8,KDM1A,1.2457,13,APEX1,False,0.7791,1.0798,1.0175,1.1973,1.2457,0.8399
9,APEX1,8.2082,1,APEX1,True,0.7584,1.0592,0.8096,1.1364,0.7733,1.0316
9,TNFRSF10C,5.4527,2,APEX1,False,0.7584,1.0592,0.8096,1.1364,0.7733,1.0316
9,ARID5B,5.4527,2,APEX1,False,0.7584,1.0592,0.8096,1.1364,0.7733,1.0316
9,DHFR,4.9231,4,APEX1,False,0.7584,1.0592,0.8096,1.1364,0.7733,1.0316
9,BACE1,4.9231,4,APEX1,False,0.7584,1.0592,0.8096,1.1364,0.7733,1.0316
9,SEC23B,4.9231,4,APEX1,False,0.7584,1.0592,0.8096,1.1364,0.7733,1.0316
9,PADI4,4.3935,7,APEX1,False,0.7584,1.0592,0.8096,1.1364,0.7733,1.0316
9,HADHB,4.3935,7,APEX1,False,0.7584,1.0592,0.8096,1.1364,0.7733,1.0316
9,RFC4,4.3935,7,APEX1,False,0.7584,1.0592,0.8096,1.1364,0.7733,1.0316
9,SF3B3,4.3935,7,APEX1,False,0.7584,1.0592,0.8096,1.1364,0.7733,1.0316
9,PERP,3.8777,11,APEX1,False,0.7584,1.0592,0.8096,1.1364,0.7733,1.0316
9,PRDX2,1.6739,12,APEX1,False,0.7584,1.0592,0.8096,1.1364,0.7733,1.0316
9,KDM1A,0.7733,13,APEX1,False,0.7584,1.0592,0.8096,1.1364,0.7733,1.0316
10,APEX1,9.2583,1,APEX1,True,1.1058,0.9596,0.9463,1.1697,1.172,1.1278
10,TNFRSF10C,6.1961,2,APEX1,False,1.1058,0.9596,0.9463,1.1697,1.172,1.1278
10,ARID5B,6.1961,2,APEX1,False,1.1058,0.9596,0.9463,1.1697,1.172,1.1278
10,DHFR,5.7163,4,APEX1,False,1.1058,0.9596,0.9463,1.1697,1.172,1.1278
10,BACE1,5.7163,4,APEX1,False,1.1058,0.9596,0.9463,1.1697,1.172,1.1278
10,SEC23B,5.7163,4,APEX1,False,1.1058,0.9596,0.9463,1.1697,1.172,1.1278
10,PADI4,5.2365,7,APEX1,False,1.1058,0.9596,0.9463,1.1697,1.172,1.1278
10,HADHB,5.2365,7,APEX1,False,1.1058,0.9596,0.9463,1.1697,1.172,1.1278
10,RFC4,5.2365,7,APEX1,False,1.1058,0.9596,0.9463,1.1697,1.172,1.1278
10,SF3B3,5.2365,7,APEX1,False,1.1058,0.9596,0.9463,1.1697,1.172,1.1278
10,PERP,4.6726,11,APEX1,False,1.1058,0.9596,0.9463,1.1697,1.172,1.1278
10,PRDX2,2.5829,12,APEX1,False,1.1058,0.9596,0.9463,1.1697,1.172,1.1278
10,KDM1A,1.172,13,APEX1,False,1.1058,0.9596,0.9463,1.1697,1.172,1.1278
11,APEX1,9.5628,1,APEX1,True,1.0778,0.9749,1.1951,1.0147,1.1627,0.8467
11,TNFRSF10C,6.1579,2,APEX1,False,1.0778,0.9749,1.1951,1.0147,1.1627,0.8467
11,ARID5B,6.1579,2,APEX1,False,1.0778,0.9749,1.1951,1.0147,1.1627,0.8467
11,DHFR,5.6705,4,APEX1,False,1.0778,0.9749,1.1951,1.0147,1.1627,0.8467
11,BACE1,5.6705,4,APEX1,False,1.0778,0.9749,1.1951,1.0147,1.1627,0.8467
11,SEC23B,5.6705,4,APEX1,False,1.0778,0.9749,1.1951,1.0147,1.1627,0.8467
11,PADI4,5.183,7,APEX1,False,1.0778,0.9749,1.1951,1.0147,1.1627,0.8467
11,HADHB,5.183,7,APEX1,False,1.0778,0.9749,1.1951,1.0147,1.1627,0.8467
11,RFC4,5.183,7,APEX1,False,1.0778,0.9749,1.1951,1.0147,1.1627,0.8467
11,SF3B3,5.183,7,APEX1,False,1.0778,0.9749,1.1951,1.0147,1.1627,0.8467
11,PERP,4.7597,11,APEX1,False,1.0778,0.9749,1.1951,1.0147,1.1627,0.8467
11,PRDX2,3.0429,12,APEX1,False,1.0778,0.9749,1.1951,1.0147,1.1627,0.8467
11,KDM1A,1.1627,13,APEX1,False,1.0778,0.9749,1.1951,1.0147,1.1627,0.8467
12,APEX1,8.9918,1,APEX1,True,1.0088,1.0537,0.9102,0.9841,1.0518,1.1787
12,TNFRSF10C,6.1873,2,APEX1,False,1.0088,1.0537,0.9102,0.9841,1.0518,1.1787
12,ARID5B,6.1873,2,APEX1,False,1.0088,1.0537,0.9102,0.9841,1.0518,1.1787
12,DHFR,5.6605,4,APEX1,False,1.0088,1.0537,0.9102,0.9841,1.0518,1.1787
12,BACE1,5.6605,4,APEX1,False,1.0088,1.0537,0.9102,0.9841,1.0518,1.1787
12,SEC23B,5.6605,4,APEX1,False,1.0088,1.0537,0.9102,0.9841,1.0518,1.1787
12,PADI4,5.1336,7,APEX1,False,1.0088,1.0537,0.9102,0.9841,1.0518,1.1787
12,HADHB,5.1336,7,APEX1,False,1.0088,1.0537,0.9102,0.9841,1.0518,1.1787
12,RFC4,5.1336,7,APEX1,False,1.0088,1.0537,0.9102,0.9841,1.0518,1.1787
12,SF3B3,5.1336,7,APEX1,False,1.0088,1.0537,0.9102,0.9841,1.0518,1.1787
12,PERP,4.5443,11,APEX1,False,1.0088,1.0537,0.9102,0.9841,1.0518,1.1787
12,PRDX2,2.2535,12,APEX1,False,1.0088,1.0537,0.9102,0.9841,1.0518,1.1787
12,KDM1A,1.0518,13,APEX1,False,1.0088,1.0537,0.9102,0.9841,1.0518,1.1787
13,APEX1,9.0907,1,APEX1,True,1.0538,1.0534,0.9269,0.915,0.7715,0.941
13,TNFRSF10C,6.3218,2,APEX1,False,1.0538,1.0534,0.9269,0.915,0.7715,0.941
13,ARID5B,6.3218,2,APEX1,False,1.0538,1.0534,0.9269,0.915,0.7715,0.941
13,DHFR,5.7951,4,APEX1,False,1.0538,1.0534,0.9269,0.915,0.7715,0.941
13,BACE1,5.7951,4,APEX1,False,1.0538,1.0534,0.9269,0.915,0.7715,0.941
13,SEC23B,5.7951,4,APEX1,False,1.0538,1.0534,0.9269,0.915,0.7715,0.941
13,PADI4,5.2684,7,APEX1,False,1.0538,1.0534,0.9269,0.915,0.7715,0.941
13,HADHB,5.2684,7,APEX1,False,1.0538,1.0534,0.9269,0.915,0.7715,0.941
13,RFC4,5.2684,7,APEX1,False,1.0538,1.0534,0.9269,0.915,0.7715,0.941
13,SF3B3,5.2684,7,APEX1,False,1.0538,1.0534,0.9269,0.915,0.7715,0.941
13,PERP,4.7979,11,APEX1,False,1.0538,1.0534,0.9269,0.915,0.7715,0.941
13,PRDX2,2.6205,12,APEX1,False,1.0538,1.0534,0.9269,0.915,0.7715,0.941
13,KDM1A,0.7715,13,APEX1,False,1.0538,1.0534,0.9269,0.915,0.7715,0.941
14,APEX1,9.9959,1,APEX1,True,1.2302,0.923,1.1844,1.1679,0.9758,0.8042
14,TNFRSF10C,6.4593,2,APEX1,False,1.2302,0.923,1.1844,1.1679,0.9758,0.8042
14,ARID5B,6.4593,2,APEX1,False,1.2302,0.923,1.1844,1.1679,0.9758,0.8042
14,DHFR,5.9978,4,APEX1,False,1.2302,0.923,1.1844,1.1679,0.9758,0.8042
14,BACE1,5.9978,4,APEX1,False,1.2302,0.923,1.1844,1.1679,0.9758,0.8042
14,SEC23B,5.9978,4,APEX1,False,1.2302,0.923,1.1844,1.1679,0.9758,0.8042
14,PADI4,5.5364,7,APEX1,False,1.2302,0.923,1.1844,1.1679,0.9758,0.8042
14,HADHB,5.5364,7,APEX1,False,1.2302,0.923,1.1844,1.1679,0.9758,0.8042
14,RFC4,5.5364,7,APEX1,False,1.2302,0.923,1.1844,1.1679,0.9758,0.8042
14,SF3B3,5.5364,7,APEX1,False,1.2302,0.923,1.1844,1.1679,0.9758,0.8042
14,PERP,5.1343,11,APEX1,False,1.2302,0.923,1.1844,1.1679,0.9758,0.8042
14,PRDX2,3.4556,12,APEX1,False,1.2302,0.923,1.1844,1.1679,0.9758,0.8042
14,KDM1A,0.9758,13,APEX1,False,1.2302,0.923,1.1844,1.1679,0.9758,0.8042
15,APEX1,8.3913,1,APEX1,True,0.8115,0.9241,1.1842,0.8162,1.0533,0.8726
15,TNFRSF10C,5.2067,2,APEX1,False,0.8115,0.9241,1.1842,0.8162,1.0533,0.8726
15,ARID5B,5.2067,2,APEX1,False,0.8115,0.9241,1.1842,0.8162,1.0533,0.8726
15,DHFR,4.7447,4,APEX1,False,0.8115,0.9241,1.1842,0.8162,1.0533,0.8726
15,BACE1,4.7447,4,APEX1,False,0.8115,0.9241,1.1842,0.8162,1.0533,0.8726
15,SEC23B,4.7447,4,APEX1,False,0.8115,0.9241,1.1842,0.8162,1.0533,0.8726
15,PADI4,4.2826,7,APEX1,False,0.8115,0.9241,1.1842,0.8162,1.0533,0.8726
15,HADHB,4.2826,7,APEX1,False,0.8115,0.9241,1.1842,0.8162,1.0533,0.8726
15,RFC4,4.2826,7,APEX1,False,0.8115,0.9241,1.1842,0.8162,1.0533,0.8726
15,SF3B3,4.2826,7,APEX1,False,0.8115,0.9241,1.1842,0.8162,1.0533,0.8726
15,PERP,3.8463,11,APEX1,False,0.8115,0.9241,1.1842,0.8162,1.0533,0.8726
15,PRDX2,2.3402,12,APEX1,False,0.8115,0.9241,1.1842,0.8162,1.0533,0.8726
15,KDM1A,1.0533,13,APEX1,False,0.8115,0.9241,1.1842,0.8162,1.0533,0.8726
16,APEX1,7.8626,1,APEX1,True,0.9651,0.8383,0.8427,0.767,0.9091,1.1977
16,TNFRSF10C,5.4102,2,APEX1,False,0.9651,0.8383,0.8427,0.767,0.9091,1.1977
16,ARID5B,5.4102,2,APEX1,False,0.9651,0.8383,0.8427,0.767,0.9091,1.1977
16,DHFR,4.991,4,APEX1,False,0.9651,0.8383,0.8427,0.767,0.9091,1.1977
16,BACE1,4.991,4,APEX1,False,0.9651,0.8383,0.8427,0.767,0.9091,1.1977
16,SEC23B,4.991,4,APEX1,False,0.9651,0.8383,0.8427,0.767,0.9091,1.1977
16,PADI4,4.5719,7,APEX1,False,0.9651,0.8383,0.8427,0.767,0.9091,1.1977
16,HADHB,4.5719,7,APEX1,False,0.9651,0.8383,0.8427,0.767,0.9091,1.1977
16,RFC4,4.5719,7,APEX1,False,0.9651,0.8383,0.8427,0.767,0.9091,1.1977
16,SF3B3,4.5719,7,APEX1,False,0.9651,0.8383,0.8427,0.767,0.9091,1.1977
16,PERP,3.9731,11,APEX1,False,0.9651,0.8383,0.8427,0.767,0.9091,1.1977
16,PRDX2,2.0578,12,APEX1,False,0.9651,0.8383,0.8427,0.767,0.9091,1.1977
16,KDM1A,0.9091,13,APEX1,False,0.9651,0.8383,0.8427,0.767,0.9091,1.1977
17,APEX1,9.7587,1,APEX1,True,1.0281,1.1577,1.198,0.8052,0.8092,1.198
17,TNFRSF10C,6.5575,2,APEX1,False,1.0281,1.1577,1.198,0.8052,0.8092,1.198
17,ARID5B,6.5575,2,APEX1,False,1.0281,1.1577,1.198,0.8052,0.8092,1.198
17,DHFR,5.9786,4,APEX1,False,1.0281,1.1577,1.198,0.8052,0.8092,1.198
17,BACE1,5.9786,4,APEX1,False,1.0281,1.1577,1.198,0.8052,0.8092,1.198
17,SEC23B,5.9786,4,APEX1,False,1.0281,1.1577,1.198,0.8052,0.8092,1.198
17,PADI4,5.3998,7,APEX1,False,1.0281,1.1577,1.198,0.8052,0.8092,1.198
17,HADHB,5.3998,7,APEX1,False,1.0281,1.1577,1.198,0.8052,0.8092,1.198
17,RFC4,5.3998,7,APEX1,False,1.0281,1.1577,1.198,0.8052,0.8092,1.198
17,SF3B3,5.3998,7,APEX1,False,1.0281,1.1577,1.198,0.8052,0.8092,1.198
17,PERP,4.8008,11,APEX1,False,1.0281,1.1577,1.198,0.8052,0.8092,1.198
17,PRDX2,2.5703,12,APEX1,False,1.0281,1.1577,1.198,0.8052,0.8092,1.198
17,KDM1A,0.8092,13,APEX1,False,1.0281,1.1577,1.198,0.8052,0.8092,1.198
18,APEX1,9.4314,1,APEX1,True,1.1635,0.9097,1.0863,1.0393,1.172,1.2089
18,TNFRSF10C,6.2195,2,APEX1,False,1.1635,0.9097,1.0863,1.0393,1.172,1.2089
18,ARID5B,6.2195,2,APEX1,False,1.1635,0.9097,1.0863,1.0393,1.172,1.2089
18,DHFR,5.7647,4,APEX1,False,1.1635,0.9097,1.0863,1.0393,1.172,1.2089
18,BACE1,5.7647,4,APEX1,False,1.1635,0.9097,1.0863,1.0393,1.172,1.2089
18,SEC23B,5.7647,4,APEX1,False,1.1635,0.9097,1.0863,1.0393,1.172,1.2089
18,PADI4,5.3098,7,APEX1,False,1.1635,0.9097,1.0863,1.0393,1.172,1.2089
18,HADHB,5.3098,7,APEX1,False,1.1635,0.9097,1.0863,1.0393,1.172,1.2089
18,RFC4,5.3098,7,APEX1,False,1.1635,0.9097,1.0863,1.0393,1.172,1.2089
18,SF3B3,5.3098,7,APEX1,False,1.1635,0.9097,1.0863,1.0393,1.172,1.2089
18,PERP,4.7054,11,APEX1,False,1.1635,0.9097,1.0863,1.0393,1.172,1.2089
18,PRDX2,2.7861,12,APEX1,False,1.1635,0.9097,1.0863,1.0393,1.172,1.2089
18,KDM1A,1.172,13,APEX1,False,1.1635,0.9097,1.0863,1.0393,1.172,1.2089
19,APEX1,8.6339,1,APEX1,True,0.9194,0.9785,0.8457,1.2488,1.0012,0.7892
19,TNFRSF10C,5.6937,2,APEX1,False,0.9194,0.9785,0.8457,1.2488,1.0012,0.7892
19,ARID5B,5.6937,2,APEX1,False,0.9194,0.9785,0.8457,1.2488,1.0012,0.7892
19,DHFR,5.2044,4,APEX1,False,0.9194,0.9785,0.8457,1.2488,1.0012,0.7892
19,BACE1,5.2044,4,APEX1,False,0.9194,0.9785,0.8457,1.2488,1.0012,0.7892
19,SEC23B,5.2044,4,APEX1,False,0.9194,0.9785,0.8457,1.2488,1.0012,0.7892
19,PADI4,4.7152,7,APEX1,False,0.9194,0.9785,0.8457,1.2488,1.0012,0.7892
19,HADHB,4.7152,7,APEX1,False,0.9194,0.9785,0.8457,1.2488,1.0012,0.7892
19,RFC4,4.7152,7,APEX1,False,0.9194,0.9785,0.8457,1.2488,1.0012,0.7892
19,SF3B3,4.7152,7,APEX1,False,0.9194,0.9785,0.8457,1.2488,1.0012,0.7892
19,PERP,4.3206,11,APEX1,False,0.9194,0.9785,0.8457,1.2488,1.0012,0.7892
19,PRDX2,2.355,12,APEX1,False,0.9194,0.9785,0.8457,1.2488,1.0012,0.7892
19,KDM1A,1.0012,13,APEX1,False,0.9194,0.9785,0.8457,1.2488,1.0012,0.7892
20,APEX1,9.3758,1,APEX1,True,0.8129,1.2337,1.2393,0.7575,0.9117,1.2322
20,TNFRSF10C,6.1398,2,APEX1,False,0.8129,1.2337,1.2393,0.7575,0.9117,1.2322
20,ARID5B,6.1398,2,APEX1,False,0.8129,1.2337,1.2393,0.7575,0.9117,1.2322
20,DHFR,5.5229,4,APEX1,False,0.8129,1.2337,1.2393,0.7575,0.9117,1.2322
20,BACE1,5.5229,4,APEX1,False,0.8129,1.2337,1.2393,0.7575,0.9117,1.2322
20,SEC23B,5.5229,4,APEX1,False,0.8129,1.2337,1.2393,0.7575,0.9117,1.2322
20,PADI4,4.9061,7,APEX1,False,0.8129,1.2337,1.2393,0.7575,0.9117,1.2322
20,HADHB,4.9061,7,APEX1,False,0.8129,1.2337,1.2393,0.7575,0.9117,1.2322
20,RFC4,4.9061,7,APEX1,False,0.8129,1.2337,1.2393,0.7575,0.9117,1.2322
20,SF3B3,4.9061,7,APEX1,False,0.8129,1.2337,1.2393,0.7575,0.9117,1.2322
20,PERP,4.29,11,APEX1,False,0.8129,1.2337,1.2393,0.7575,0.9117,1.2322
20,PRDX2,2.0392,12,APEX1,False,0.8129,1.2337,1.2393,0.7575,0.9117,1.2322
20,KDM1A,0.9117,13,APEX1,False,0.8129,1.2337,1.2393,0.7575,0.9117,1.2322
21,APEX1,9.2199,1,APEX1,True,0.7546,1.2246,1.2487,0.785,0.7778,1.0084
21,TNFRSF10C,5.9375,2,APEX1,False,0.7546,1.2246,1.2487,0.785,0.7778,1.0084
21,ARID5B,5.9375,2,APEX1,False,0.7546,1.2246,1.2487,0.785,0.7778,1.0084
21,DHFR,5.3252,4,APEX1,False,0.7546,1.2246,1.2487,0.785,0.7778,1.0084
21,BACE1,5.3252,4,APEX1,False,0.7546,1.2246,1.2487,0.785,0.7778,1.0084
21,SEC23B,5.3252,4,APEX1,False,0.7546,1.2246,1.2487,0.785,0.7778,1.0084
21,PADI4,4.7129,7,APEX1,False,0.7546,1.2246,1.2487,0.785,0.7778,1.0084
21,HADHB,4.7129,7,APEX1,False,0.7546,1.2246,1.2487,0.785,0.7778,1.0084
21,RFC4,4.7129,7,APEX1,False,0.7546,1.2246,1.2487,0.785,0.7778,1.0084
21,SF3B3,4.7129,7,APEX1,False,0.7546,1.2246,1.2487,0.785,0.7778,1.0084
21,PERP,4.2087,11,APEX1,False,0.7546,1.2246,1.2487,0.785,0.7778,1.0084
21,PRDX2,2.1267,12,APEX1,False,0.7546,1.2246,1.2487,0.785,0.7778,1.0084
21,KDM1A,0.7778,13,APEX1,False,0.7546,1.2246,1.2487,0.785,0.7778,1.0084
22,APEX1,8.9012,1,APEX1,True,0.7909,1.1512,1.0958,0.8832,1.0535,0.8869
22,TNFRSF10C,5.8263,2,APEX1,False,0.7909,1.1512,1.0958,0.8832,1.0535,0.8869
22,ARID5B,5.8263,2,APEX1,False,0.7909,1.1512,1.0958,0.8832,1.0535,0.8869
22,DHFR,5.2507,4,APEX1,False,0.7909,1.1512,1.0958,0.8832,1.0535,0.8869
22,BACE1,5.2507,4,APEX1,False,0.7909,1.1512,1.0958,0.8832,1.0535,0.8869
22,SEC23B,5.2507,4,APEX1,False,0.7909,1.1512,1.0958,0.8832,1.0535,0.8869
22,PADI4,4.6751,7,APEX1,False,0.7909,1.1512,1.0958,0.8832,1.0535,0.8869
22,HADHB,4.6751,7,APEX1,False,0.7909,1.1512,1.0958,0.8832,1.0535,0.8869
22,RFC4,4.6751,7,APEX1,False,0.7909,1.1512,1.0958,0.8832,1.0535,0.8869
22,SF3B3,4.6751,7,APEX1,False,0.7909,1.1512,1.0958,0.8832,1.0535,0.8869
22,PERP,4.2316,11,APEX1,False,0.7909,1.1512,1.0958,0.8832,1.0535,0.8869
22,PRDX2,2.1861,12,APEX1,False,0.7909,1.1512,1.0958,0.8832,1.0535,0.8869
22,KDM1A,1.0535,13,APEX1,False,0.7909,1.1512,1.0958,0.8832,1.0535,0.8869
23,APEX1,9.5782,1,APEX1,True,1.1225,0.9771,1.2327,0.814,1.1007,1.129
23,TNFRSF10C,6.2988,2,APEX1,False,1.1225,0.9771,1.2327,0.814,1.1007,1.129
23,ARID5B,6.2988,2,APEX1,False,1.1225,0.9771,1.2327,0.814,1.1007,1.129
23,DHFR,5.8103,4,APEX1,False,1.1225,0.9771,1.2327,0.814,1.1007,1.129
23,BACE1,5.8103,4,APEX1,False,1.1225,0.9771,1.2327,0.814,1.1007,1.129
23,SEC23B,5.8103,4,APEX1,False,1.1225,0.9771,1.2327,0.814,1.1007,1.129
23,PADI4,5.3217,7,APEX1,False,1.1225,0.9771,1.2327,0.814,1.1007,1.129
23,HADHB,5.3217,7,APEX1,False,1.1225,0.9771,1.2327,0.814,1.1007,1.129
23,RFC4,5.3217,7,APEX1,False,1.1225,0.9771,1.2327,0.814,1.1007,1.129
23,SF3B3,5.3217,7,APEX1,False,1.1225,0.9771,1.2327,0.814,1.1007,1.129
23,PERP,4.7572,11,APEX1,False,1.1225,0.9771,1.2327,0.814,1.1007,1.129
23,PRDX2,2.91,12,APEX1,False,1.1225,0.9771,1.2327,0.814,1.1007,1.129
23,KDM1A,1.1007,13,APEX1,False,1.1225,0.9771,1.2327,0.814,1.1007,1.129
24,APEX1,9.1965,1,APEX1,True,1.0686,0.9794,1.0245,1.0035,0.9123,1.1295
24,TNFRSF10C,6.1439,2,APEX1,False,1.0686,0.9794,1.0245,1.0035,0.9123,1.1295
24,ARID5B,6.1439,2,APEX1,False,1.0686,0.9794,1.0245,1.0035,0.9123,1.1295
24,DHFR,5.6543,4,APEX1,False,1.0686,0.9794,1.0245,1.0035,0.9123,1.1295
24,BACE1,5.6543,4,APEX1,False,1.0686,0.9794,1.0245,1.0035,0.9123,1.1295
24,SEC23B,5.6543,4,APEX1,False,1.0686,0.9794,1.0245,1.0035,0.9123,1.1295
24,PADI4,5.1646,7,APEX1,False,1.0686,0.9794,1.0245,1.0035,0.9123,1.1295
24,HADHB,5.1646,7,APEX1,False,1.0686,0.9794,1.0245,1.0035,0.9123,1.1295
24,RFC4,5.1646,7,APEX1,False,1.0686,0.9794,1.0245,1.0035,0.9123,1.1295
24,SF3B3,5.1646,7,APEX1,False,1.0686,0.9794,1.0245,1.0035,0.9123,1.1295
24,PERP,4.5998,11,APEX1,False,1.0686,0.9794,1.0245,1.0035,0.9123,1.1295
24,PRDX2,2.5666,12,APEX1,False,1.0686,0.9794,1.0245,1.0035,0.9123,1.1295
24,KDM1A,0.9123,13,APEX1,False,1.0686,0.9794,1.0245,1.0035,0.9123,1.1295
25,APEX1,9.2137,1,APEX1,True,1.0324,1.1413,0.8774,0.9378,1.1882,1.1298
25,TNFRSF10C,6.5211,2,APEX1,False,1.0324,1.1413,0.8774,0.9378,1.1882,1.1298
25,ARID5B,6.5211,2,APEX1,False,1.0324,1.1413,0.8774,0.9378,1.1882,1.1298
25,DHFR,5.9505,4,APEX1,False,1.0324,1.1413,0.8774,0.9378,1.1882,1.1298
25,BACE1,5.9505,4,APEX1,False,1.0324,1.1413,0.8774,0.9378,1.1882,1.1298
25,SEC23B,5.9505,4,APEX1,False,1.0324,1.1413,0.8774,0.9378,1.1882,1.1298
25,PADI4,5.3798,7,APEX1,False,1.0324,1.1413,0.8774,0.9378,1.1882,1.1298
25,HADHB,5.3798,7,APEX1,False,1.0324,1.1413,0.8774,0.9378,1.1882,1.1298
25,RFC4,5.3798,7,APEX1,False,1.0324,1.1413,0.8774,0.9378,1.1882,1.1298
25,SF3B3,5.3798,7,APEX1,False,1.0324,1.1413,0.8774,0.9378,1.1882,1.1298
25,PERP,4.8149,11,APEX1,False,1.0324,1.1413,0.8774,0.9378,1.1882,1.1298
25,PRDX2,2.3286,12,APEX1,False,1.0324,1.1413,0.8774,0.9378,1.1882,1.1298
25,KDM1A,1.1882,13,APEX1,False,1.0324,1.1413,0.8774,0.9378,1.1882,1.1298
26,APEX1,10.3773,1,APEX1,True,1.219,1.1692,1.0806,1.0517,1.0347,0.9062
26,TNFRSF10C,7.1644,2,APEX1,False,1.219,1.1692,1.0806,1.0517,1.0347,0.9062
26,ARID5B,7.1644,2,APEX1,False,1.219,1.1692,1.0806,1.0517,1.0347,0.9062
26,DHFR,6.5798,4,APEX1,False,1.219,1.1692,1.0806,1.0517,1.0347,0.9062
26,BACE1,6.5798,4,APEX1,False,1.219,1.1692,1.0806,1.0517,1.0347,0.9062
26,SEC23B,6.5798,4,APEX1,False,1.219,1.1692,1.0806,1.0517,1.0347,0.9062
26,PADI4,5.9953,7,APEX1,False,1.219,1.1692,1.0806,1.0517,1.0347,0.9062
26,HADHB,5.9953,7,APEX1,False,1.219,1.1692,1.0806,1.0517,1.0347,0.9062
26,RFC4,5.9953,7,APEX1,False,1.219,1.1692,1.0806,1.0517,1.0347,0.9062
26,SF3B3,5.9953,7,APEX1,False,1.219,1.1692,1.0806,1.0517,1.0347,0.9062
26,PERP,5.5421,11,APEX1,False,1.219,1.1692,1.0806,1.0517,1.0347,0.9062
26,PRDX2,3.2218,12,APEX1,False,1.219,1.1692,1.0806,1.0517,1.0347,0.9062
26,KDM1A,1.0347,13,APEX1,False,1.219,1.1692,1.0806,1.0517,1.0347,0.9062
27,APEX1,8.823,1,APEX1,True,0.942,0.9177,1.2182,0.8075,0.9927,0.8444
27,TNFRSF10C,5.5791,2,APEX1,False,0.942,0.9177,1.2182,0.8075,0.9927,0.8444
27,ARID5B,5.5791,2,APEX1,False,0.942,0.9177,1.2182,0.8075,0.9927,0.8444
27,DHFR,5.1203,4,APEX1,False,0.942,0.9177,1.2182,0.8075,0.9927,0.8444
27,BACE1,5.1203,4,APEX1,False,0.942,0.9177,1.2182,0.8075,0.9927,0.8444
27,SEC23B,5.1203,4,APEX1,False,0.942,0.9177,1.2182,0.8075,0.9927,0.8444
27,PADI4,4.6614,7,APEX1,False,0.942,0.9177,1.2182,0.8075,0.9927,0.8444
27,HADHB,4.6614,7,APEX1,False,0.942,0.9177,1.2182,0.8075,0.9927,0.8444
27,RFC4,4.6614,7,APEX1,False,0.942,0.9177,1.2182,0.8075,0.9927,0.8444
27,SF3B3,4.6614,7,APEX1,False,0.942,0.9177,1.2182,0.8075,0.9927,0.8444
27,PERP,4.2392,11,APEX1,False,0.942,0.9177,1.2182,0.8075,0.9927,0.8444
27,PRDX2,2.7288,12,APEX1,False,0.942,0.9177,1.2182,0.8075,0.9927,0.8444
27,KDM1A,0.9927,13,APEX1,False,0.942,0.9177,1.2182,0.8075,0.9927,0.8444
28,APEX1,8.1388,1,APEX1,True,0.8596,0.9001,0.8351,1.1896,0.8698,1.2472
28,TNFRSF10C,5.279,2,APEX1,False,0.8596,0.9001,0.8351,1.1896,0.8698,1.2472
28,ARID5B,5.279,2,APEX1,False,0.8596,0.9001,0.8351,1.1896,0.8698,1.2472
28,DHFR,4.829,4,APEX1,False,0.8596,0.9001,0.8351,1.1896,0.8698,1.2472
28,BACE1,4.829,4,APEX1,False,0.8596,0.9001,0.8351,1.1896,0.8698,1.2472
28,SEC23B,4.829,4,APEX1,False,0.8596,0.9001,0.8351,1.1896,0.8698,1.2472
28,PADI4,4.379,7,APEX1,False,0.8596,0.9001,0.8351,1.1896,0.8698,1.2472
28,HADHB,4.379,7,APEX1,False,0.8596,0.9001,0.8351,1.1896,0.8698,1.2472
28,RFC4,4.379,7,APEX1,False,0.8596,0.9001,0.8351,1.1896,0.8698,1.2472
28,SF3B3,4.379,7,APEX1,False,0.8596,0.9001,0.8351,1.1896,0.8698,1.2472
28,PERP,3.7554,11,APEX1,False,0.8596,0.9001,0.8351,1.1896,0.8698,1.2472
28,PRDX2,1.7369,12,APEX1,False,0.8596,0.9001,0.8351,1.1896,0.8698,1.2472
28,KDM1A,0.8698,13,APEX1,False,0.8596,0.9001,0.8351,1.1896,0.8698,1.2472
29,APEX1,9.8693,1,APEX1,True,1.1323,1.1989,1.0331,0.8096,0.9519,0.9242
29,TNFRSF10C,6.9936,2,APEX1,False,1.1323,1.1989,1.0331,0.8096,0.9519,0.9242
29,ARID5B,6.9936,2,APEX1,False,1.1323,1.1989,1.0331,0.8096,0.9519,0.9242
29,DHFR,6.3942,4,APEX1,False,1.1323,1.1989,1.0331,0.8096,0.9519,0.9242
29,BACE1,6.3942,4,APEX1,False,1.1323,1.1989,1.0331,0.8096,0.9519,0.9242
29,SEC23B,6.3942,4,APEX1,False,1.1323,1.1989,1.0331,0.8096,0.9519,0.9242
29,PADI4,5.7947,7,APEX1,False,1.1323,1.1989,1.0331,0.8096,0.9519,0.9242
29,HADHB,5.7947,7,APEX1,False,1.1323,1.1989,1.0331,0.8096,0.9519,0.9242
29,RFC4,5.7947,7,APEX1,False,1.1323,1.1989,1.0331,0.8096,0.9519,0.9242
29,SF3B3,5.7947,7,APEX1,False,1.1323,1.1989,1.0331,0.8096,0.9519,0.9242
29,PERP,5.3326,11,APEX1,False,1.1323,1.1989,1.0331,0.8096,0.9519,0.9242
29,PRDX2,2.9396,12,APEX1,False,1.1323,1.1989,1.0331,0.8096,0.9519,0.9242
29,KDM1A,0.9519,13,APEX1,False,1.1323,1.1989,1.0331,0.8096,0.9519,0.9242
30,APEX1,8.5146,1,APEX1,True,1.0149,0.9106,0.7801,1.178,1.0157,0.7749
30,TNFRSF10C,5.7764,2,APEX1,False,1.0149,0.9106,0.7801,1.178,1.0157,0.7749
30,ARID5B,5.7764,2,APEX1,False,1.0149,0.9106,0.7801,1.178,1.0157,0.7749
30,DHFR,5.3211,4,APEX1,False,1.0149,0.9106,0.7801,1.178,1.0157,0.7749
30,BACE1,5.3211,4,APEX1,False,1.0149,0.9106,0.7801,1.178,1.0157,0.7749
30,SEC23B,5.3211,4,APEX1,False,1.0149,0.9106,0.7801,1.178,1.0157,0.7749
30,PADI4,4.8658,7,APEX1,False,1.0149,0.9106,0.7801,1.178,1.0157,0.7749
30,HADHB,4.8658,7,APEX1,False,1.0149,0.9106,0.7801,1.178,1.0157,0.7749
30,RFC4,4.8658,7,APEX1,False,1.0149,0.9106,0.7801,1.178,1.0157,0.7749
30,SF3B3,4.8658,7,APEX1,False,1.0149,0.9106,0.7801,1.178,1.0157,0.7749
30,PERP,4.4784,11,APEX1,False,1.0149,0.9106,0.7801,1.178,1.0157,0.7749
30,PRDX2,2.5425,12,APEX1,False,1.0149,0.9106,0.7801,1.178,1.0157,0.7749
30,KDM1A,1.0157,13,APEX1,False,1.0149,0.9106,0.7801,1.178,1.0157,0.7749
31,APEX1,9.6859,1,APEX1,True,1.1905,0.9199,1.1246,1.1055,1.2268,1.1703
31,TNFRSF10C,6.3313,2,APEX1,False,1.1905,0.9199,1.1246,1.1055,1.2268,1.1703
31,ARID5B,6.3313,2,APEX1,False,1.1905,0.9199,1.1246,1.1055,1.2268,1.1703
31,DHFR,5.8713,4,APEX1,False,1.1905,0.9199,1.1246,1.1055,1.2268,1.1703
31,BACE1,5.8713,4,APEX1,False,1.1905,0.9199,1.1246,1.1055,1.2268,1.1703
31,SEC23B,5.8713,4,APEX1,False,1.1905,0.9199,1.1246,1.1055,1.2268,1.1703
31,PADI4,5.4114,7,APEX1,False,1.1905,0.9199,1.1246,1.1055,1.2268,1.1703
31,HADHB,5.4114,7,APEX1,False,1.1905,0.9199,1.1246,1.1055,1.2268,1.1703
31,RFC4,5.4114,7,APEX1,False,1.1905,0.9199,1.1246,1.1055,1.2268,1.1703
31,SF3B3,5.4114,7,APEX1,False,1.1905,0.9199,1.1246,1.1055,1.2268,1.1703
31,PERP,4.8262,11,APEX1,False,1.1905,0.9199,1.1246,1.1055,1.2268,1.1703
31,PRDX2,2.9305,12,APEX1,False,1.1905,0.9199,1.1246,1.1055,1.2268,1.1703
31,KDM1A,1.2268,13,APEX1,False,1.1905,0.9199,1.1246,1.1055,1.2268,1.1703
32,APEX1,8.2326,1,APEX1,True,0.7786,0.9915,1.022,0.8783,1.1652,1.1302
32,TNFRSF10C,5.3103,2,APEX1,False,0.7786,0.9915,1.022,0.8783,1.1652,1.1302
32,ARID5B,5.3103,2,APEX1,False,0.7786,0.9915,1.022,0.8783,1.1652,1.1302
32,DHFR,4.8145,4,APEX1,False,0.7786,0.9915,1.022,0.8783,1.1652,1.1302
32,BACE1,4.8145,4,APEX1,False,0.7786,0.9915,1.022,0.8783,1.1652,1.1302
32,SEC23B,4.8145,4,APEX1,False,0.7786,0.9915,1.022,0.8783,1.1652,1.1302
32,PADI4,4.3188,7,APEX1,False,0.7786,0.9915,1.022,0.8783,1.1652,1.1302
32,HADHB,4.3188,7,APEX1,False,0.7786,0.9915,1.022,0.8783,1.1652,1.1302
32,RFC4,4.3188,7,APEX1,False,0.7786,0.9915,1.022,0.8783,1.1652,1.1302
32,SF3B3,4.3188,7,APEX1,False,0.7786,0.9915,1.022,0.8783,1.1652,1.1302
32,PERP,3.7537,11,APEX1,False,0.7786,0.9915,1.022,0.8783,1.1652,1.1302
32,PRDX2,1.8383,12,APEX1,False,0.7786,0.9915,1.022,0.8783,1.1652,1.1302
32,KDM1A,1.1652,13,APEX1,False,0.7786,0.9915,1.022,0.8783,1.1652,1.1302
33,APEX1,8.4925,1,APEX1,True,1.1047,0.8353,0.8814,0.9098,1.0361,0.7728
33,TNFRSF10C,5.8198,2,APEX1,False,1.1047,0.8353,0.8814,0.9098,1.0361,0.7728
33,ARID5B,5.8198,2,APEX1,False,1.1047,0.8353,0.8814,0.9098,1.0361,0.7728
33,DHFR,5.4022,4,APEX1,False,1.1047,0.8353,0.8814,0.9098,1.0361,0.7728
33,BACE1,5.4022,4,APEX1,False,1.1047,0.8353,0.8814,0.9098,1.0361,0.7728
33,SEC23B,5.4022,4,APEX1,False,1.1047,0.8353,0.8814,0.9098,1.0361,0.7728
33,PADI4,4.9846,7,APEX1,False,1.1047,0.8353,0.8814,0.9098,1.0361,0.7728
33,HADHB,4.9846,7,APEX1,False,1.1047,0.8353,0.8814,0.9098,1.0361,0.7728
33,RFC4,4.9846,7,APEX1,False,1.1047,0.8353,0.8814,0.9098,1.0361,0.7728
33,SF3B3,4.9846,7,APEX1,False,1.1047,0.8353,0.8814,0.9098,1.0361,0.7728
33,PERP,4.5982,11,APEX1,False,1.1047,0.8353,0.8814,0.9098,1.0361,0.7728
33,PRDX2,2.8703,12,APEX1,False,1.1047,0.8353,0.8814,0.9098,1.0361,0.7728
33,KDM1A,1.0361,13,APEX1,False,1.1047,0.8353,0.8814,0.9098,1.0361,0.7728
34,APEX1,9.3395,1,APEX1,True,0.7822,1.1525,1.2435,1.0484,1.1901,1.2243
34,TNFRSF10C,5.8041,2,APEX1,False,0.7822,1.1525,1.2435,1.0484,1.1901,1.2243
34,ARID5B,5.8041,2,APEX1,False,0.7822,1.1525,1.2435,1.0484,1.1901,1.2243
34,DHFR,5.2278,4,APEX1,False,0.7822,1.1525,1.2435,1.0484,1.1901,1.2243
34,BACE1,5.2278,4,APEX1,False,0.7822,1.1525,1.2435,1.0484,1.1901,1.2243
34,SEC23B,5.2278,4,APEX1,False,0.7822,1.1525,1.2435,1.0484,1.1901,1.2243
34,PADI4,4.6516,7,APEX1,False,0.7822,1.1525,1.2435,1.0484,1.1901,1.2243
34,HADHB,4.6516,7,APEX1,False,0.7822,1.1525,1.2435,1.0484,1.1901,1.2243
34,RFC4,4.6516,7,APEX1,False,0.7822,1.1525,1.2435,1.0484,1.1901,1.2243
34,SF3B3,4.6516,7,APEX1,False,0.7822,1.1525,1.2435,1.0484,1.1901,1.2243
34,PERP,4.0394,11,APEX1,False,0.7822,1.1525,1.2435,1.0484,1.1901,1.2243
34,PRDX2,1.9746,12,APEX1,False,0.7822,1.1525,1.2435,1.0484,1.1901,1.2243
34,KDM1A,1.1901,13,APEX1,False,0.7822,1.1525,1.2435,1.0484,1.1901,1.2243
35,APEX1,9.2815,1,APEX1,True,0.7864,1.2012,1.2027,0.913,0.982,0.9939
35,TNFRSF10C,5.963,2,APEX1,False,0.7864,1.2012,1.2027,0.913,0.982,0.9939
35,ARID5B,5.963,2,APEX1,False,0.7864,1.2012,1.2027,0.913,0.982,0.9939
35,DHFR,5.3624,4,APEX1,False,0.7864,1.2012,1.2027,0.913,0.982,0.9939
35,BACE1,5.3624,4,APEX1,False,0.7864,1.2012,1.2027,0.913,0.982,0.9939
35,SEC23B,5.3624,4,APEX1,False,0.7864,1.2012,1.2027,0.913,0.982,0.9939
35,PADI4,4.7618,7,APEX1,False,0.7864,1.2012,1.2027,0.913,0.982,0.9939
35,HADHB,4.7618,7,APEX1,False,0.7864,1.2012,1.2027,0.913,0.982,0.9939
35,RFC4,4.7618,7,APEX1,False,0.7864,1.2012,1.2027,0.913,0.982,0.9939
35,SF3B3,4.7618,7,APEX1,False,0.7864,1.2012,1.2027,0.913,0.982,0.9939
35,PERP,4.2648,11,APEX1,False,0.7864,1.2012,1.2027,0.913,0.982,0.9939
35,PRDX2,2.1749,12,APEX1,False,0.7864,1.2012,1.2027,0.913,0.982,0.9939
35,KDM1A,0.982,13,APEX1,False,0.7864,1.2012,1.2027,0.913,0.982,0.9939
36,APEX1,8.8469,1,APEX1,True,1.0104,1.1438,0.7789,0.8263,0.7646,0.7778
36,TNFRSF10C,6.4627,2,APEX1,False,1.0104,1.1438,0.7789,0.8263,0.7646,0.7778
36,ARID5B,6.4627,2,APEX1,False,1.0104,1.1438,0.7789,0.8263,0.7646,0.7778
36,DHFR,5.8908,4,APEX1,False,1.0104,1.1438,0.7789,0.8263,0.7646,0.7778
36,BACE1,5.8908,4,APEX1,False,1.0104,1.1438,0.7789,0.8263,0.7646,0.7778
36,SEC23B,5.8908,4,APEX1,False,1.0104,1.1438,0.7789,0.8263,0.7646,0.7778
36,PADI4,5.3189,7,APEX1,False,1.0104,1.1438,0.7789,0.8263,0.7646,0.7778
36,HADHB,5.3189,7,APEX1,False,1.0104,1.1438,0.7789,0.8263,0.7646,0.7778
36,RFC4,5.3189,7,APEX1,False,1.0104,1.1438,0.7789,0.8263,0.7646,0.7778
36,SF3B3,5.3189,7,APEX1,False,1.0104,1.1438,0.7789,0.8263,0.7646,0.7778
36,PERP,4.93,11,APEX1,False,1.0104,1.1438,0.7789,0.8263,0.7646,0.7778
36,PRDX2,2.5272,12,APEX1,False,1.0104,1.1438,0.7789,0.8263,0.7646,0.7778
36,KDM1A,0.7646,13,APEX1,False,1.0104,1.1438,0.7789,0.8263,0.7646,0.7778
37,APEX1,9.7829,1,APEX1,True,1.2399,0.9759,0.9718,1.1919,0.8359,1.0198
37,TNFRSF10C,6.6475,2,APEX1,False,1.2399,0.9759,0.9718,1.1919,0.8359,1.0198
37,ARID5B,6.6475,2,APEX1,False,1.2399,0.9759,0.9718,1.1919,0.8359,1.0198
37,DHFR,6.1595,4,APEX1,False,1.2399,0.9759,0.9718,1.1919,0.8359,1.0198
37,BACE1,6.1595,4,APEX1,False,1.2399,0.9759,0.9718,1.1919,0.8359,1.0198
37,SEC23B,6.1595,4,APEX1,False,1.2399,0.9759,0.9718,1.1919,0.8359,1.0198
37,PADI4,5.6716,7,APEX1,False,1.2399,0.9759,0.9718,1.1919,0.8359,1.0198
37,HADHB,5.6716,7,APEX1,False,1.2399,0.9759,0.9718,1.1919,0.8359,1.0198
37,RFC4,5.6716,7,APEX1,False,1.2399,0.9759,0.9718,1.1919,0.8359,1.0198
37,SF3B3,5.6716,7,APEX1,False,1.2399,0.9759,0.9718,1.1919,0.8359,1.0198
37,PERP,5.1617,11,APEX1,False,1.2399,0.9759,0.9718,1.1919,0.8359,1.0198
37,PRDX2,3.0517,12,APEX1,False,1.2399,0.9759,0.9718,1.1919,0.8359,1.0198
37,KDM1A,0.8359,13,APEX1,False,1.2399,0.9759,0.9718,1.1919,0.8359,1.0198
38,APEX1,9.3093,1,APEX1,True,0.9562,1.2071,0.8658,1.0879,1.1959,0.8596
38,TNFRSF10C,6.4898,2,APEX1,False,0.9562,1.2071,0.8658,1.0879,1.1959,0.8596
38,ARID5B,6.4898,2,APEX1,False,0.9562,1.2071,0.8658,1.0879,1.1959,0.8596
38,DHFR,5.8862,4,APEX1,False,0.9562,1.2071,0.8658,1.0879,1.1959,0.8596
38,BACE1,5.8862,4,APEX1,False,0.9562,1.2071,0.8658,1.0879,1.1959,0.8596
38,SEC23B,5.8862,4,APEX1,False,0.9562,1.2071,0.8658,1.0879,1.1959,0.8596
38,PADI4,5.2827,7,APEX1,False,0.9562,1.2071,0.8658,1.0879,1.1959,0.8596
38,HADHB,5.2827,7,APEX1,False,0.9562,1.2071,0.8658,1.0879,1.1959,0.8596
38,RFC4,5.2827,7,APEX1,False,0.9562,1.2071,0.8658,1.0879,1.1959,0.8596
38,SF3B3,5.2827,7,APEX1,False,0.9562,1.2071,0.8658,1.0879,1.1959,0.8596
38,PERP,4.8529,11,APEX1,False,0.9562,1.2071,0.8658,1.0879,1.1959,0.8596
38,PRDX2,2.3966,12,APEX1,False,0.9562,1.2071,0.8658,1.0879,1.1959,0.8596
38,KDM1A,1.1959,13,APEX1,False,0.9562,1.2071,0.8658,1.0879,1.1959,0.8596
39,APEX1,9.5268,1,APEX1,True,0.8168,1.1978,1.2097,1.0636,1.2319,0.8074
39,TNFRSF10C,6.0438,2,APEX1,False,0.8168,1.1978,1.2097,1.0636,1.2319,0.8074
39,ARID5B,6.0438,2,APEX1,False,0.8168,1.1978,1.2097,1.0636,1.2319,0.8074
39,DHFR,5.4449,4,APEX1,False,0.8168,1.1978,1.2097,1.0636,1.2319,0.8074
39,BACE1,5.4449,4,APEX1,False,0.8168,1.1978,1.2097,1.0636,1.2319,0.8074
39,SEC23B,5.4449,4,APEX1,False,0.8168,1.1978,1.2097,1.0636,1.2319,0.8074
39,PADI4,4.846,7,APEX1,False,0.8168,1.1978,1.2097,1.0636,1.2319,0.8074
39,HADHB,4.846,7,APEX1,False,0.8168,1.1978,1.2097,1.0636,1.2319,0.8074
39,RFC4,4.846,7,APEX1,False,0.8168,1.1978,1.2097,1.0636,1.2319,0.8074
39,SF3B3,4.846,7,APEX1,False,0.8168,1.1978,1.2097,1.0636,1.2319,0.8074
39,PERP,4.4423,11,APEX1,False,0.8168,1.1978,1.2097,1.0636,1.2319,0.8074
39,PRDX2,2.4443,12,APEX1,False,0.8168,1.1978,1.2097,1.0636,1.2319,0.8074
39,KDM1A,1.2319,13,APEX1,False,0.8168,1.1978,1.2097,1.0636,1.2319,0.8074
40,APEX1,8.5507,1,APEX1,True,0.8752,1.0022,1.0155,0.8872,0.8161,0.9277
40,TNFRSF10C,5.6324,2,APEX1,False,0.8752,1.0022,1.0155,0.8872,0.8161,0.9277
40,ARID5B,5.6324,2,APEX1,False,0.8752,1.0022,1.0155,0.8872,0.8161,0.9277
40,DHFR,5.1313,4,APEX1,False,0.8752,1.0022,1.0155,0.8872,0.8161,0.9277
40,BACE1,5.1313,4,APEX1,False,0.8752,1.0022,1.0155,0.8872,0.8161,0.9277
40,SEC23B,5.1313,4,APEX1,False,0.8752,1.0022,1.0155,0.8872,0.8161,0.9277
40,PADI4,4.6301,7,APEX1,False,0.8752,1.0022,1.0155,0.8872,0.8161,0.9277
40,HADHB,4.6301,7,APEX1,False,0.8752,1.0022,1.0155,0.8872,0.8161,0.9277
40,RFC4,4.6301,7,APEX1,False,0.8752,1.0022,1.0155,0.8872,0.8161,0.9277
40,SF3B3,4.6301,7,APEX1,False,0.8752,1.0022,1.0155,0.8872,0.8161,0.9277
40,PERP,4.1663,11,APEX1,False,0.8752,1.0022,1.0155,0.8872,0.8161,0.9277
40,PRDX2,2.2759,12,APEX1,False,0.8752,1.0022,1.0155,0.8872,0.8161,0.9277
40,KDM1A,0.8161,13,APEX1,False,0.8752,1.0022,1.0155,0.8872,0.8161,0.9277
41,APEX1,8.592,1,APEX1,True,0.9531,0.8468,0.9816,1.2292,0.9973,0.8764
41,TNFRSF10C,5.3997,2,APEX1,False,0.9531,0.8468,0.9816,1.2292,0.9973,0.8764
41,ARID5B,5.3997,2,APEX1,False,0.9531,0.8468,0.9816,1.2292,0.9973,0.8764
41,DHFR,4.9763,4,APEX1,False,0.9531,0.8468,0.9816,1.2292,0.9973,0.8764
41,BACE1,4.9763,4,APEX1,False,0.9531,0.8468,0.9816,1.2292,0.9973,0.8764
41,SEC23B,4.9763,4,APEX1,False,0.9531,0.8468,0.9816,1.2292,0.9973,0.8764
41,PADI4,4.5529,7,APEX1,False,0.9531,0.8468,0.9816,1.2292,0.9973,0.8764
41,HADHB,4.5529,7,APEX1,False,0.9531,0.8468,0.9816,1.2292,0.9973,0.8764
41,RFC4,4.5529,7,APEX1,False,0.9531,0.8468,0.9816,1.2292,0.9973,0.8764
41,SF3B3,4.5529,7,APEX1,False,0.9531,0.8468,0.9816,1.2292,0.9973,0.8764
41,PERP,4.1147,11,APEX1,False,0.9531,0.8468,0.9816,1.2292,0.9973,0.8764
41,PRDX2,2.488,12,APEX1,False,0.9531,0.8468,0.9816,1.2292,0.9973,0.8764
41,KDM1A,0.9973,13,APEX1,False,0.9531,0.8468,0.9816,1.2292,0.9973,0.8764
42,APEX1,9.7277,1,APEX1,True,1.2387,0.9316,1.1219,0.9732,0.9602,0.9539
42,TNFRSF10C,6.5107,2,APEX1,False,1.2387,0.9316,1.1219,0.9732,0.9602,0.9539
42,ARID5B,6.5107,2,APEX1,False,1.2387,0.9316,1.1219,0.9732,0.9602,0.9539
42,DHFR,6.0449,4,APEX1,False,1.2387,0.9316,1.1219,0.9732,0.9602,0.9539
42,BACE1,6.0449,4,APEX1,False,1.2387,0.9316,1.1219,0.9732,0.9602,0.9539
42,SEC23B,6.0449,4,APEX1,False,1.2387,0.9316,1.1219,0.9732,0.9602,0.9539
42,PADI4,5.5791,7,APEX1,False,1.2387,0.9316,1.1219,0.9732,0.9602,0.9539
42,HADHB,5.5791,7,APEX1,False,1.2387,0.9316,1.1219,0.9732,0.9602,0.9539
42,RFC4,5.5791,7,APEX1,False,1.2387,0.9316,1.1219,0.9732,0.9602,0.9539
42,SF3B3,5.5791,7,APEX1,False,1.2387,0.9316,1.1219,0.9732,0.9602,0.9539
42,PERP,5.1021,11,APEX1,False,1.2387,0.9316,1.1219,0.9732,0.9602,0.9539
42,PRDX2,3.2646,12,APEX1,False,1.2387,0.9316,1.1219,0.9732,0.9602,0.9539
42,KDM1A,0.9602,13,APEX1,False,1.2387,0.9316,1.1219,0.9732,0.9602,0.9539
43,APEX1,9.6714,1,APEX1,True,1.0946,1.1423,1.0779,0.8052,0.9015,1.0886
43,TNFRSF10C,6.7105,2,APEX1,False,1.0946,1.1423,1.0779,0.8052,0.9015,1.0886
43,ARID5B,6.7105,2,APEX1,False,1.0946,1.1423,1.0779,0.8052,0.9015,1.0886
43,DHFR,6.1393,4,APEX1,False,1.0946,1.1423,1.0779,0.8052,0.9015,1.0886
43,BACE1,6.1393,4,APEX1,False,1.0946,1.1423,1.0779,0.8052,0.9015,1.0886
43,SEC23B,6.1393,4,APEX1,False,1.0946,1.1423,1.0779,0.8052,0.9015,1.0886
43,PADI4,5.5682,7,APEX1,False,1.0946,1.1423,1.0779,0.8052,0.9015,1.0886
43,HADHB,5.5682,7,APEX1,False,1.0946,1.1423,1.0779,0.8052,0.9015,1.0886
43,RFC4,5.5682,7,APEX1,False,1.0946,1.1423,1.0779,0.8052,0.9015,1.0886
43,SF3B3,5.5682,7,APEX1,False,1.0946,1.1423,1.0779,0.8052,0.9015,1.0886
43,PERP,5.0239,11,APEX1,False,1.0946,1.1423,1.0779,0.8052,0.9015,1.0886
43,PRDX2,2.7257,12,APEX1,False,1.0946,1.1423,1.0779,0.8052,0.9015,1.0886
43,KDM1A,0.9015,13,APEX1,False,1.0946,1.1423,1.0779,0.8052,0.9015,1.0886
44,APEX1,8.0761,1,APEX1,True,0.8106,0.8407,1.0821,0.9579,1.0667,0.8052
44,TNFRSF10C,4.954,2,APEX1,False,0.8106,0.8407,1.0821,0.9579,1.0667,0.8052
44,ARID5B,4.954,2,APEX1,False,0.8106,0.8407,1.0821,0.9579,1.0667,0.8052
44,DHFR,4.5337,4,APEX1,False,0.8106,0.8407,1.0821,0.9579,1.0667,0.8052
44,BACE1,4.5337,4,APEX1,False,0.8106,0.8407,1.0821,0.9579,1.0667,0.8052
44,SEC23B,4.5337,4,APEX1,False,0.8106,0.8407,1.0821,0.9579,1.0667,0.8052
44,PADI4,4.1133,7,APEX1,False,0.8106,0.8407,1.0821,0.9579,1.0667,0.8052
44,HADHB,4.1133,7,APEX1,False,0.8106,0.8407,1.0821,0.9579,1.0667,0.8052
44,RFC4,4.1133,7,APEX1,False,0.8106,0.8407,1.0821,0.9579,1.0667,0.8052
44,SF3B3,4.1133,7,APEX1,False,0.8106,0.8407,1.0821,0.9579,1.0667,0.8052
44,PERP,3.7107,11,APEX1,False,0.8106,0.8407,1.0821,0.9579,1.0667,0.8052
44,PRDX2,2.3034,12,APEX1,False,0.8106,0.8407,1.0821,0.9579,1.0667,0.8052
44,KDM1A,1.0667,13,APEX1,False,0.8106,0.8407,1.0821,0.9579,1.0667,0.8052
45,APEX1,7.8188,1,APEX1,True,1.0107,0.7911,0.7715,0.8705,0.9629,1.2302
45,TNFRSF10C,5.4053,2,APEX1,False,1.0107,0.7911,0.7715,0.8705,0.9629,1.2302
45,ARID5B,5.4053,2,APEX1,False,1.0107,0.7911,0.7715,0.8705,0.9629,1.2302
45,DHFR,5.0098,4,APEX1,False,1.0107,0.7911,0.7715,0.8705,0.9629,1.2302
45,BACE1,5.0098,4,APEX1,False,1.0107,0.7911,0.7715,0.8705,0.9629,1.2302
45,SEC23B,5.0098,4,APEX1,False,1.0107,0.7911,0.7715,0.8705,0.9629,1.2302
45,PADI4,4.6142,7,APEX1,False,1.0107,0.7911,0.7715,0.8705,0.9629,1.2302
45,HADHB,4.6142,7,APEX1,False,1.0107,0.7911,0.7715,0.8705,0.9629,1.2302
45,RFC4,4.6142,7,APEX1,False,1.0107,0.7911,0.7715,0.8705,0.9629,1.2302
45,SF3B3,4.6142,7,APEX1,False,1.0107,0.7911,0.7715,0.8705,0.9629,1.2302
45,PERP,3.9992,11,APEX1,False,1.0107,0.7911,0.7715,0.8705,0.9629,1.2302
45,PRDX2,2.068,12,APEX1,False,1.0107,0.7911,0.7715,0.8705,0.9629,1.2302
45,KDM1A,0.9629,13,APEX1,False,1.0107,0.7911,0.7715,0.8705,0.9629,1.2302
46,APEX1,9.5656,1,APEX1,True,1.0009,1.1291,1.2015,0.7727,1.1037,1.0357
46,TNFRSF10C,6.3899,2,APEX1,False,1.0009,1.1291,1.2015,0.7727,1.1037,1.0357
46,ARID5B,6.3899,2,APEX1,False,1.0009,1.1291,1.2015,0.7727,1.1037,1.0357
46,DHFR,5.8254,4,APEX1,False,1.0009,1.1291,1.2015,0.7727,1.1037,1.0357
46,BACE1,5.8254,4,APEX1,False,1.0009,1.1291,1.2015,0.7727,1.1037,1.0357
46,SEC23B,5.8254,4,APEX1,False,1.0009,1.1291,1.2015,0.7727,1.1037,1.0357
46,PADI4,5.2608,7,APEX1,False,1.0009,1.1291,1.2015,0.7727,1.1037,1.0357
46,HADHB,5.2608,7,APEX1,False,1.0009,1.1291,1.2015,0.7727,1.1037,1.0357
46,RFC4,5.2608,7,APEX1,False,1.0009,1.1291,1.2015,0.7727,1.1037,1.0357
46,SF3B3,5.2608,7,APEX1,False,1.0009,1.1291,1.2015,0.7727,1.1037,1.0357
46,PERP,4.743,11,APEX1,False,1.0009,1.1291,1.2015,0.7727,1.1037,1.0357
46,PRDX2,2.668,12,APEX1,False,1.0009,1.1291,1.2015,0.7727,1.1037,1.0357
46,KDM1A,1.1037,13,APEX1,False,1.0009,1.1291,1.2015,0.7727,1.1037,1.0357
47,APEX1,9.8977,1,APEX1,True,1.2365,1.1115,0.8905,1.0728,1.0697,0.885
47,TNFRSF10C,7.044,2,APEX1,False,1.2365,1.1115,0.8905,1.0728,1.0697,0.885
47,ARID5B,7.044,2,APEX1,False,1.2365,1.1115,0.8905,1.0728,1.0697,0.885
47,DHFR,6.4883,4,APEX1,False,1.2365,1.1115,0.8905,1.0728,1.0697,0.885
47,BACE1,6.4883,4,APEX1,False,1.2365,1.1115,0.8905,1.0728,1.0697,0.885
47,SEC23B,6.4883,4,APEX1,False,1.2365,1.1115,0.8905,1.0728,1.0697,0.885
47,PADI4,5.9325,7,APEX1,False,1.2365,1.1115,0.8905,1.0728,1.0697,0.885
47,HADHB,5.9325,7,APEX1,False,1.2365,1.1115,0.8905,1.0728,1.0697,0.885
47,RFC4,5.9325,7,APEX1,False,1.2365,1.1115,0.8905,1.0728,1.0697,0.885
47,SF3B3,5.9325,7,APEX1,False,1.2365,1.1115,0.8905,1.0728,1.0697,0.885
47,PERP,5.49,11,APEX1,False,1.2365,1.1115,0.8905,1.0728,1.0697,0.885
47,PRDX2,3.0967,12,APEX1,False,1.2365,1.1115,0.8905,1.0728,1.0697,0.885
47,KDM1A,1.0697,13,APEX1,False,1.2365,1.1115,0.8905,1.0728,1.0697,0.885
48,APEX1,8.732,1,APEX1,True,0.7901,0.998,1.0796,1.2085,1.1083,1.079
48,TNFRSF10C,5.3643,2,APEX1,False,0.7901,0.998,1.0796,1.2085,1.1083,1.079
48,ARID5B,5.3643,2,APEX1,False,0.7901,0.998,1.0796,1.2085,1.1083,1.079
48,DHFR,4.8653,4,APEX1,False,0.7901,0.998,1.0796,1.2085,1.1083,1.079
48,BACE1,4.8653,4,APEX1,False,0.7901,0.998,1.0796,1.2085,1.1083,1.079
48,SEC23B,4.8653,4,APEX1,False,0.7901,0.998,1.0796,1.2085,1.1083,1.079
48,PADI4,4.3663,7,APEX1,False,0.7901,0.998,1.0796,1.2085,1.1083,1.079
48,HADHB,4.3663,7,APEX1,False,0.7901,0.998,1.0796,1.2085,1.1083,1.079
48,RFC4,4.3663,7,APEX1,False,0.7901,0.998,1.0796,1.2085,1.1083,1.079
48,SF3B3,4.3663,7,APEX1,False,0.7901,0.998,1.0796,1.2085,1.1083,1.079
48,PERP,3.8268,11,APEX1,False,0.7901,0.998,1.0796,1.2085,1.1083,1.079
48,PRDX2,1.9759,12,APEX1,False,0.7901,0.998,1.0796,1.2085,1.1083,1.079
48,KDM1A,1.1083,13,APEX1,False,0.7901,0.998,1.0796,1.2085,1.1083,1.079
49,APEX1,9.3732,1,APEX1,True,0.851,1.0498,1.2423,1.1863,0.942,0.7994
49,TNFRSF10C,5.7024,2,APEX1,False,0.851,1.0498,1.2423,1.1863,0.942,0.7994
49,ARID5B,5.7024,2,APEX1,False,0.851,1.0498,1.2423,1.1863,0.942,0.7994
49,DHFR,5.1775,4,APEX1,False,0.851,1.0498,1.2423,1.1863,0.942,0.7994
49,BACE1,5.1775,4,APEX1,False,0.851,1.0498,1.2423,1.1863,0.942,0.7994
49,SEC23B,5.1775,4,APEX1,False,0.851,1.0498,1.2423,1.1863,0.942,0.7994
49,PADI4,4.6526,7,APEX1,False,0.851,1.0498,1.2423,1.1863,0.942,0.7994
49,HADHB,4.6526,7,APEX1,False,0.851,1.0498,1.2423,1.1863,0.942,0.7994
49,RFC4,4.6526,7,APEX1,False,0.851,1.0498,1.2423,1.1863,0.942,0.7994
49,SF3B3,4.6526,7,APEX1,False,0.851,1.0498,1.2423,1.1863,0.942,0.7994
49,PERP,4.2529,11,APEX1,False,0.851,1.0498,1.2423,1.1863,0.942,0.7994
49,PRDX2,2.5704,12,APEX1,False,0.851,1.0498,1.2423,1.1863,0.942,0.7994
49,KDM1A,0.942,13,APEX1,False,0.851,1.0498,1.2423,1.1863,0.942,0.7994
50,APEX1,9.0622,1,APEX1,True,1.0523,0.9698,1.0208,0.9544,1.1114,1.215
50,TNFRSF10C,6.0662,2,APEX1,False,1.0523,0.9698,1.0208,0.9544,1.1114,1.215
50,ARID5B,6.0662,2,APEX1,False,1.0523,0.9698,1.0208,0.9544,1.1114,1.215
50,DHFR,5.5813,4,APEX1,False,1.0523,0.9698,1.0208,0.9544,1.1114,1.215
50,BACE1,5.5813,4,APEX1,False,1.0523,0.9698,1.0208,0.9544,1.1114,1.215
50,SEC23B,5.5813,4,APEX1,False,1.0523,0.9698,1.0208,0.9544,1.1114,1.215
50,PADI4,5.0964,7,APEX1,False,1.0523,0.9698,1.0208,0.9544,1.1114,1.215
50,HADHB,5.0964,7,APEX1,False,1.0523,0.9698,1.0208,0.9544,1.1114,1.215
50,RFC4,5.0964,7,APEX1,False,1.0523,0.9698,1.0208,0.9544,1.1114,1.215
50,SF3B3,5.0964,7,APEX1,False,1.0523,0.9698,1.0208,0.9544,1.1114,1.215
50,PERP,4.4889,11,APEX1,False,1.0523,0.9698,1.0208,0.9544,1.1114,1.215
50,PRDX2,2.4365,12,APEX1,False,1.0523,0.9698,1.0208,0.9544,1.1114,1.215
50,KDM1A,1.1114,13,APEX1,False,1.0523,0.9698,1.0208,0.9544,1.1114,1.215
51,APEX1,8.3747,1,APEX1,True,1.0541,0.9267,0.7962,0.8399,0.7962,0.7972
51,TNFRSF10C,5.9424,2,APEX1,False,1.0541,0.9267,0.7962,0.8399,0.7962,0.7972
51,ARID5B,5.9424,2,APEX1,False,1.0541,0.9267,0.7962,0.8399,0.7962,0.7972
51,DHFR,5.4791,4,APEX1,False,1.0541,0.9267,0.7962,0.8399,0.7962,0.7972
51,BACE1,5.4791,4,APEX1,False,1.0541,0.9267,0.7962,0.8399,0.7962,0.7972
51,SEC23B,5.4791,4,APEX1,False,1.0541,0.9267,0.7962,0.8399,0.7962,0.7972
51,PADI4,5.0157,7,APEX1,False,1.0541,0.9267,0.7962,0.8399,0.7962,0.7972
51,HADHB,5.0157,7,APEX1,False,1.0541,0.9267,0.7962,0.8399,0.7962,0.7972
51,RFC4,5.0157,7,APEX1,False,1.0541,0.9267,0.7962,0.8399,0.7962,0.7972
51,SF3B3,5.0157,7,APEX1,False,1.0541,0.9267,0.7962,0.8399,0.7962,0.7972
51,PERP,4.6171,11,APEX1,False,1.0541,0.9267,0.7962,0.8399,0.7962,0.7972
51,PRDX2,2.6342,12,APEX1,False,1.0541,0.9267,0.7962,0.8399,0.7962,0.7972
51,KDM1A,0.7962,13,APEX1,False,1.0541,0.9267,0.7962,0.8399,0.7962,0.7972
52,APEX1,9.3669,1,APEX1,True,1.1988,1.0473,0.8886,0.8514,0.8859,0.8283
52,TNFRSF10C,6.7383,2,APEX1,False,1.1988,1.0473,0.8886,0.8514,0.8859,0.8283
52,ARID5B,6.7383,2,APEX1,False,1.1988,1.0473,0.8886,0.8514,0.8859,0.8283
52,DHFR,6.2147,4,APEX1,False,1.1988,1.0473,0.8886,0.8514,0.8859,0.8283
52,BACE1,6.2147,4,APEX1,False,1.1988,1.0473,0.8886,0.8514,0.8859,0.8283
52,SEC23B,6.2147,4,APEX1,False,1.1988,1.0473,0.8886,0.8514,0.8859,0.8283
52,PADI4,5.691,7,APEX1,False,1.1988,1.0473,0.8886,0.8514,0.8859,0.8283
52,HADHB,5.691,7,APEX1,False,1.1988,1.0473,0.8886,0.8514,0.8859,0.8283
52,RFC4,5.691,7,APEX1,False,1.1988,1.0473,0.8886,0.8514,0.8859,0.8283
52,SF3B3,5.691,7,APEX1,False,1.1988,1.0473,0.8886,0.8514,0.8859,0.8283
52,PERP,5.2768,11,APEX1,False,1.1988,1.0473,0.8886,0.8514,0.8859,0.8283
52,PRDX2,3.0572,12,APEX1,False,1.1988,1.0473,0.8886,0.8514,0.8859,0.8283
52,KDM1A,0.8859,13,APEX1,False,1.1988,1.0473,0.8886,0.8514,0.8859,0.8283
53,APEX1,9.2395,1,APEX1,True,1.0722,0.9965,1.0729,0.8877,0.759,0.8031
53,TNFRSF10C,6.2059,2,APEX1,False,1.0722,0.9965,1.0729,0.8877,0.759,0.8031
53,ARID5B,6.2059,2,APEX1,False,1.0722,0.9965,1.0729,0.8877,0.759,0.8031
53,DHFR,5.7076,4,APEX1,False,1.0722,0.9965,1.0729,0.8877,0.759,0.8031
53,BACE1,5.7076,4,APEX1,False,1.0722,0.9965,1.0729,0.8877,0.759,0.8031
53,SEC23B,5.7076,4,APEX1,False,1.0722,0.9965,1.0729,0.8877,0.759,0.8031
53,PADI4,5.2094,7,APEX1,False,1.0722,0.9965,1.0729,0.8877,0.759,0.8031
53,HADHB,5.2094,7,APEX1,False,1.0722,0.9965,1.0729,0.8877,0.759,0.8031
53,RFC4,5.2094,7,APEX1,False,1.0722,0.9965,1.0729,0.8877,0.759,0.8031
53,SF3B3,5.2094,7,APEX1,False,1.0722,0.9965,1.0729,0.8877,0.759,0.8031
53,PERP,4.8079,11,APEX1,False,1.0722,0.9965,1.0729,0.8877,0.759,0.8031
53,PRDX2,2.9502,12,APEX1,False,1.0722,0.9965,1.0729,0.8877,0.759,0.8031
53,KDM1A,0.759,13,APEX1,False,1.0722,0.9965,1.0729,0.8877,0.759,0.8031
54,APEX1,8.8947,1,APEX1,True,0.7727,1.0879,1.2038,0.9054,0.9917,0.9703
54,TNFRSF10C,5.5817,2,APEX1,False,0.7727,1.0879,1.2038,0.9054,0.9917,0.9703
54,ARID5B,5.5817,2,APEX1,False,0.7727,1.0879,1.2038,0.9054,0.9917,0.9703
54,DHFR,5.0378,4,APEX1,False,0.7727,1.0879,1.2038,0.9054,0.9917,0.9703
54,BACE1,5.0378,4,APEX1,False,0.7727,1.0879,1.2038,0.9054,0.9917,0.9703
54,SEC23B,5.0378,4,APEX1,False,0.7727,1.0879,1.2038,0.9054,0.9917,0.9703
54,PADI4,4.4938,7,APEX1,False,0.7727,1.0879,1.2038,0.9054,0.9917,0.9703
54,HADHB,4.4938,7,APEX1,False,0.7727,1.0879,1.2038,0.9054,0.9917,0.9703
54,RFC4,4.4938,7,APEX1,False,0.7727,1.0879,1.2038,0.9054,0.9917,0.9703
54,SF3B3,4.4938,7,APEX1,False,0.7727,1.0879,1.2038,0.9054,0.9917,0.9703
54,PERP,4.0087,11,APEX1,False,0.7727,1.0879,1.2038,0.9054,0.9917,0.9703
54,PRDX2,2.1652,12,APEX1,False,0.7727,1.0879,1.2038,0.9054,0.9917,0.9703
54,KDM1A,0.9917,13,APEX1,False,0.7727,1.0879,1.2038,0.9054,0.9917,0.9703
55,APEX1,8.5593,1,APEX1,True,0.9753,1.0088,0.8184,0.9701,1.1976,0.9386
55,TNFRSF10C,5.9523,2,APEX1,False,0.9753,1.0088,0.8184,0.9701,1.1976,0.9386
55,ARID5B,5.9523,2,APEX1,False,0.9753,1.0088,0.8184,0.9701,1.1976,0.9386
55,DHFR,5.4479,4,APEX1,False,0.9753,1.0088,0.8184,0.9701,1.1976,0.9386
55,BACE1,5.4479,4,APEX1,False,0.9753,1.0088,0.8184,0.9701,1.1976,0.9386
55,SEC23B,5.4479,4,APEX1,False,0.9753,1.0088,0.8184,0.9701,1.1976,0.9386
55,PADI4,4.9435,7,APEX1,False,0.9753,1.0088,0.8184,0.9701,1.1976,0.9386
55,HADHB,4.9435,7,APEX1,False,0.9753,1.0088,0.8184,0.9701,1.1976,0.9386
55,RFC4,4.9435,7,APEX1,False,0.9753,1.0088,0.8184,0.9701,1.1976,0.9386
55,SF3B3,4.9435,7,APEX1,False,0.9753,1.0088,0.8184,0.9701,1.1976,0.9386
55,PERP,4.4742,11,APEX1,False,0.9753,1.0088,0.8184,0.9701,1.1976,0.9386
55,PRDX2,2.318,12,APEX1,False,0.9753,1.0088,0.8184,0.9701,1.1976,0.9386
55,KDM1A,1.1976,13,APEX1,False,0.9753,1.0088,0.8184,0.9701,1.1976,0.9386
56,APEX1,9.1817,1,APEX1,True,1.0942,0.7735,1.1899,1.1987,0.9784,0.9373
56,TNFRSF10C,5.6031,2,APEX1,False,1.0942,0.7735,1.1899,1.1987,0.9784,0.9373
56,ARID5B,5.6031,2,APEX1,False,1.0942,0.7735,1.1899,1.1987,0.9784,0.9373
56,DHFR,5.2164,4,APEX1,False,1.0942,0.7735,1.1899,1.1987,0.9784,0.9373
56,BACE1,5.2164,4,APEX1,False,1.0942,0.7735,1.1899,1.1987,0.9784,0.9373
56,SEC23B,5.2164,4,APEX1,False,1.0942,0.7735,1.1899,1.1987,0.9784,0.9373
56,PADI4,4.8296,7,APEX1,False,1.0942,0.7735,1.1899,1.1987,0.9784,0.9373
56,HADHB,4.8296,7,APEX1,False,1.0942,0.7735,1.1899,1.1987,0.9784,0.9373
56,RFC4,4.8296,7,APEX1,False,1.0942,0.7735,1.1899,1.1987,0.9784,0.9373
56,SF3B3,4.8296,7,APEX1,False,1.0942,0.7735,1.1899,1.1987,0.9784,0.9373
56,PERP,4.361,11,APEX1,False,1.0942,0.7735,1.1899,1.1987,0.9784,0.9373
56,PRDX2,2.9882,12,APEX1,False,1.0942,0.7735,1.1899,1.1987,0.9784,0.9373
56,KDM1A,0.9784,13,APEX1,False,1.0942,0.7735,1.1899,1.1987,0.9784,0.9373
57,APEX1,8.6829,1,APEX1,True,1.072,0.7644,1.0476,1.0786,1.0097,1.1113
57,TNFRSF10C,5.5091,2,APEX1,False,1.072,0.7644,1.0476,1.0786,1.0097,1.1113
57,ARID5B,5.5091,2,APEX1,False,1.072,0.7644,1.0476,1.0786,1.0097,1.1113
57,DHFR,5.1269,4,APEX1,False,1.072,0.7644,1.0476,1.0786,1.0097,1.1113
57,BACE1,5.1269,4,APEX1,False,1.072,0.7644,1.0476,1.0786,1.0097,1.1113
57,SEC23B,5.1269,4,APEX1,False,1.072,0.7644,1.0476,1.0786,1.0097,1.1113
57,PADI4,4.7447,7,APEX1,False,1.072,0.7644,1.0476,1.0786,1.0097,1.1113
57,HADHB,4.7447,7,APEX1,False,1.072,0.7644,1.0476,1.0786,1.0097,1.1113
57,RFC4,4.7447,7,APEX1,False,1.072,0.7644,1.0476,1.0786,1.0097,1.1113
57,SF3B3,4.7447,7,APEX1,False,1.072,0.7644,1.0476,1.0786,1.0097,1.1113
57,PERP,4.1891,11,APEX1,False,1.072,0.7644,1.0476,1.0786,1.0097,1.1113
57,PRDX2,2.6162,12,APEX1,False,1.072,0.7644,1.0476,1.0786,1.0097,1.1113
57,KDM1A,1.0097,13,APEX1,False,1.072,0.7644,1.0476,1.0786,1.0097,1.1113
58,APEX1,8.5949,1,APEX1,True,1.1123,0.8484,0.807,1.0991,1.1228,1.248
58,TNFRSF10C,5.8818,2,APEX1,False,1.1123,0.8484,0.807,1.0991,1.1228,1.248
58,ARID5B,5.8818,2,APEX1,False,1.1123,0.8484,0.807,1.0991,1.1228,1.248
58,DHFR,5.4576,4,APEX1,False,1.1123,0.8484,0.807,1.0991,1.1228,1.248
58,BACE1,5.4576,4,APEX1,False,1.1123,0.8484,0.807,1.0991,1.1228,1.248
58,SEC23B,5.4576,4,APEX1,False,1.1123,0.8484,0.807,1.0991,1.1228,1.248
58,PADI4,5.0335,7,APEX1,False,1.1123,0.8484,0.807,1.0991,1.1228,1.248
58,HADHB,5.0335,7,APEX1,False,1.1123,0.8484,0.807,1.0991,1.1228,1.248
58,RFC4,5.0335,7,APEX1,False,1.1123,0.8484,0.807,1.0991,1.1228,1.248
58,SF3B3,5.0335,7,APEX1,False,1.1123,0.8484,0.807,1.0991,1.1228,1.248
58,PERP,4.4094,11,APEX1,False,1.1123,0.8484,0.807,1.0991,1.1228,1.248
58,PRDX2,2.3396,12,APEX1,False,1.1123,0.8484,0.807,1.0991,1.1228,1.248
58,KDM1A,1.1228,13,APEX1,False,1.1123,0.8484,0.807,1.0991,1.1228,1.248
59,APEX1,9.5764,1,APEX1,True,1.0228,1.0204,1.1119,1.2228,1.0887,1.1764
59,TNFRSF10C,6.1298,2,APEX1,False,1.0228,1.0204,1.1119,1.2228,1.0887,1.1764
59,ARID5B,6.1298,2,APEX1,False,1.0228,1.0204,1.1119,1.2228,1.0887,1.1764
59,DHFR,5.6195,4,APEX1,False,1.0228,1.0204,1.1119,1.2228,1.0887,1.1764
59,BACE1,5.6195,4,APEX1,False,1.0228,1.0204,1.1119,1.2228,1.0887,1.1764
59,SEC23B,5.6195,4,APEX1,False,1.0228,1.0204,1.1119,1.2228,1.0887,1.1764
59,PADI4,5.1093,7,APEX1,False,1.0228,1.0204,1.1119,1.2228,1.0887,1.1764
59,HADHB,5.1093,7,APEX1,False,1.0228,1.0204,1.1119,1.2228,1.0887,1.1764
59,RFC4,5.1093,7,APEX1,False,1.0228,1.0204,1.1119,1.2228,1.0887,1.1764
59,SF3B3,5.1093,7,APEX1,False,1.0228,1.0204,1.1119,1.2228,1.0887,1.1764
59,PERP,4.5211,11,APEX1,False,1.0228,1.0204,1.1119,1.2228,1.0887,1.1764
59,PRDX2,2.4925,12,APEX1,False,1.0228,1.0204,1.1119,1.2228,1.0887,1.1764
59,KDM1A,1.0887,13,APEX1,False,1.0228,1.0204,1.1119,1.2228,1.0887,1.1764
60,APEX1,8.6564,1,APEX1,True,0.839,1.0628,0.9366,1.0776,0.8106,1.2272
60,TNFRSF10C,5.7055,2,APEX1,False,0.839,1.0628,0.9366,1.0776,0.8106,1.2272
60,ARID5B,5.7055,2,APEX1,False,0.839,1.0628,0.9366,1.0776,0.8106,1.2272
60,DHFR,5.1741,4,APEX1,False,0.839,1.0628,0.9366,1.0776,0.8106,1.2272
60,BACE1,5.1741,4,APEX1,False,0.839,1.0628,0.9366,1.0776,0.8106,1.2272
60,SEC23B,5.1741,4,APEX1,False,0.839,1.0628,0.9366,1.0776,0.8106,1.2272
60,PADI4,4.6427,7,APEX1,False,0.839,1.0628,0.9366,1.0776,0.8106,1.2272
60,HADHB,4.6427,7,APEX1,False,0.839,1.0628,0.9366,1.0776,0.8106,1.2272
60,RFC4,4.6427,7,APEX1,False,0.839,1.0628,0.9366,1.0776,0.8106,1.2272
60,SF3B3,4.6427,7,APEX1,False,0.839,1.0628,0.9366,1.0776,0.8106,1.2272
60,PERP,4.0291,11,APEX1,False,0.839,1.0628,0.9366,1.0776,0.8106,1.2272
60,PRDX2,1.807,12,APEX1,False,0.839,1.0628,0.9366,1.0776,0.8106,1.2272
60,KDM1A,0.8106,13,APEX1,False,0.839,1.0628,0.9366,1.0776,0.8106,1.2272
61,APEX1,10.4474,1,APEX1,True,1.0407,1.2323,1.2375,1.1534,0.8703,0.7706
61,TNFRSF10C,6.8189,2,APEX1,False,1.0407,1.2323,1.2375,1.1534,0.8703,0.7706
61,ARID5B,6.8189,2,APEX1,False,1.0407,1.2323,1.2375,1.1534,0.8703,0.7706
61,DHFR,6.2028,4,APEX1,False,1.0407,1.2323,1.2375,1.1534,0.8703,0.7706
61,BACE1,6.2028,4,APEX1,False,1.0407,1.2323,1.2375,1.1534,0.8703,0.7706
61,SEC23B,6.2028,4,APEX1,False,1.0407,1.2323,1.2375,1.1534,0.8703,0.7706
61,PADI4,5.5866,7,APEX1,False,1.0407,1.2323,1.2375,1.1534,0.8703,0.7706
61,HADHB,5.5866,7,APEX1,False,1.0407,1.2323,1.2375,1.1534,0.8703,0.7706
61,RFC4,5.5866,7,APEX1,False,1.0407,1.2323,1.2375,1.1534,0.8703,0.7706
61,SF3B3,5.5866,7,APEX1,False,1.0407,1.2323,1.2375,1.1534,0.8703,0.7706
61,PERP,5.2014,11,APEX1,False,1.0407,1.2323,1.2375,1.1534,0.8703,0.7706
61,PRDX2,3.0687,12,APEX1,False,1.0407,1.2323,1.2375,1.1534,0.8703,0.7706
61,KDM1A,0.8703,13,APEX1,False,1.0407,1.2323,1.2375,1.1534,0.8703,0.7706
62,APEX1,9.6108,1,APEX1,True,1.2122,1.1193,0.8406,0.9351,0.8833,0.7926
62,TNFRSF10C,6.9945,2,APEX1,False,1.2122,1.1193,0.8406,0.9351,0.8833,0.7926
62,ARID5B,6.9945,2,APEX1,False,1.2122,1.1193,0.8406,0.9351,0.8833,0.7926
62,DHFR,6.4349,4,APEX1,False,1.2122,1.1193,0.8406,0.9351,0.8833,0.7926
62,BACE1,6.4349,4,APEX1,False,1.2122,1.1193,0.8406,0.9351,0.8833,0.7926
62,SEC23B,6.4349,4,APEX1,False,1.2122,1.1193,0.8406,0.9351,0.8833,0.7926
62,PADI4,5.8752,7,APEX1,False,1.2122,1.1193,0.8406,0.9351,0.8833,0.7926
62,HADHB,5.8752,7,APEX1,False,1.2122,1.1193,0.8406,0.9351,0.8833,0.7926
62,RFC4,5.8752,7,APEX1,False,1.2122,1.1193,0.8406,0.9351,0.8833,0.7926
62,SF3B3,5.8752,7,APEX1,False,1.2122,1.1193,0.8406,0.9351,0.8833,0.7926
62,PERP,5.479,11,APEX1,False,1.2122,1.1193,0.8406,0.9351,0.8833,0.7926
62,PRDX2,3.0785,12,APEX1,False,1.2122,1.1193,0.8406,0.9351,0.8833,0.7926
62,KDM1A,0.8833,13,APEX1,False,1.2122,1.1193,0.8406,0.9351,0.8833,0.7926
63,APEX1,7.984,1,APEX1,True,0.7809,1.0836,0.7683,0.8538,0.89,0.9079
63,TNFRSF10C,5.5935,2,APEX1,False,0.7809,1.0836,0.7683,0.8538,0.89,0.9079
63,ARID5B,5.5935,2,APEX1,False,0.7809,1.0836,0.7683,0.8538,0.89,0.9079
63,DHFR,5.0517,4,APEX1,False,0.7809,1.0836,0.7683,0.8538,0.89,0.9079
63,BACE1,5.0517,4,APEX1,False,0.7809,1.0836,0.7683,0.8538,0.89,0.9079
63,SEC23B,5.0517,4,APEX1,False,0.7809,1.0836,0.7683,0.8538,0.89,0.9079
63,PADI4,4.5099,7,APEX1,False,0.7809,1.0836,0.7683,0.8538,0.89,0.9079
63,HADHB,4.5099,7,APEX1,False,0.7809,1.0836,0.7683,0.8538,0.89,0.9079
63,RFC4,4.5099,7,APEX1,False,0.7809,1.0836,0.7683,0.8538,0.89,0.9079
63,SF3B3,4.5099,7,APEX1,False,0.7809,1.0836,0.7683,0.8538,0.89,0.9079
63,PERP,4.056,11,APEX1,False,0.7809,1.0836,0.7683,0.8538,0.89,0.9079
63,PRDX2,1.8128,12,APEX1,False,0.7809,1.0836,0.7683,0.8538,0.89,0.9079
63,KDM1A,0.89,13,APEX1,False,0.7809,1.0836,0.7683,0.8538,0.89,0.9079
64,APEX1,10.016,1,APEX1,True,1.0732,1.2238,1.0006,1.1236,1.1063,0.9939
64,TNFRSF10C,6.8912,2,APEX1,False,1.0732,1.2238,1.0006,1.1236,1.1063,0.9939
64,ARID5B,6.8912,2,APEX1,False,1.0732,1.2238,1.0006,1.1236,1.1063,0.9939
64,DHFR,6.2792,4,APEX1,False,1.0732,1.2238,1.0006,1.1236,1.1063,0.9939
64,BACE1,6.2792,4,APEX1,False,1.0732,1.2238,1.0006,1.1236,1.1063,0.9939
64,SEC23B,6.2792,4,APEX1,False,1.0732,1.2238,1.0006,1.1236,1.1063,0.9939
64,PADI4,5.6673,7,APEX1,False,1.0732,1.2238,1.0006,1.1236,1.1063,0.9939
64,HADHB,5.6673,7,APEX1,False,1.0732,1.2238,1.0006,1.1236,1.1063,0.9939
64,RFC4,5.6673,7,APEX1,False,1.0732,1.2238,1.0006,1.1236,1.1063,0.9939
64,SF3B3,5.6673,7,APEX1,False,1.0732,1.2238,1.0006,1.1236,1.1063,0.9939
64,PERP,5.1704,11,APEX1,False,1.0732,1.2238,1.0006,1.1236,1.1063,0.9939
64,PRDX2,2.6898,12,APEX1,False,1.0732,1.2238,1.0006,1.1236,1.1063,0.9939
64,KDM1A,1.1063,13,APEX1,False,1.0732,1.2238,1.0006,1.1236,1.1063,0.9939
65,APEX1,9.19,1,APEX1,True,0.7703,1.2098,1.1527,0.9442,1.0933,0.9783
65,TNFRSF10C,5.9403,2,APEX1,False,0.7703,1.2098,1.1527,0.9442,1.0933,0.9783
65,ARID5B,5.9403,2,APEX1,False,0.7703,1.2098,1.1527,0.9442,1.0933,0.9783
65,DHFR,5.3354,4,APEX1,False,0.7703,1.2098,1.1527,0.9442,1.0933,0.9783
65,BACE1,5.3354,4,APEX1,False,0.7703,1.2098,1.1527,0.9442,1.0933,0.9783
65,SEC23B,5.3354,4,APEX1,False,0.7703,1.2098,1.1527,0.9442,1.0933,0.9783
65,PADI4,4.7305,7,APEX1,False,0.7703,1.2098,1.1527,0.9442,1.0933,0.9783
65,HADHB,4.7305,7,APEX1,False,0.7703,1.2098,1.1527,0.9442,1.0933,0.9783
65,RFC4,4.7305,7,APEX1,False,0.7703,1.2098,1.1527,0.9442,1.0933,0.9783
65,SF3B3,4.7305,7,APEX1,False,0.7703,1.2098,1.1527,0.9442,1.0933,0.9783
65,PERP,4.2414,11,APEX1,False,0.7703,1.2098,1.1527,0.9442,1.0933,0.9783
65,PRDX2,2.1002,12,APEX1,False,0.7703,1.2098,1.1527,0.9442,1.0933,0.9783
65,KDM1A,1.0933,13,APEX1,False,0.7703,1.2098,1.1527,0.9442,1.0933,0.9783
66,APEX1,8.5182,1,APEX1,True,0.9005,0.9824,0.859,1.1518,0.846,1.128
66,TNFRSF10C,5.6485,2,APEX1,False,0.9005,0.9824,0.859,1.1518,0.846,1.128
66,ARID5B,5.6485,2,APEX1,False,0.9005,0.9824,0.859,1.1518,0.846,1.128
66,DHFR,5.1573,4,APEX1,False,0.9005,0.9824,0.859,1.1518,0.846,1.128
66,BACE1,5.1573,4,APEX1,False,0.9005,0.9824,0.859,1.1518,0.846,1.128
66,SEC23B,5.1573,4,APEX1,False,0.9005,0.9824,0.859,1.1518,0.846,1.128
66,PADI4,4.6661,7,APEX1,False,0.9005,0.9824,0.859,1.1518,0.846,1.128
66,HADHB,4.6661,7,APEX1,False,0.9005,0.9824,0.859,1.1518,0.846,1.128
66,RFC4,4.6661,7,APEX1,False,0.9005,0.9824,0.859,1.1518,0.846,1.128
66,SF3B3,4.6661,7,APEX1,False,0.9005,0.9824,0.859,1.1518,0.846,1.128
66,PERP,4.1021,11,APEX1,False,0.9005,0.9824,0.859,1.1518,0.846,1.128
66,PRDX2,1.9821,12,APEX1,False,0.9005,0.9824,0.859,1.1518,0.846,1.128
66,KDM1A,0.846,13,APEX1,False,0.9005,0.9824,0.859,1.1518,0.846,1.128
67,APEX1,9.8763,1,APEX1,True,1.187,1.1452,0.9839,0.9119,0.9934,1.2423
67,TNFRSF10C,6.9966,2,APEX1,False,1.187,1.1452,0.9839,0.9119,0.9934,1.2423
67,ARID5B,6.9966,2,APEX1,False,1.187,1.1452,0.9839,0.9119,0.9934,1.2423
67,DHFR,6.424,4,APEX1,False,1.187,1.1452,0.9839,0.9119,0.9934,1.2423
67,BACE1,6.424,4,APEX1,False,1.187,1.1452,0.9839,0.9119,0.9934,1.2423
67,SEC23B,6.424,4,APEX1,False,1.187,1.1452,0.9839,0.9119,0.9934,1.2423
67,PADI4,5.8514,7,APEX1,False,1.187,1.1452,0.9839,0.9119,0.9934,1.2423
67,HADHB,5.8514,7,APEX1,False,1.187,1.1452,0.9839,0.9119,0.9934,1.2423
67,RFC4,5.8514,7,APEX1,False,1.187,1.1452,0.9839,0.9119,0.9934,1.2423
67,SF3B3,5.8514,7,APEX1,False,1.187,1.1452,0.9839,0.9119,0.9934,1.2423
67,PERP,5.2302,11,APEX1,False,1.187,1.1452,0.9839,0.9119,0.9934,1.2423
67,PRDX2,2.709,12,APEX1,False,1.187,1.1452,0.9839,0.9119,0.9934,1.2423
67,KDM1A,0.9934,13,APEX1,False,1.187,1.1452,0.9839,0.9119,0.9934,1.2423
68,APEX1,8.3797,1,APEX1,True,0.8168,0.9872,0.9153,1.1373,0.9539,1.1642
68,TNFRSF10C,5.4118,2,APEX1,False,0.8168,0.9872,0.9153,1.1373,0.9539,1.1642
68,ARID5B,5.4118,2,APEX1,False,0.8168,0.9872,0.9153,1.1373,0.9539,1.1642
68,DHFR,4.9182,4,APEX1,False,0.8168,0.9872,0.9153,1.1373,0.9539,1.1642
68,BACE1,4.9182,4,APEX1,False,0.8168,0.9872,0.9153,1.1373,0.9539,1.1642
68,SEC23B,4.9182,4,APEX1,False,0.8168,0.9872,0.9153,1.1373,0.9539,1.1642
68,PADI4,4.4246,7,APEX1,False,0.8168,0.9872,0.9153,1.1373,0.9539,1.1642
68,HADHB,4.4246,7,APEX1,False,0.8168,0.9872,0.9153,1.1373,0.9539,1.1642
68,RFC4,4.4246,7,APEX1,False,0.8168,0.9872,0.9153,1.1373,0.9539,1.1642
68,SF3B3,4.4246,7,APEX1,False,0.8168,0.9872,0.9153,1.1373,0.9539,1.1642
68,PERP,3.8425,11,APEX1,False,0.8168,0.9872,0.9153,1.1373,0.9539,1.1642
68,PRDX2,1.793,12,APEX1,False,0.8168,0.9872,0.9153,1.1373,0.9539,1.1642
68,KDM1A,0.9539,13,APEX1,False,0.8168,0.9872,0.9153,1.1373,0.9539,1.1642
69,APEX1,9.0266,1,APEX1,True,1.2064,0.9929,0.7752,0.8783,1.2075,0.9293
69,TNFRSF10C,6.5979,2,APEX1,False,1.2064,0.9929,0.7752,0.8783,1.2075,0.9293
69,ARID5B,6.5979,2,APEX1,False,1.2064,0.9929,0.7752,0.8783,1.2075,0.9293
69,DHFR,6.1015,4,APEX1,False,1.2064,0.9929,0.7752,0.8783,1.2075,0.9293
69,BACE1,6.1015,4,APEX1,False,1.2064,0.9929,0.7752,0.8783,1.2075,0.9293
69,SEC23B,6.1015,4,APEX1,False,1.2064,0.9929,0.7752,0.8783,1.2075,0.9293
69,PADI4,5.605,7,APEX1,False,1.2064,0.9929,0.7752,0.8783,1.2075,0.9293
69,HADHB,5.605,7,APEX1,False,1.2064,0.9929,0.7752,0.8783,1.2075,0.9293
69,RFC4,5.605,7,APEX1,False,1.2064,0.9929,0.7752,0.8783,1.2075,0.9293
69,SF3B3,5.605,7,APEX1,False,1.2064,0.9929,0.7752,0.8783,1.2075,0.9293
69,PERP,5.1404,11,APEX1,False,1.2064,0.9929,0.7752,0.8783,1.2075,0.9293
69,PRDX2,2.8619,12,APEX1,False,1.2064,0.9929,0.7752,0.8783,1.2075,0.9293
69,KDM1A,1.2075,13,APEX1,False,1.2064,0.9929,0.7752,0.8783,1.2075,0.9293
70,APEX1,9.1017,1,APEX1,True,0.9182,1.0078,1.1409,1.0417,1.0642,0.9928
70,TNFRSF10C,5.7782,2,APEX1,False,0.9182,1.0078,1.1409,1.0417,1.0642,0.9928
70,ARID5B,5.7782,2,APEX1,False,0.9182,1.0078,1.1409,1.0417,1.0642,0.9928
70,DHFR,5.2743,4,APEX1,False,0.9182,1.0078,1.1409,1.0417,1.0642,0.9928
70,BACE1,5.2743,4,APEX1,False,0.9182,1.0078,1.1409,1.0417,1.0642,0.9928
70,SEC23B,5.2743,4,APEX1,False,0.9182,1.0078,1.1409,1.0417,1.0642,0.9928
70,PADI4,4.7704,7,APEX1,False,0.9182,1.0078,1.1409,1.0417,1.0642,0.9928
70,HADHB,4.7704,7,APEX1,False,0.9182,1.0078,1.1409,1.0417,1.0642,0.9928
70,RFC4,4.7704,7,APEX1,False,0.9182,1.0078,1.1409,1.0417,1.0642,0.9928
70,SF3B3,4.7704,7,APEX1,False,0.9182,1.0078,1.1409,1.0417,1.0642,0.9928
70,PERP,4.274,11,APEX1,False,0.9182,1.0078,1.1409,1.0417,1.0642,0.9928
70,PRDX2,2.4436,12,APEX1,False,0.9182,1.0078,1.1409,1.0417,1.0642,0.9928
70,KDM1A,1.0642,13,APEX1,False,0.9182,1.0078,1.1409,1.0417,1.0642,0.9928
71,APEX1,8.5256,1,APEX1,True,1.1109,0.8309,0.7675,1.165,1.2324,0.8785
71,TNFRSF10C,5.8256,2,APEX1,False,1.1109,0.8309,0.7675,1.165,1.2324,0.8785
71,ARID5B,5.8256,2,APEX1,False,1.1109,0.8309,0.7675,1.165,1.2324,0.8785
71,DHFR,5.4102,4,APEX1,False,1.1109,0.8309,0.7675,1.165,1.2324,0.8785
71,BACE1,5.4102,4,APEX1,False,1.1109,0.8309,0.7675,1.165,1.2324,0.8785
71,SEC23B,5.4102,4,APEX1,False,1.1109,0.8309,0.7675,1.165,1.2324,0.8785
71,PADI4,4.9947,7,APEX1,False,1.1109,0.8309,0.7675,1.165,1.2324,0.8785
71,HADHB,4.9947,7,APEX1,False,1.1109,0.8309,0.7675,1.165,1.2324,0.8785
71,RFC4,4.9947,7,APEX1,False,1.1109,0.8309,0.7675,1.165,1.2324,0.8785
71,SF3B3,4.9947,7,APEX1,False,1.1109,0.8309,0.7675,1.165,1.2324,0.8785
71,PERP,4.5554,11,APEX1,False,1.1109,0.8309,0.7675,1.165,1.2324,0.8785
71,PRDX2,2.6663,12,APEX1,False,1.1109,0.8309,0.7675,1.165,1.2324,0.8785
71,KDM1A,1.2324,13,APEX1,False,1.1109,0.8309,0.7675,1.165,1.2324,0.8785
72,APEX1,9.1944,1,APEX1,True,0.9582,1.0911,1.0825,0.8815,1.0253,1.0751
72,TNFRSF10C,6.1479,2,APEX1,False,0.9582,1.0911,1.0825,0.8815,1.0253,1.0751
72,ARID5B,6.1479,2,APEX1,False,0.9582,1.0911,1.0825,0.8815,1.0253,1.0751
72,DHFR,5.6024,4,APEX1,False,0.9582,1.0911,1.0825,0.8815,1.0253,1.0751
72,BACE1,5.6024,4,APEX1,False,0.9582,1.0911,1.0825,0.8815,1.0253,1.0751
72,SEC23B,5.6024,4,APEX1,False,0.9582,1.0911,1.0825,0.8815,1.0253,1.0751
72,PADI4,5.0568,7,APEX1,False,0.9582,1.0911,1.0825,0.8815,1.0253,1.0751
72,HADHB,5.0568,7,APEX1,False,0.9582,1.0911,1.0825,0.8815,1.0253,1.0751
72,RFC4,5.0568,7,APEX1,False,0.9582,1.0911,1.0825,0.8815,1.0253,1.0751
72,SF3B3,5.0568,7,APEX1,False,0.9582,1.0911,1.0825,0.8815,1.0253,1.0751
72,PERP,4.5193,11,APEX1,False,0.9582,1.0911,1.0825,0.8815,1.0253,1.0751
72,PRDX2,2.4029,12,APEX1,False,0.9582,1.0911,1.0825,0.8815,1.0253,1.0751
72,KDM1A,1.0253,13,APEX1,False,0.9582,1.0911,1.0825,0.8815,1.0253,1.0751
73,APEX1,7.3345,1,APEX1,True,0.7628,0.7678,0.98,0.7829,1.1415,0.9693
73,TNFRSF10C,4.5916,2,APEX1,False,0.7628,0.7678,0.98,0.7829,1.1415,0.9693
73,ARID5B,4.5916,2,APEX1,False,0.7628,0.7678,0.98,0.7829,1.1415,0.9693
73,DHFR,4.2077,4,APEX1,False,0.7628,0.7678,0.98,0.7829,1.1415,0.9693
73,BACE1,4.2077,4,APEX1,False,0.7628,0.7678,0.98,0.7829,1.1415,0.9693
73,SEC23B,4.2077,4,APEX1,False,0.7628,0.7678,0.98,0.7829,1.1415,0.9693
73,PADI4,3.8238,7,APEX1,False,0.7628,0.7678,0.98,0.7829,1.1415,0.9693
73,HADHB,3.8238,7,APEX1,False,0.7628,0.7678,0.98,0.7829,1.1415,0.9693
73,RFC4,3.8238,7,APEX1,False,0.7628,0.7678,0.98,0.7829,1.1415,0.9693
73,SF3B3,3.8238,7,APEX1,False,0.7628,0.7678,0.98,0.7829,1.1415,0.9693
73,PERP,3.3392,11,APEX1,False,0.7628,0.7678,0.98,0.7829,1.1415,0.9693
73,PRDX2,1.9176,12,APEX1,False,0.7628,0.7678,0.98,0.7829,1.1415,0.9693
73,KDM1A,1.1415,13,APEX1,False,0.7628,0.7678,0.98,0.7829,1.1415,0.9693
74,APEX1,8.3787,1,APEX1,True,0.8951,0.942,0.826,1.2155,0.9004,1.1017
74,TNFRSF10C,5.5112,2,APEX1,False,0.8951,0.942,0.826,1.2155,0.9004,1.1017
74,ARID5B,5.5112,2,APEX1,False,0.8951,0.942,0.826,1.2155,0.9004,1.1017
74,DHFR,5.0402,4,APEX1,False,0.8951,0.942,0.826,1.2155,0.9004,1.1017
74,BACE1,5.0402,4,APEX1,False,0.8951,0.942,0.826,1.2155,0.9004,1.1017
74,SEC23B,5.0402,4,APEX1,False,0.8951,0.942,0.826,1.2155,0.9004,1.1017
74,PADI4,4.5692,7,APEX1,False,0.8951,0.942,0.826,1.2155,0.9004,1.1017
74,HADHB,4.5692,7,APEX1,False,0.8951,0.942,0.826,1.2155,0.9004,1.1017
74,RFC4,4.5692,7,APEX1,False,0.8951,0.942,0.826,1.2155,0.9004,1.1017
74,SF3B3,4.5692,7,APEX1,False,0.8951,0.942,0.826,1.2155,0.9004,1.1017
74,PERP,4.0184,11,APEX1,False,0.8951,0.942,0.826,1.2155,0.9004,1.1017
74,PRDX2,1.962,12,APEX1,False,0.8951,0.942,0.826,1.2155,0.9004,1.1017
74,KDM1A,0.9004,13,APEX1,False,0.8951,0.942,0.826,1.2155,0.9004,1.1017
75,APEX1,8.6977,1,APEX1,True,1.0269,0.8148,1.1601,0.8526,1.0747,1.0842
75,TNFRSF10C,5.525,2,APEX1,False,1.0269,0.8148,1.1601,0.8526,1.0747,1.0842
75,ARID5B,5.525,2,APEX1,False,1.0269,0.8148,1.1601,0.8526,1.0747,1.0842
75,DHFR,5.1176,4,APEX1,False,1.0269,0.8148,1.1601,0.8526,1.0747,1.0842
75,BACE1,5.1176,4,APEX1,False,1.0269,0.8148,1.1601,0.8526,1.0747,1.0842
75,SEC23B,5.1176,4,APEX1,False,1.0269,0.8148,1.1601,0.8526,1.0747,1.0842
75,PADI4,4.7102,7,APEX1,False,1.0269,0.8148,1.1601,0.8526,1.0747,1.0842
75,HADHB,4.7102,7,APEX1,False,1.0269,0.8148,1.1601,0.8526,1.0747,1.0842
75,RFC4,4.7102,7,APEX1,False,1.0269,0.8148,1.1601,0.8526,1.0747,1.0842
75,SF3B3,4.7102,7,APEX1,False,1.0269,0.8148,1.1601,0.8526,1.0747,1.0842
75,PERP,4.1681,11,APEX1,False,1.0269,0.8148,1.1601,0.8526,1.0747,1.0842
75,PRDX2,2.6431,12,APEX1,False,1.0269,0.8148,1.1601,0.8526,1.0747,1.0842
75,KDM1A,1.0747,13,APEX1,False,1.0269,0.8148,1.1601,0.8526,1.0747,1.0842
76,APEX1,8.9541,1,APEX1,True,1.0051,0.8766,1.153,1.0031,1.1509,1.0228
76,TNFRSF10C,5.645,2,APEX1,False,1.0051,0.8766,1.153,1.0031,1.1509,1.0228
76,ARID5B,5.645,2,APEX1,False,1.0051,0.8766,1.153,1.0031,1.1509,1.0228
76,DHFR,5.2067,4,APEX1,False,1.0051,0.8766,1.153,1.0031,1.1509,1.0228
76,BACE1,5.2067,4,APEX1,False,1.0051,0.8766,1.153,1.0031,1.1509,1.0228
76,SEC23B,5.2067,4,APEX1,False,1.0051,0.8766,1.153,1.0031,1.1509,1.0228
76,PADI4,4.7685,7,APEX1,False,1.0051,0.8766,1.153,1.0031,1.1509,1.0228
76,HADHB,4.7685,7,APEX1,False,1.0051,0.8766,1.153,1.0031,1.1509,1.0228
76,RFC4,4.7685,7,APEX1,False,1.0051,0.8766,1.153,1.0031,1.1509,1.0228
76,SF3B3,4.7685,7,APEX1,False,1.0051,0.8766,1.153,1.0031,1.1509,1.0228
76,PERP,4.2571,11,APEX1,False,1.0051,0.8766,1.153,1.0031,1.1509,1.0228
76,PRDX2,2.643,12,APEX1,False,1.0051,0.8766,1.153,1.0031,1.1509,1.0228
76,KDM1A,1.1509,13,APEX1,False,1.0051,0.8766,1.153,1.0031,1.1509,1.0228
77,APEX1,8.4919,1,APEX1,True,0.882,0.9585,0.9102,1.1499,0.8154,1.2003
77,TNFRSF10C,5.5216,2,APEX1,False,0.882,0.9585,0.9102,1.1499,0.8154,1.2003
77,ARID5B,5.5216,2,APEX1,False,0.882,0.9585,0.9102,1.1499,0.8154,1.2003
77,DHFR,5.0424,4,APEX1,False,0.882,0.9585,0.9102,1.1499,0.8154,1.2003
77,BACE1,5.0424,4,APEX1,False,0.882,0.9585,0.9102,1.1499,0.8154,1.2003
77,SEC23B,5.0424,4,APEX1,False,0.882,0.9585,0.9102,1.1499,0.8154,1.2003
77,PADI4,4.5631,7,APEX1,False,0.882,0.9585,0.9102,1.1499,0.8154,1.2003
77,HADHB,4.5631,7,APEX1,False,0.882,0.9585,0.9102,1.1499,0.8154,1.2003
77,RFC4,4.5631,7,APEX1,False,0.882,0.9585,0.9102,1.1499,0.8154,1.2003
77,SF3B3,4.5631,7,APEX1,False,0.882,0.9585,0.9102,1.1499,0.8154,1.2003
77,PERP,3.963,11,APEX1,False,0.882,0.9585,0.9102,1.1499,0.8154,1.2003
77,PRDX2,1.915,12,APEX1,False,0.882,0.9585,0.9102,1.1499,0.8154,1.2003
77,KDM1A,0.8154,13,APEX1,False,0.882,0.9585,0.9102,1.1499,0.8154,1.2003
78,APEX1,10.2377,1,APEX1,True,1.0403,1.1887,1.172,1.2067,0.8401,1.1838
78,TNFRSF10C,6.6869,2,APEX1,False,1.0403,1.1887,1.172,1.2067,0.8401,1.1838
78,ARID5B,6.6869,2,APEX1,False,1.0403,1.1887,1.172,1.2067,0.8401,1.1838
78,DHFR,6.0926,4,APEX1,False,1.0403,1.1887,1.172,1.2067,0.8401,1.1838
78,BACE1,6.0926,4,APEX1,False,1.0403,1.1887,1.172,1.2067,0.8401,1.1838
78,SEC23B,6.0926,4,APEX1,False,1.0403,1.1887,1.172,1.2067,0.8401,1.1838
78,PADI4,5.4982,7,APEX1,False,1.0403,1.1887,1.172,1.2067,0.8401,1.1838
78,HADHB,5.4982,7,APEX1,False,1.0403,1.1887,1.172,1.2067,0.8401,1.1838
78,RFC4,5.4982,7,APEX1,False,1.0403,1.1887,1.172,1.2067,0.8401,1.1838
78,SF3B3,5.4982,7,APEX1,False,1.0403,1.1887,1.172,1.2067,0.8401,1.1838
78,PERP,4.9063,11,APEX1,False,1.0403,1.1887,1.172,1.2067,0.8401,1.1838
78,PRDX2,2.5889,12,APEX1,False,1.0403,1.1887,1.172,1.2067,0.8401,1.1838
78,KDM1A,0.8401,13,APEX1,False,1.0403,1.1887,1.172,1.2067,0.8401,1.1838
79,APEX1,8.6057,1,APEX1,True,0.7912,1.0429,1.0479,1.0077,0.8465,1.0916
79,TNFRSF10C,5.5022,2,APEX1,False,0.7912,1.0429,1.0479,1.0077,0.8465,1.0916
79,ARID5B,5.5022,2,APEX1,False,0.7912,1.0429,1.0479,1.0077,0.8465,1.0916
79,DHFR,4.9807,4,APEX1,False,0.7912,1.0429,1.0479,1.0077,0.8465,1.0916
79,BACE1,4.9807,4,APEX1,False,0.7912,1.0429,1.0479,1.0077,0.8465,1.0916
79,SEC23B,4.9807,4,APEX1,False,0.7912,1.0429,1.0479,1.0077,0.8465,1.0916
79,PADI4,4.4593,7,APEX1,False,0.7912,1.0429,1.0479,1.0077,0.8465,1.0916
79,HADHB,4.4593,7,APEX1,False,0.7912,1.0429,1.0479,1.0077,0.8465,1.0916
79,RFC4,4.4593,7,APEX1,False,0.7912,1.0429,1.0479,1.0077,0.8465,1.0916
79,SF3B3,4.4593,7,APEX1,False,0.7912,1.0429,1.0479,1.0077,0.8465,1.0916
79,PERP,3.9135,11,APEX1,False,0.7912,1.0429,1.0479,1.0077,0.8465,1.0916
79,PRDX2,1.9342,12,APEX1,False,0.7912,1.0429,1.0479,1.0077,0.8465,1.0916
79,KDM1A,0.8465,13,APEX1,False,0.7912,1.0429,1.0479,1.0077,0.8465,1.0916
80,APEX1,9.0099,1,APEX1,True,0.979,1.0253,0.8775,1.2423,0.7829,1.14
80,TNFRSF10C,6.0127,2,APEX1,False,0.979,1.0253,0.8775,1.2423,0.7829,1.14
80,ARID5B,6.0127,2,APEX1,False,0.979,1.0253,0.8775,1.2423,0.7829,1.14
80,DHFR,5.5,4,APEX1,False,0.979,1.0253,0.8775,1.2423,0.7829,1.14
80,BACE1,5.5,4,APEX1,False,0.979,1.0253,0.8775,1.2423,0.7829,1.14
80,SEC23B,5.5,4,APEX1,False,0.979,1.0253,0.8775,1.2423,0.7829,1.14
80,PADI4,4.9874,7,APEX1,False,0.979,1.0253,0.8775,1.2423,0.7829,1.14
80,HADHB,4.9874,7,APEX1,False,0.979,1.0253,0.8775,1.2423,0.7829,1.14
80,RFC4,4.9874,7,APEX1,False,0.979,1.0253,0.8775,1.2423,0.7829,1.14
80,SF3B3,4.9874,7,APEX1,False,0.979,1.0253,0.8775,1.2423,0.7829,1.14
80,PERP,4.4174,11,APEX1,False,0.979,1.0253,0.8775,1.2423,0.7829,1.14
80,PRDX2,2.1849,12,APEX1,False,0.979,1.0253,0.8775,1.2423,0.7829,1.14
80,KDM1A,0.7829,13,APEX1,False,0.979,1.0253,0.8775,1.2423,0.7829,1.14
81,APEX1,9.0154,1,APEX1,True,1.1253,0.7866,1.1728,0.9339,1.0771,0.799
81,TNFRSF10C,5.7359,2,APEX1,False,1.1253,0.7866,1.1728,0.9339,1.0771,0.799
81,ARID5B,5.7359,2,APEX1,False,1.1253,0.7866,1.1728,0.9339,1.0771,0.799
81,DHFR,5.3426,4,APEX1,False,1.1253,0.7866,1.1728,0.9339,1.0771,0.799
81,BACE1,5.3426,4,APEX1,False,1.1253,0.7866,1.1728,0.9339,1.0771,0.799
81,SEC23B,5.3426,4,APEX1,False,1.1253,0.7866,1.1728,0.9339,1.0771,0.799
81,PADI4,4.9492,7,APEX1,False,1.1253,0.7866,1.1728,0.9339,1.0771,0.799
81,HADHB,4.9492,7,APEX1,False,1.1253,0.7866,1.1728,0.9339,1.0771,0.799
81,RFC4,4.9492,7,APEX1,False,1.1253,0.7866,1.1728,0.9339,1.0771,0.799
81,SF3B3,4.9492,7,APEX1,False,1.1253,0.7866,1.1728,0.9339,1.0771,0.799
81,PERP,4.5498,11,APEX1,False,1.1253,0.7866,1.1728,0.9339,1.0771,0.799
81,PRDX2,3.1872,12,APEX1,False,1.1253,0.7866,1.1728,0.9339,1.0771,0.799
81,KDM1A,1.0771,13,APEX1,False,1.1253,0.7866,1.1728,0.9339,1.0771,0.799
82,APEX1,8.8262,1,APEX1,True,0.8185,1.0489,1.1972,0.8295,1.1086,0.826
82,TNFRSF10C,5.6022,2,APEX1,False,0.8185,1.0489,1.1972,0.8295,1.1086,0.826
82,ARID5B,5.6022,2,APEX1,False,0.8185,1.0489,1.1972,0.8295,1.1086,0.826
82,DHFR,5.0778,4,APEX1,False,0.8185,1.0489,1.1972,0.8295,1.1086,0.826
82,BACE1,5.0778,4,APEX1,False,0.8185,1.0489,1.1972,0.8295,1.1086,0.826
82,SEC23B,5.0778,4,APEX1,False,0.8185,1.0489,1.1972,0.8295,1.1086,0.826
82,PADI4,4.5533,7,APEX1,False,0.8185,1.0489,1.1972,0.8295,1.1086,0.826
82,HADHB,4.5533,7,APEX1,False,0.8185,1.0489,1.1972,0.8295,1.1086,0.826
82,RFC4,4.5533,7,APEX1,False,0.8185,1.0489,1.1972,0.8295,1.1086,0.826
82,SF3B3,4.5533,7,APEX1,False,0.8185,1.0489,1.1972,0.8295,1.1086,0.826
82,PERP,4.1404,11,APEX1,False,0.8185,1.0489,1.1972,0.8295,1.1086,0.826
82,PRDX2,2.4176,12,APEX1,False,0.8185,1.0489,1.1972,0.8295,1.1086,0.826
82,KDM1A,1.1086,13,APEX1,False,0.8185,1.0489,1.1972,0.8295,1.1086,0.826
83,APEX1,9.1283,1,APEX1,True,0.9904,1.1696,0.8746,0.899,1.203,0.9233
83,TNFRSF10C,6.4801,2,APEX1,False,0.9904,1.1696,0.8746,0.899,1.203,0.9233
83,ARID5B,6.4801,2,APEX1,False,0.9904,1.1696,0.8746,0.899,1.203,0.9233
83,DHFR,5.8953,4,APEX1,False,0.9904,1.1696,0.8746,0.899,1.203,0.9233
83,BACE1,5.8953,4,APEX1,False,0.9904,1.1696,0.8746,0.899,1.203,0.9233
83,SEC23B,5.8953,4,APEX1,False,0.9904,1.1696,0.8746,0.899,1.203,0.9233
83,PADI4,5.3105,7,APEX1,False,0.9904,1.1696,0.8746,0.899,1.203,0.9233
83,HADHB,5.3105,7,APEX1,False,0.9904,1.1696,0.8746,0.899,1.203,0.9233
83,RFC4,5.3105,7,APEX1,False,0.9904,1.1696,0.8746,0.899,1.203,0.9233
83,SF3B3,5.3105,7,APEX1,False,0.9904,1.1696,0.8746,0.899,1.203,0.9233
83,PERP,4.8488,11,APEX1,False,0.9904,1.1696,0.8746,0.899,1.203,0.9233
83,PRDX2,2.4273,12,APEX1,False,0.9904,1.1696,0.8746,0.899,1.203,0.9233
83,KDM1A,1.203,13,APEX1,False,0.9904,1.1696,0.8746,0.899,1.203,0.9233
84,APEX1,8.8727,1,APEX1,True,0.7928,0.951,1.2476,1.1461,0.8571,1.0833
84,TNFRSF10C,5.2314,2,APEX1,False,0.7928,0.951,1.2476,1.1461,0.8571,1.0833
84,ARID5B,5.2314,2,APEX1,False,0.7928,0.951,1.2476,1.1461,0.8571,1.0833
84,DHFR,4.7559,4,APEX1,False,0.7928,0.951,1.2476,1.1461,0.8571,1.0833
84,BACE1,4.7559,4,APEX1,False,0.7928,0.951,1.2476,1.1461,0.8571,1.0833
84,SEC23B,4.7559,4,APEX1,False,0.7928,0.951,1.2476,1.1461,0.8571,1.0833
84,PADI4,4.2804,7,APEX1,False,0.7928,0.951,1.2476,1.1461,0.8571,1.0833
84,HADHB,4.2804,7,APEX1,False,0.7928,0.951,1.2476,1.1461,0.8571,1.0833
84,RFC4,4.2804,7,APEX1,False,0.7928,0.951,1.2476,1.1461,0.8571,1.0833
84,SF3B3,4.2804,7,APEX1,False,0.7928,0.951,1.2476,1.1461,0.8571,1.0833
84,PERP,3.7387,11,APEX1,False,0.7928,0.951,1.2476,1.1461,0.8571,1.0833
84,PRDX2,2.1463,12,APEX1,False,0.7928,0.951,1.2476,1.1461,0.8571,1.0833
84,KDM1A,0.8571,13,APEX1,False,0.7928,0.951,1.2476,1.1461,0.8571,1.0833
85,APEX1,9.5653,1,APEX1,True,1.097,1.1611,0.8186,1.1539,0.9178,1.074
85,TNFRSF10C,6.7743,2,APEX1,False,1.097,1.1611,0.8186,1.1539,0.9178,1.074
85,ARID5B,6.7743,2,APEX1,False,1.097,1.1611,0.8186,1.1539,0.9178,1.074
85,DHFR,6.1937,4,APEX1,False,1.097,1.1611,0.8186,1.1539,0.9178,1.074
85,BACE1,6.1937,4,APEX1,False,1.097,1.1611,0.8186,1.1539,0.9178,1.074
85,SEC23B,6.1937,4,APEX1,False,1.097,1.1611,0.8186,1.1539,0.9178,1.074
85,PADI4,5.6131,7,APEX1,False,1.097,1.1611,0.8186,1.1539,0.9178,1.074
85,HADHB,5.6131,7,APEX1,False,1.097,1.1611,0.8186,1.1539,0.9178,1.074
85,RFC4,5.6131,7,APEX1,False,1.097,1.1611,0.8186,1.1539,0.9178,1.074
85,SF3B3,5.6131,7,APEX1,False,1.097,1.1611,0.8186,1.1539,0.9178,1.074
85,PERP,5.0762,11,APEX1,False,1.097,1.1611,0.8186,1.1539,0.9178,1.074
85,PRDX2,2.487,12,APEX1,False,1.097,1.1611,0.8186,1.1539,0.9178,1.074
85,KDM1A,0.9178,13,APEX1,False,1.097,1.1611,0.8186,1.1539,0.9178,1.074
86,APEX1,8.8331,1,APEX1,True,0.9366,1.0775,0.9564,0.878,0.8541,1.1685
86,TNFRSF10C,6.0424,2,APEX1,False,0.9366,1.0775,0.9564,0.878,0.8541,1.1685
86,ARID5B,6.0424,2,APEX1,False,0.9366,1.0775,0.9564,0.878,0.8541,1.1685
86,DHFR,5.5036,4,APEX1,False,0.9366,1.0775,0.9564,0.878,0.8541,1.1685
86,BACE1,5.5036,4,APEX1,False,0.9366,1.0775,0.9564,0.878,0.8541,1.1685
86,SEC23B,5.5036,4,APEX1,False,0.9366,1.0775,0.9564,0.878,0.8541,1.1685
86,PADI4,4.9649,7,APEX1,False,0.9366,1.0775,0.9564,0.878,0.8541,1.1685
86,HADHB,4.9649,7,APEX1,False,0.9366,1.0775,0.9564,0.878,0.8541,1.1685
86,RFC4,4.9649,7,APEX1,False,0.9366,1.0775,0.9564,0.878,0.8541,1.1685
86,SF3B3,4.9649,7,APEX1,False,0.9366,1.0775,0.9564,0.878,0.8541,1.1685
86,PERP,4.3806,11,APEX1,False,0.9366,1.0775,0.9564,0.878,0.8541,1.1685
86,PRDX2,2.1294,12,APEX1,False,0.9366,1.0775,0.9564,0.878,0.8541,1.1685
86,KDM1A,0.8541,13,APEX1,False,0.9366,1.0775,0.9564,0.878,0.8541,1.1685
87,APEX1,8.6068,1,APEX1,True,1.0204,0.7598,1.1018,1.0627,1.1294,1.0058
87,TNFRSF10C,5.3404,2,APEX1,False,1.0204,0.7598,1.1018,1.0627,1.1294,1.0058
87,ARID5B,5.3404,2,APEX1,False,1.0204,0.7598,1.1018,1.0627,1.1294,1.0058
87,DHFR,4.9606,4,APEX1,False,1.0204,0.7598,1.1018,1.0627,1.1294,1.0058
87,BACE1,4.9606,4,APEX1,False,1.0204,0.7598,1.1018,1.0627,1.1294,1.0058
87,SEC23B,4.9606,4,APEX1,False,1.0204,0.7598,1.1018,1.0627,1.1294,1.0058
87,PADI4,4.5807,7,APEX1,False,1.0204,0.7598,1.1018,1.0627,1.1294,1.0058
87,HADHB,4.5807,7,APEX1,False,1.0204,0.7598,1.1018,1.0627,1.1294,1.0058
87,RFC4,4.5807,7,APEX1,False,1.0204,0.7598,1.1018,1.0627,1.1294,1.0058
87,SF3B3,4.5807,7,APEX1,False,1.0204,0.7598,1.1018,1.0627,1.1294,1.0058
87,PERP,4.0778,11,APEX1,False,1.0204,0.7598,1.1018,1.0627,1.1294,1.0058
87,PRDX2,2.647,12,APEX1,False,1.0204,0.7598,1.1018,1.0627,1.1294,1.0058
87,KDM1A,1.1294,13,APEX1,False,1.0204,0.7598,1.1018,1.0627,1.1294,1.0058
88,APEX1,8.5719,1,APEX1,True,1.0728,0.8896,0.798,1.0885,1.1213,1.0431
88,TNFRSF10C,5.8874,2,APEX1,False,1.0728,0.8896,0.798,1.0885,1.1213,1.0431
88,ARID5B,5.8874,2,APEX1,False,1.0728,0.8896,0.798,1.0885,1.1213,1.0431
88,DHFR,5.4426,4,APEX1,False,1.0728,0.8896,0.798,1.0885,1.1213,1.0431
88,BACE1,5.4426,4,APEX1,False,1.0728,0.8896,0.798,1.0885,1.1213,1.0431
88,SEC23B,5.4426,4,APEX1,False,1.0728,0.8896,0.798,1.0885,1.1213,1.0431
88,PADI4,4.9978,7,APEX1,False,1.0728,0.8896,0.798,1.0885,1.1213,1.0431
88,HADHB,4.9978,7,APEX1,False,1.0728,0.8896,0.798,1.0885,1.1213,1.0431
88,RFC4,4.9978,7,APEX1,False,1.0728,0.8896,0.798,1.0885,1.1213,1.0431
88,SF3B3,4.9978,7,APEX1,False,1.0728,0.8896,0.798,1.0885,1.1213,1.0431
88,PERP,4.4762,11,APEX1,False,1.0728,0.8896,0.798,1.0885,1.1213,1.0431
88,PRDX2,2.437,12,APEX1,False,1.0728,0.8896,0.798,1.0885,1.1213,1.0431
88,KDM1A,1.1213,13,APEX1,False,1.0728,0.8896,0.798,1.0885,1.1213,1.0431
89,APEX1,8.3491,1,APEX1,True,1.0012,0.9164,0.7573,1.082,1.1164,1.0367
89,TNFRSF10C,5.7526,2,APEX1,False,1.0012,0.9164,0.7573,1.082,1.1164,1.0367
89,ARID5B,5.7526,2,APEX1,False,1.0012,0.9164,0.7573,1.082,1.1164,1.0367
89,DHFR,5.2944,4,APEX1,False,1.0012,0.9164,0.7573,1.082,1.1164,1.0367
89,BACE1,5.2944,4,APEX1,False,1.0012,0.9164,0.7573,1.082,1.1164,1.0367
89,SEC23B,5.2944,4,APEX1,False,1.0012,0.9164,0.7573,1.082,1.1164,1.0367
89,PADI4,4.8362,7,APEX1,False,1.0012,0.9164,0.7573,1.082,1.1164,1.0367
89,HADHB,4.8362,7,APEX1,False,1.0012,0.9164,0.7573,1.082,1.1164,1.0367
89,RFC4,4.8362,7,APEX1,False,1.0012,0.9164,0.7573,1.082,1.1164,1.0367
89,SF3B3,4.8362,7,APEX1,False,1.0012,0.9164,0.7573,1.082,1.1164,1.0367
89,PERP,4.3179,11,APEX1,False,1.0012,0.9164,0.7573,1.082,1.1164,1.0367
89,PRDX2,2.2235,12,APEX1,False,1.0012,0.9164,0.7573,1.082,1.1164,1.0367
89,KDM1A,1.1164,13,APEX1,False,1.0012,0.9164,0.7573,1.082,1.1164,1.0367
90,APEX1,9.9872,1,APEX1,True,1.056,1.1078,1.1666,1.1626,0.9657,1.1179
90,TNFRSF10C,6.4914,2,APEX1,False,1.056,1.1078,1.1666,1.1626,0.9657,1.1179
90,ARID5B,6.4914,2,APEX1,False,1.056,1.1078,1.1666,1.1626,0.9657,1.1179
90,DHFR,5.9375,4,APEX1,False,1.056,1.1078,1.1666,1.1626,0.9657,1.1179
90,BACE1,5.9375,4,APEX1,False,1.056,1.1078,1.1666,1.1626,0.9657,1.1179
90,SEC23B,5.9375,4,APEX1,False,1.056,1.1078,1.1666,1.1626,0.9657,1.1179
90,PADI4,5.3837,7,APEX1,False,1.056,1.1078,1.1666,1.1626,0.9657,1.1179
90,HADHB,5.3837,7,APEX1,False,1.056,1.1078,1.1666,1.1626,0.9657,1.1179
90,RFC4,5.3837,7,APEX1,False,1.056,1.1078,1.1666,1.1626,0.9657,1.1179
90,SF3B3,5.3837,7,APEX1,False,1.056,1.1078,1.1666,1.1626,0.9657,1.1179
90,PERP,4.8247,11,APEX1,False,1.056,1.1078,1.1666,1.1626,0.9657,1.1179
90,PRDX2,2.6888,12,APEX1,False,1.056,1.1078,1.1666,1.1626,0.9657,1.1179
90,KDM1A,0.9657,13,APEX1,False,1.056,1.1078,1.1666,1.1626,0.9657,1.1179
91,APEX1,9.1323,1,APEX1,True,0.7692,1.2335,1.09,0.9441,0.8976,0.961
91,TNFRSF10C,6.0081,2,APEX1,False,0.7692,1.2335,1.09,0.9441,0.8976,0.961
91,ARID5B,6.0081,2,APEX1,False,0.7692,1.2335,1.09,0.9441,0.8976,0.961
91,DHFR,5.3913,4,APEX1,False,0.7692,1.2335,1.09,0.9441,0.8976,0.961
91,BACE1,5.3913,4,APEX1,False,0.7692,1.2335,1.09,0.9441,0.8976,0.961
91,SEC23B,5.3913,4,APEX1,False,0.7692,1.2335,1.09,0.9441,0.8976,0.961
91,PADI4,4.7746,7,APEX1,False,0.7692,1.2335,1.09,0.9441,0.8976,0.961
91,HADHB,4.7746,7,APEX1,False,0.7692,1.2335,1.09,0.9441,0.8976,0.961
91,RFC4,4.7746,7,APEX1,False,0.7692,1.2335,1.09,0.9441,0.8976,0.961
91,SF3B3,4.7746,7,APEX1,False,0.7692,1.2335,1.09,0.9441,0.8976,0.961
91,PERP,4.2941,11,APEX1,False,0.7692,1.2335,1.09,0.9441,0.8976,0.961
91,PRDX2,2.0521,12,APEX1,False,0.7692,1.2335,1.09,0.9441,0.8976,0.961
91,KDM1A,0.8976,13,APEX1,False,0.7692,1.2335,1.09,0.9441,0.8976,0.961
92,APEX1,9.6771,1,APEX1,True,0.8891,1.2042,1.0807,1.2356,0.9941,1.128
92,TNFRSF10C,6.2801,2,APEX1,False,0.8891,1.2042,1.0807,1.2356,0.9941,1.128
92,ARID5B,6.2801,2,APEX1,False,0.8891,1.2042,1.0807,1.2356,0.9941,1.128
92,DHFR,5.6779,4,APEX1,False,0.8891,1.2042,1.0807,1.2356,0.9941,1.128
92,BACE1,5.6779,4,APEX1,False,0.8891,1.2042,1.0807,1.2356,0.9941,1.128
92,SEC23B,5.6779,4,APEX1,False,0.8891,1.2042,1.0807,1.2356,0.9941,1.128
92,PADI4,5.0758,7,APEX1,False,0.8891,1.2042,1.0807,1.2356,0.9941,1.128
92,HADHB,5.0758,7,APEX1,False,0.8891,1.2042,1.0807,1.2356,0.9941,1.128
92,RFC4,5.0758,7,APEX1,False,0.8891,1.2042,1.0807,1.2356,0.9941,1.128
92,SF3B3,5.0758,7,APEX1,False,0.8891,1.2042,1.0807,1.2356,0.9941,1.128
92,PERP,4.5118,11,APEX1,False,0.8891,1.2042,1.0807,1.2356,0.9941,1.128
92,PRDX2,2.1755,12,APEX1,False,0.8891,1.2042,1.0807,1.2356,0.9941,1.128
92,KDM1A,0.9941,13,APEX1,False,0.8891,1.2042,1.0807,1.2356,0.9941,1.128
93,APEX1,9.7138,1,APEX1,True,0.9134,1.2156,1.181,0.9649,0.9329,0.8885
93,TNFRSF10C,6.387,2,APEX1,False,0.9134,1.2156,1.181,0.9649,0.9329,0.8885
93,ARID5B,6.387,2,APEX1,False,0.9134,1.2156,1.181,0.9649,0.9329,0.8885
93,DHFR,5.7792,4,APEX1,False,0.9134,1.2156,1.181,0.9649,0.9329,0.8885
93,BACE1,5.7792,4,APEX1,False,0.9134,1.2156,1.181,0.9649,0.9329,0.8885
93,SEC23B,5.7792,4,APEX1,False,0.9134,1.2156,1.181,0.9649,0.9329,0.8885
93,PADI4,5.1714,7,APEX1,False,0.9134,1.2156,1.181,0.9649,0.9329,0.8885
93,HADHB,5.1714,7,APEX1,False,0.9134,1.2156,1.181,0.9649,0.9329,0.8885
93,RFC4,5.1714,7,APEX1,False,0.9134,1.2156,1.181,0.9649,0.9329,0.8885
93,SF3B3,5.1714,7,APEX1,False,0.9134,1.2156,1.181,0.9649,0.9329,0.8885
93,PERP,4.7272,11,APEX1,False,0.9134,1.2156,1.181,0.9649,0.9329,0.8885
93,PRDX2,2.576,12,APEX1,False,0.9134,1.2156,1.181,0.9649,0.9329,0.8885
93,KDM1A,0.9329,13,APEX1,False,0.9134,1.2156,1.181,0.9649,0.9329,0.8885
94,APEX1,8.9012,1,APEX1,True,1.0941,0.8004,1.1399,0.938,0.7562,0.805
94,TNFRSF10C,5.6834,2,APEX1,False,1.0941,0.8004,1.1399,0.938,0.7562,0.805
94,ARID5B,5.6834,2,APEX1,False,1.0941,0.8004,1.1399,0.938,0.7562,0.805
94,DHFR,5.2833,4,APEX1,False,1.0941,0.8004,1.1399,0.938,0.7562,0.805
94,BACE1,5.2833,4,APEX1,False,1.0941,0.8004,1.1399,0.938,0.7562,0.805
94,SEC23B,5.2833,4,APEX1,False,1.0941,0.8004,1.1399,0.938,0.7562,0.805
94,PADI4,4.8831,7,APEX1,False,1.0941,0.8004,1.1399,0.938,0.7562,0.805
94,HADHB,4.8831,7,APEX1,False,1.0941,0.8004,1.1399,0.938,0.7562,0.805
94,RFC4,4.8831,7,APEX1,False,1.0941,0.8004,1.1399,0.938,0.7562,0.805
94,SF3B3,4.8831,7,APEX1,False,1.0941,0.8004,1.1399,0.938,0.7562,0.805
94,PERP,4.4806,11,APEX1,False,1.0941,0.8004,1.1399,0.938,0.7562,0.805
94,PRDX2,3.0702,12,APEX1,False,1.0941,0.8004,1.1399,0.938,0.7562,0.805
94,KDM1A,0.7562,13,APEX1,False,1.0941,0.8004,1.1399,0.938,0.7562,0.805
95,APEX1,9.7045,1,APEX1,True,0.8931,1.2,1.1611,1.1031,0.8204,1.2213
95,TNFRSF10C,6.2792,2,APEX1,False,0.8931,1.2,1.1611,1.1031,0.8204,1.2213
95,ARID5B,6.2792,2,APEX1,False,0.8931,1.2,1.1611,1.1031,0.8204,1.2213
95,DHFR,5.6792,4,APEX1,False,0.8931,1.2,1.1611,1.1031,0.8204,1.2213
95,BACE1,5.6792,4,APEX1,False,0.8931,1.2,1.1611,1.1031,0.8204,1.2213
95,SEC23B,5.6792,4,APEX1,False,0.8931,1.2,1.1611,1.1031,0.8204,1.2213
95,PADI4,5.0792,7,APEX1,False,0.8931,1.2,1.1611,1.1031,0.8204,1.2213
95,HADHB,5.0792,7,APEX1,False,0.8931,1.2,1.1611,1.1031,0.8204,1.2213
95,RFC4,5.0792,7,APEX1,False,0.8931,1.2,1.1611,1.1031,0.8204,1.2213
95,SF3B3,5.0792,7,APEX1,False,0.8931,1.2,1.1611,1.1031,0.8204,1.2213
95,PERP,4.4686,11,APEX1,False,0.8931,1.2,1.1611,1.1031,0.8204,1.2213
95,PRDX2,2.1725,12,APEX1,False,0.8931,1.2,1.1611,1.1031,0.8204,1.2213
95,KDM1A,0.8204,13,APEX1,False,0.8931,1.2,1.1611,1.1031,0.8204,1.2213
96,APEX1,9.1507,1,APEX1,True,0.9435,1.1886,0.798,1.1584,1.0686,1.1113
96,TNFRSF10C,6.3962,2,APEX1,False,0.9435,1.1886,0.798,1.1584,1.0686,1.1113
96,ARID5B,6.3962,2,APEX1,False,0.9435,1.1886,0.798,1.1584,1.0686,1.1113
96,DHFR,5.8019,4,APEX1,False,0.9435,1.1886,0.798,1.1584,1.0686,1.1113
96,BACE1,5.8019,4,APEX1,False,0.9435,1.1886,0.798,1.1584,1.0686,1.1113
96,SEC23B,5.8019,4,APEX1,False,0.9435,1.1886,0.798,1.1584,1.0686,1.1113
96,PADI4,5.2076,7,APEX1,False,0.9435,1.1886,0.798,1.1584,1.0686,1.1113
96,HADHB,5.2076,7,APEX1,False,0.9435,1.1886,0.798,1.1584,1.0686,1.1113
96,RFC4,5.2076,7,APEX1,False,0.9435,1.1886,0.798,1.1584,1.0686,1.1113
96,SF3B3,5.2076,7,APEX1,False,0.9435,1.1886,0.798,1.1584,1.0686,1.1113
96,PERP,4.652,11,APEX1,False,0.9435,1.1886,0.798,1.1584,1.0686,1.1113
96,PRDX2,2.0455,12,APEX1,False,0.9435,1.1886,0.798,1.1584,1.0686,1.1113
96,KDM1A,1.0686,13,APEX1,False,0.9435,1.1886,0.798,1.1584,1.0686,1.1113
97,APEX1,8.8723,1,APEX1,True,1.0862,0.8488,1.082,0.9032,0.7863,1.1638
97,TNFRSF10C,5.8051,2,APEX1,False,1.0862,0.8488,1.082,0.9032,0.7863,1.1638
97,ARID5B,5.8051,2,APEX1,False,1.0862,0.8488,1.082,0.9032,0.7863,1.1638
97,DHFR,5.3807,4,APEX1,False,1.0862,0.8488,1.082,0.9032,0.7863,1.1638
97,BACE1,5.3807,4,APEX1,False,1.0862,0.8488,1.082,0.9032,0.7863,1.1638
97,SEC23B,5.3807,4,APEX1,False,1.0862,0.8488,1.082,0.9032,0.7863,1.1638
97,PADI4,4.9563,7,APEX1,False,1.0862,0.8488,1.082,0.9032,0.7863,1.1638
97,HADHB,4.9563,7,APEX1,False,1.0862,0.8488,1.082,0.9032,0.7863,1.1638
97,RFC4,4.9563,7,APEX1,False,1.0862,0.8488,1.082,0.9032,0.7863,1.1638
97,SF3B3,4.9563,7,APEX1,False,1.0862,0.8488,1.082,0.9032,0.7863,1.1638
97,PERP,4.3744,11,APEX1,False,1.0862,0.8488,1.082,0.9032,0.7863,1.1638
97,PRDX2,2.6338,12,APEX1,False,1.0862,0.8488,1.082,0.9032,0.7863,1.1638
97,KDM1A,0.7863,13,APEX1,False,1.0862,0.8488,1.082,0.9032,0.7863,1.1638
98,APEX1,9.6674,1,APEX1,True,1.2472,1.0688,0.8684,0.9826,0.9551,0.9515
98,TNFRSF10C,6.948,2,APEX1,False,1.2472,1.0688,0.8684,0.9826,0.9551,0.9515
98,ARID5B,6.948,2,APEX1,False,1.2472,1.0688,0.8684,0.9826,0.9551,0.9515
98,DHFR,6.4136,4,APEX1,False,1.2472,1.0688,0.8684,0.9826,0.9551,0.9515
98,BACE1,6.4136,4,APEX1,False,1.2472,1.0688,0.8684,0.9826,0.9551,0.9515
98,SEC23B,6.4136,4,APEX1,False,1.2472,1.0688,0.8684,0.9826,0.9551,0.9515
98,PADI4,5.8792,7,APEX1,False,1.2472,1.0688,0.8684,0.9826,0.9551,0.9515
98,HADHB,5.8792,7,APEX1,False,1.2472,1.0688,0.8684,0.9826,0.9551,0.9515
98,RFC4,5.8792,7,APEX1,False,1.2472,1.0688,0.8684,0.9826,0.9551,0.9515
98,SF3B3,5.8792,7,APEX1,False,1.2472,1.0688,0.8684,0.9826,0.9551,0.9515
98,PERP,5.4035,11,APEX1,False,1.2472,1.0688,0.8684,0.9826,0.9551,0.9515
98,PRDX2,3.0349,12,APEX1,False,1.2472,1.0688,0.8684,0.9826,0.9551,0.9515
98,KDM1A,0.9551,13,APEX1,False,1.2472,1.0688,0.8684,0.9826,0.9551,0.9515
99,APEX1,9.286,1,APEX1,True,0.8482,1.1613,1.1983,0.8609,0.7867,1.1462
99,TNFRSF10C,6.0286,2,APEX1,False,0.8482,1.1613,1.1983,0.8609,0.7867,1.1462
99,ARID5B,6.0286,2,APEX1,False,0.8482,1.1613,1.1983,0.8609,0.7867,1.1462
99,DHFR,5.4479,4,APEX1,False,0.8482,1.1613,1.1983,0.8609,0.7867,1.1462
99,BACE1,5.4479,4,APEX1,False,0.8482,1.1613,1.1983,0.8609,0.7867,1.1462
99,SEC23B,5.4479,4,APEX1,False,0.8482,1.1613,1.1983,0.8609,0.7867,1.1462
99,PADI4,4.8673,7,APEX1,False,0.8482,1.1613,1.1983,0.8609,0.7867,1.1462
99,HADHB,4.8673,7,APEX1,False,0.8482,1.1613,1.1983,0.8609,0.7867,1.1462
99,RFC4,4.8673,7,APEX1,False,0.8482,1.1613,1.1983,0.8609,0.7867,1.1462
99,SF3B3,4.8673,7,APEX1,False,0.8482,1.1613,1.1983,0.8609,0.7867,1.1462
99,PERP,4.2941,11,APEX1,False,0.8482,1.1613,1.1983,0.8609,0.7867,1.1462
99,PRDX2,2.1725,12,APEX1,False,0.8482,1.1613,1.1983,0.8609,0.7867,1.1462
99,KDM1A,0.7867,13,APEX1,False,0.8482,1.1613,1.1983,0.8609,0.7867,1.1462
100,APEX1,9.1821,1,APEX1,True,1.0099,1.0551,1.0526,0.8817,1.2442,0.8238
100,TNFRSF10C,6.1952,2,APEX1,False,1.0099,1.0551,1.0526,0.8817,1.2442,0.8238
100,ARID5B,6.1952,2,APEX1,False,1.0099,1.0551,1.0526,0.8817,1.2442,0.8238
100,DHFR,5.6676,4,APEX1,False,1.0099,1.0551,1.0526,0.8817,1.2442,0.8238
100,BACE1,5.6676,4,APEX1,False,1.0099,1.0551,1.0526,0.8817,1.2442,0.8238
100,SEC23B,5.6676,4,APEX1,False,1.0099,1.0551,1.0526,0.8817,1.2442,0.8238
100,PADI4,5.1401,7,APEX1,False,1.0099,1.0551,1.0526,0.8817,1.2442,0.8238
100,HADHB,5.1401,7,APEX1,False,1.0099,1.0551,1.0526,0.8817,1.2442,0.8238
100,RFC4,5.1401,7,APEX1,False,1.0099,1.0551,1.0526,0.8817,1.2442,0.8238
100,SF3B3,5.1401,7,APEX1,False,1.0099,1.0551,1.0526,0.8817,1.2442,0.8238
100,PERP,4.7282,11,APEX1,False,1.0099,1.0551,1.0526,0.8817,1.2442,0.8238
100,PRDX2,2.7537,12,APEX1,False,1.0099,1.0551,1.0526,0.8817,1.2442,0.8238
100,KDM1A,1.2442,13,APEX1,False,1.0099,1.0551,1.0526,0.8817,1.2442,0.8238
101,APEX1,9.0078,1,APEX1,True,0.9599,0.9277,1.0718,1.2017,1.1891,0.774
101,TNFRSF10C,5.6626,2,APEX1,False,0.9599,0.9277,1.0718,1.2017,1.1891,0.774
101,ARID5B,5.6626,2,APEX1,False,0.9599,0.9277,1.0718,1.2017,1.1891,0.774
101,DHFR,5.1988,4,APEX1,False,0.9599,0.9277,1.0718,1.2017,1.1891,0.774
101,BACE1,5.1988,4,APEX1,False,0.9599,0.9277,1.0718,1.2017,1.1891,0.774
101,SEC23B,5.1988,4,APEX1,False,0.9599,0.9277,1.0718,1.2017,1.1891,0.774
101,PADI4,4.735,7,APEX1,False,0.9599,0.9277,1.0718,1.2017,1.1891,0.774
101,HADHB,4.735,7,APEX1,False,0.9599,0.9277,1.0718,1.2017,1.1891,0.774
101,RFC4,4.735,7,APEX1,False,0.9599,0.9277,1.0718,1.2017,1.1891,0.774
101,SF3B3,4.735,7,APEX1,False,0.9599,0.9277,1.0718,1.2017,1.1891,0.774
101,PERP,4.3479,11,APEX1,False,0.9599,0.9277,1.0718,1.2017,1.1891,0.774
101,PRDX2,2.6974,12,APEX1,False,0.9599,0.9277,1.0718,1.2017,1.1891,0.774
101,KDM1A,1.1891,13,APEX1,False,0.9599,0.9277,1.0718,1.2017,1.1891,0.774
102,APEX1,8.5799,1,APEX1,True,0.8483,1.0301,1.0321,0.8805,0.7552,1.1359
102,TNFRSF10C,5.6353,2,APEX1,False,0.8483,1.0301,1.0321,0.8805,0.7552,1.1359
102,ARID5B,5.6353,2,APEX1,False,0.8483,1.0301,1.0321,0.8805,0.7552,1.1359
102,DHFR,5.1203,4,APEX1,False,0.8483,1.0301,1.0321,0.8805,0.7552,1.1359
102,BACE1,5.1203,4,APEX1,False,0.8483,1.0301,1.0321,0.8805,0.7552,1.1359
102,SEC23B,5.1203,4,APEX1,False,0.8483,1.0301,1.0321,0.8805,0.7552,1.1359
102,PADI4,4.6052,7,APEX1,False,0.8483,1.0301,1.0321,0.8805,0.7552,1.1359
102,HADHB,4.6052,7,APEX1,False,0.8483,1.0301,1.0321,0.8805,0.7552,1.1359
102,RFC4,4.6052,7,APEX1,False,0.8483,1.0301,1.0321,0.8805,0.7552,1.1359
102,SF3B3,4.6052,7,APEX1,False,0.8483,1.0301,1.0321,0.8805,0.7552,1.1359
102,PERP,4.0373,11,APEX1,False,0.8483,1.0301,1.0321,0.8805,0.7552,1.1359
102,PRDX2,2.0169,12,APEX1,False,0.8483,1.0301,1.0321,0.8805,0.7552,1.1359
102,KDM1A,0.7552,13,APEX1,False,0.8483,1.0301,1.0321,0.8805,0.7552,1.1359
103,APEX1,9.8401,1,APEX1,True,1.1115,1.1052,1.1596,0.871,1.0044,1.0688
103,TNFRSF10C,6.65,2,APEX1,False,1.1115,1.1052,1.1596,0.871,1.0044,1.0688
103,ARID5B,6.65,2,APEX1,False,1.1115,1.1052,1.1596,0.871,1.0044,1.0688
103,DHFR,6.0974,4,APEX1,False,1.1115,1.1052,1.1596,0.871,1.0044,1.0688
103,BACE1,6.0974,4,APEX1,False,1.1115,1.1052,1.1596,0.871,1.0044,1.0688
103,SEC23B,6.0974,4,APEX1,False,1.1115,1.1052,1.1596,0.871,1.0044,1.0688
103,PADI4,5.5448,7,APEX1,False,1.1115,1.1052,1.1596,0.871,1.0044,1.0688
103,HADHB,5.5448,7,APEX1,False,1.1115,1.1052,1.1596,0.871,1.0044,1.0688
103,RFC4,5.5448,7,APEX1,False,1.1115,1.1052,1.1596,0.871,1.0044,1.0688
103,SF3B3,5.5448,7,APEX1,False,1.1115,1.1052,1.1596,0.871,1.0044,1.0688
103,PERP,5.0104,11,APEX1,False,1.1115,1.1052,1.1596,0.871,1.0044,1.0688
103,PRDX2,2.8695,12,APEX1,False,1.1115,1.1052,1.1596,0.871,1.0044,1.0688
103,KDM1A,1.0044,13,APEX1,False,1.1115,1.1052,1.1596,0.871,1.0044,1.0688
104,APEX1,8.7577,1,APEX1,True,0.8608,1.2123,0.8717,0.7952,0.8361,1.2258
104,TNFRSF10C,6.2192,2,APEX1,False,0.8608,1.2123,0.8717,0.7952,0.8361,1.2258
104,ARID5B,6.2192,2,APEX1,False,0.8608,1.2123,0.8717,0.7952,0.8361,1.2258
104,DHFR,5.613,4,APEX1,False,0.8608,1.2123,0.8717,0.7952,0.8361,1.2258
104,BACE1,5.613,4,APEX1,False,0.8608,1.2123,0.8717,0.7952,0.8361,1.2258
104,SEC23B,5.613,4,APEX1,False,0.8608,1.2123,0.8717,0.7952,0.8361,1.2258
104,PADI4,5.0069,7,APEX1,False,0.8608,1.2123,0.8717,0.7952,0.8361,1.2258
104,HADHB,5.0069,7,APEX1,False,0.8608,1.2123,0.8717,0.7952,0.8361,1.2258
104,RFC4,5.0069,7,APEX1,False,0.8608,1.2123,0.8717,0.7952,0.8361,1.2258
104,SF3B3,5.0069,7,APEX1,False,0.8608,1.2123,0.8717,0.7952,0.8361,1.2258
104,PERP,4.394,11,APEX1,False,0.8608,1.2123,0.8717,0.7952,0.8361,1.2258
104,PRDX2,1.7978,12,APEX1,False,0.8608,1.2123,0.8717,0.7952,0.8361,1.2258
104,KDM1A,0.8361,13,APEX1,False,0.8608,1.2123,0.8717,0.7952,0.8361,1.2258
105,APEX1,8.8235,1,APEX1,True,0.9092,1.1119,0.9176,0.9253,0.971,1.0185
105,TNFRSF10C,6.0631,2,APEX1,False,0.9092,1.1119,0.9176,0.9253,0.971,1.0185
105,ARID5B,6.0631,2,APEX1,False,0.9092,1.1119,0.9176,0.9253,0.971,1.0185
105,DHFR,5.5072,4,APEX1,False,0.9092,1.1119,0.9176,0.9253,0.971,1.0185
105,BACE1,5.5072,4,APEX1,False,0.9092,1.1119,0.9176,0.9253,0.971,1.0185
105,SEC23B,5.5072,4,APEX1,False,0.9092,1.1119,0.9176,0.9253,0.971,1.0185
105,PADI4,4.9512,7,APEX1,False,0.9092,1.1119,0.9176,0.9253,0.971,1.0185
105,HADHB,4.9512,7,APEX1,False,0.9092,1.1119,0.9176,0.9253,0.971,1.0185
105,RFC4,4.9512,7,APEX1,False,0.9092,1.1119,0.9176,0.9253,0.971,1.0185
105,SF3B3,4.9512,7,APEX1,False,0.9092,1.1119,0.9176,0.9253,0.971,1.0185
105,PERP,4.442,11,APEX1,False,0.9092,1.1119,0.9176,0.9253,0.971,1.0185
105,PRDX2,2.172,12,APEX1,False,0.9092,1.1119,0.9176,0.9253,0.971,1.0185
105,KDM1A,0.971,13,APEX1,False,0.9092,1.1119,0.9176,0.9253,0.971,1.0185
106,APEX1,10.237,1,APEX1,True,1.2095,1.0254,1.2259,1.0802,1.1936,1.2241
106,TNFRSF10C,6.7049,2,APEX1,False,1.2095,1.0254,1.2259,1.0802,1.1936,1.2241
106,ARID5B,6.7049,2,APEX1,False,1.2095,1.0254,1.2259,1.0802,1.1936,1.2241
106,DHFR,6.1922,4,APEX1,False,1.2095,1.0254,1.2259,1.0802,1.1936,1.2241
106,BACE1,6.1922,4,APEX1,False,1.2095,1.0254,1.2259,1.0802,1.1936,1.2241
106,SEC23B,6.1922,4,APEX1,False,1.2095,1.0254,1.2259,1.0802,1.1936,1.2241
106,PADI4,5.6795,7,APEX1,False,1.2095,1.0254,1.2259,1.0802,1.1936,1.2241
106,HADHB,5.6795,7,APEX1,False,1.2095,1.0254,1.2259,1.0802,1.1936,1.2241
106,RFC4,5.6795,7,APEX1,False,1.2095,1.0254,1.2259,1.0802,1.1936,1.2241
106,SF3B3,5.6795,7,APEX1,False,1.2095,1.0254,1.2259,1.0802,1.1936,1.2241
106,PERP,5.0674,11,APEX1,False,1.2095,1.0254,1.2259,1.0802,1.1936,1.2241
106,PRDX2,3.0257,12,APEX1,False,1.2095,1.0254,1.2259,1.0802,1.1936,1.2241
106,KDM1A,1.1936,13,APEX1,False,1.2095,1.0254,1.2259,1.0802,1.1936,1.2241
107,APEX1,8.6624,1,APEX1,True,0.9573,1.0301,0.8936,0.9129,0.9271,0.7877
107,TNFRSF10C,5.9623,2,APEX1,False,0.9573,1.0301,0.8936,0.9129,0.9271,0.7877
107,ARID5B,5.9623,2,APEX1,False,0.9573,1.0301,0.8936,0.9129,0.9271,0.7877
107,DHFR,5.4473,4,APEX1,False,0.9573,1.0301,0.8936,0.9129,0.9271,0.7877
107,BACE1,5.4473,4,APEX1,False,0.9573,1.0301,0.8936,0.9129,0.9271,0.7877
107,SEC23B,5.4473,4,APEX1,False,0.9573,1.0301,0.8936,0.9129,0.9271,0.7877
107,PADI4,4.9322,7,APEX1,False,0.9573,1.0301,0.8936,0.9129,0.9271,0.7877
107,HADHB,4.9322,7,APEX1,False,0.9573,1.0301,0.8936,0.9129,0.9271,0.7877
107,RFC4,4.9322,7,APEX1,False,0.9573,1.0301,0.8936,0.9129,0.9271,0.7877
107,SF3B3,4.9322,7,APEX1,False,0.9573,1.0301,0.8936,0.9129,0.9271,0.7877
107,PERP,4.5383,11,APEX1,False,0.9573,1.0301,0.8936,0.9129,0.9271,0.7877
107,PRDX2,2.4992,12,APEX1,False,0.9573,1.0301,0.8936,0.9129,0.9271,0.7877
107,KDM1A,0.9271,13,APEX1,False,0.9573,1.0301,0.8936,0.9129,0.9271,0.7877
108,APEX1,10.2161,1,APEX1,True,1.1788,1.1168,1.1458,1.0376,0.7714,0.8595
108,TNFRSF10C,6.8868,2,APEX1,False,1.1788,1.1168,1.1458,1.0376,0.7714,0.8595
108,ARID5B,6.8868,2,APEX1,False,1.1788,1.1168,1.1458,1.0376,0.7714,0.8595
108,DHFR,6.3284,4,APEX1,False,1.1788,1.1168,1.1458,1.0376,0.7714,0.8595
108,BACE1,6.3284,4,APEX1,False,1.1788,1.1168,1.1458,1.0376,0.7714,0.8595
108,SEC23B,6.3284,4,APEX1,False,1.1788,1.1168,1.1458,1.0376,0.7714,0.8595
108,PADI4,5.77,7,APEX1,False,1.1788,1.1168,1.1458,1.0376,0.7714,0.8595
108,HADHB,5.77,7,APEX1,False,1.1788,1.1168,1.1458,1.0376,0.7714,0.8595
108,RFC4,5.77,7,APEX1,False,1.1788,1.1168,1.1458,1.0376,0.7714,0.8595
108,SF3B3,5.77,7,APEX1,False,1.1788,1.1168,1.1458,1.0376,0.7714,0.8595
108,PERP,5.3402,11,APEX1,False,1.1788,1.1168,1.1458,1.0376,0.7714,0.8595
108,PRDX2,3.2333,12,APEX1,False,1.1788,1.1168,1.1458,1.0376,0.7714,0.8595
108,KDM1A,0.7714,13,APEX1,False,1.1788,1.1168,1.1458,1.0376,0.7714,0.8595
109,APEX1,8.4628,1,APEX1,True,1.1795,0.7583,0.8123,1.0249,1.132,0.9048
109,TNFRSF10C,5.8133,2,APEX1,False,1.1795,0.7583,0.8123,1.0249,1.132,0.9048
109,ARID5B,5.8133,2,APEX1,False,1.1795,0.7583,0.8123,1.0249,1.132,0.9048
109,DHFR,5.4341,4,APEX1,False,1.1795,0.7583,0.8123,1.0249,1.132,0.9048
109,BACE1,5.4341,4,APEX1,False,1.1795,0.7583,0.8123,1.0249,1.132,0.9048
109,SEC23B,5.4341,4,APEX1,False,1.1795,0.7583,0.8123,1.0249,1.132,0.9048
109,PADI4,5.055,7,APEX1,False,1.1795,0.7583,0.8123,1.0249,1.132,0.9048
109,HADHB,5.055,7,APEX1,False,1.1795,0.7583,0.8123,1.0249,1.132,0.9048
109,RFC4,5.055,7,APEX1,False,1.1795,0.7583,0.8123,1.0249,1.132,0.9048
109,SF3B3,5.055,7,APEX1,False,1.1795,0.7583,0.8123,1.0249,1.132,0.9048
109,PERP,4.6026,11,APEX1,False,1.1795,0.7583,0.8123,1.0249,1.132,0.9048
109,PRDX2,2.8562,12,APEX1,False,1.1795,0.7583,0.8123,1.0249,1.132,0.9048
109,KDM1A,1.132,13,APEX1,False,1.1795,0.7583,0.8123,1.0249,1.132,0.9048
110,APEX1,9.0486,1,APEX1,True,0.925,1.048,1.0705,0.9886,1.2482,0.8107
110,TNFRSF10C,5.9189,2,APEX1,False,0.925,1.048,1.0705,0.9886,1.2482,0.8107
110,ARID5B,5.9189,2,APEX1,False,0.925,1.048,1.0705,0.9886,1.2482,0.8107
110,DHFR,5.3949,4,APEX1,False,0.925,1.048,1.0705,0.9886,1.2482,0.8107
110,BACE1,5.3949,4,APEX1,False,0.925,1.048,1.0705,0.9886,1.2482,0.8107
110,SEC23B,5.3949,4,APEX1,False,0.925,1.048,1.0705,0.9886,1.2482,0.8107
110,PADI4,4.8709,7,APEX1,False,0.925,1.048,1.0705,0.9886,1.2482,0.8107
110,HADHB,4.8709,7,APEX1,False,0.925,1.048,1.0705,0.9886,1.2482,0.8107
110,RFC4,4.8709,7,APEX1,False,0.925,1.048,1.0705,0.9886,1.2482,0.8107
110,SF3B3,4.8709,7,APEX1,False,0.925,1.048,1.0705,0.9886,1.2482,0.8107
110,PERP,4.4655,11,APEX1,False,0.925,1.048,1.0705,0.9886,1.2482,0.8107
110,PRDX2,2.5723,12,APEX1,False,0.925,1.048,1.0705,0.9886,1.2482,0.8107
110,KDM1A,1.2482,13,APEX1,False,0.925,1.048,1.0705,0.9886,1.2482,0.8107
111,APEX1,9.2018,1,APEX1,True,1.1376,0.7945,1.1098,1.1862,0.8022,1.1068
111,TNFRSF10C,5.7961,2,APEX1,False,1.1376,0.7945,1.1098,1.1862,0.8022,1.1068
111,ARID5B,5.7961,2,APEX1,False,1.1376,0.7945,1.1098,1.1862,0.8022,1.1068
111,DHFR,5.3989,4,APEX1,False,1.1376,0.7945,1.1098,1.1862,0.8022,1.1068
111,BACE1,5.3989,4,APEX1,False,1.1376,0.7945,1.1098,1.1862,0.8022,1.1068
111,SEC23B,5.3989,4,APEX1,False,1.1376,0.7945,1.1098,1.1862,0.8022,1.1068
111,PADI4,5.0016,7,APEX1,False,1.1376,0.7945,1.1098,1.1862,0.8022,1.1068
111,HADHB,5.0016,7,APEX1,False,1.1376,0.7945,1.1098,1.1862,0.8022,1.1068
111,RFC4,5.0016,7,APEX1,False,1.1376,0.7945,1.1098,1.1862,0.8022,1.1068
111,SF3B3,5.0016,7,APEX1,False,1.1376,0.7945,1.1098,1.1862,0.8022,1.1068
111,PERP,4.4482,11,APEX1,False,1.1376,0.7945,1.1098,1.1862,0.8022,1.1068
111,PRDX2,2.8468,12,APEX1,False,1.1376,0.7945,1.1098,1.1862,0.8022,1.1068
111,KDM1A,0.8022,13,APEX1,False,1.1376,0.7945,1.1098,1.1862,0.8022,1.1068
112,APEX1,8.1189,1,APEX1,True,0.7724,0.9628,0.8489,1.2154,1.188,0.7683
112,TNFRSF10C,5.2057,2,APEX1,False,0.7724,0.9628,0.8489,1.2154,1.188,0.7683
112,ARID5B,5.2057,2,APEX1,False,0.7724,0.9628,0.8489,1.2154,1.188,0.7683
112,DHFR,4.7243,4,APEX1,False,0.7724,0.9628,0.8489,1.2154,1.188,0.7683
112,BACE1,4.7243,4,APEX1,False,0.7724,0.9628,0.8489,1.2154,1.188,0.7683
112,SEC23B,4.7243,4,APEX1,False,0.7724,0.9628,0.8489,1.2154,1.188,0.7683
112,PADI4,4.2429,7,APEX1,False,0.7724,0.9628,0.8489,1.2154,1.188,0.7683
112,HADHB,4.2429,7,APEX1,False,0.7724,0.9628,0.8489,1.2154,1.188,0.7683
112,RFC4,4.2429,7,APEX1,False,0.7724,0.9628,0.8489,1.2154,1.188,0.7683
112,SF3B3,4.2429,7,APEX1,False,0.7724,0.9628,0.8489,1.2154,1.188,0.7683
112,PERP,3.8588,11,APEX1,False,0.7724,0.9628,0.8489,1.2154,1.188,0.7683
112,PRDX2,2.0117,12,APEX1,False,0.7724,0.9628,0.8489,1.2154,1.188,0.7683
112,KDM1A,1.188,13,APEX1,False,0.7724,0.9628,0.8489,1.2154,1.188,0.7683
113,APEX1,9.0854,1,APEX1,True,0.9151,1.0502,0.992,1.2056,0.999,0.8175
113,TNFRSF10C,5.8959,2,APEX1,False,0.9151,1.0502,0.992,1.2056,0.999,0.8175
113,ARID5B,5.8959,2,APEX1,False,0.9151,1.0502,0.992,1.2056,0.999,0.8175
113,DHFR,5.3708,4,APEX1,False,0.9151,1.0502,0.992,1.2056,0.999,0.8175
113,BACE1,5.3708,4,APEX1,False,0.9151,1.0502,0.992,1.2056,0.999,0.8175
113,SEC23B,5.3708,4,APEX1,False,0.9151,1.0502,0.992,1.2056,0.999,0.8175
113,PADI4,4.8456,7,APEX1,False,0.9151,1.0502,0.992,1.2056,0.999,0.8175
113,HADHB,4.8456,7,APEX1,False,0.9151,1.0502,0.992,1.2056,0.999,0.8175
113,RFC4,4.8456,7,APEX1,False,0.9151,1.0502,0.992,1.2056,0.999,0.8175
113,SF3B3,4.8456,7,APEX1,False,0.9151,1.0502,0.992,1.2056,0.999,0.8175
113,PERP,4.4369,11,APEX1,False,0.9151,1.0502,0.992,1.2056,0.999,0.8175
113,PRDX2,2.4622,12,APEX1,False,0.9151,1.0502,0.992,1.2056,0.999,0.8175
113,KDM1A,0.999,13,APEX1,False,0.9151,1.0502,0.992,1.2056,0.999,0.8175
114,APEX1,9.5818,1,APEX1,True,1.1171,0.9812,1.0867,1.1135,1.1422,1.1951
114,TNFRSF10C,6.2948,2,APEX1,False,1.1171,0.9812,1.0867,1.1135,1.1422,1.1951
114,ARID5B,6.2948,2,APEX1,False,1.1171,0.9812,1.0867,1.1135,1.1422,1.1951
114,DHFR,5.8042,4,APEX1,False,1.1171,0.9812,1.0867,1.1135,1.1422,1.1951
114,BACE1,5.8042,4,APEX1,False,1.1171,0.9812,1.0867,1.1135,1.1422,1.1951
114,SEC23B,5.8042,4,APEX1,False,1.1171,0.9812,1.0867,1.1135,1.1422,1.1951
114,PADI4,5.3137,7,APEX1,False,1.1171,0.9812,1.0867,1.1135,1.1422,1.1951
114,HADHB,5.3137,7,APEX1,False,1.1171,0.9812,1.0867,1.1135,1.1422,1.1951
114,RFC4,5.3137,7,APEX1,False,1.1171,0.9812,1.0867,1.1135,1.1422,1.1951
114,SF3B3,5.3137,7,APEX1,False,1.1171,0.9812,1.0867,1.1135,1.1422,1.1951
114,PERP,4.7161,11,APEX1,False,1.1171,0.9812,1.0867,1.1135,1.1422,1.1951
114,PRDX2,2.6844,12,APEX1,False,1.1171,0.9812,1.0867,1.1135,1.1422,1.1951
114,KDM1A,1.1422,13,APEX1,False,1.1171,0.9812,1.0867,1.1135,1.1422,1.1951
115,APEX1,10.1342,1,APEX1,True,1.2296,1.2396,0.9809,0.7649,0.9237,0.887
115,TNFRSF10C,7.4076,2,APEX1,False,1.2296,1.2396,0.9809,0.7649,0.9237,0.887
115,ARID5B,7.4076,2,APEX1,False,1.2296,1.2396,0.9809,0.7649,0.9237,0.887
115,DHFR,6.7878,4,APEX1,False,1.2296,1.2396,0.9809,0.7649,0.9237,0.887
115,BACE1,6.7878,4,APEX1,False,1.2296,1.2396,0.9809,0.7649,0.9237,0.887
115,SEC23B,6.7878,4,APEX1,False,1.2296,1.2396,0.9809,0.7649,0.9237,0.887
115,PADI4,6.168,7,APEX1,False,1.2296,1.2396,0.9809,0.7649,0.9237,0.887
115,HADHB,6.168,7,APEX1,False,1.2296,1.2396,0.9809,0.7649,0.9237,0.887
115,RFC4,6.168,7,APEX1,False,1.2296,1.2396,0.9809,0.7649,0.9237,0.887
115,SF3B3,6.168,7,APEX1,False,1.2296,1.2396,0.9809,0.7649,0.9237,0.887
115,PERP,5.7245,11,APEX1,False,1.2296,1.2396,0.9809,0.7649,0.9237,0.887
115,PRDX2,3.1679,12,APEX1,False,1.2296,1.2396,0.9809,0.7649,0.9237,0.887
115,KDM1A,0.9237,13,APEX1,False,1.2296,1.2396,0.9809,0.7649,0.9237,0.887
116,APEX1,7.3629,1,APEX1,True,0.8179,0.7512,0.8029,1.0496,1.2237,1.0576
116,TNFRSF10C,4.7073,2,APEX1,False,0.8179,0.7512,0.8029,1.0496,1.2237,1.0576
116,ARID5B,4.7073,2,APEX1,False,0.8179,0.7512,0.8029,1.0496,1.2237,1.0576
116,DHFR,4.3317,4,APEX1,False,0.8179,0.7512,0.8029,1.0496,1.2237,1.0576
116,BACE1,4.3317,4,APEX1,False,0.8179,0.7512,0.8029,1.0496,1.2237,1.0576
116,SEC23B,4.3317,4,APEX1,False,0.8179,0.7512,0.8029,1.0496,1.2237,1.0576
116,PADI4,3.9561,7,APEX1,False,0.8179,0.7512,0.8029,1.0496,1.2237,1.0576
116,HADHB,3.9561,7,APEX1,False,0.8179,0.7512,0.8029,1.0496,1.2237,1.0576
116,RFC4,3.9561,7,APEX1,False,0.8179,0.7512,0.8029,1.0496,1.2237,1.0576
116,SF3B3,3.9561,7,APEX1,False,0.8179,0.7512,0.8029,1.0496,1.2237,1.0576
116,PERP,3.4274,11,APEX1,False,0.8179,0.7512,0.8029,1.0496,1.2237,1.0576
116,PRDX2,1.7902,12,APEX1,False,0.8179,0.7512,0.8029,1.0496,1.2237,1.0576
116,KDM1A,1.2237,13,APEX1,False,0.8179,0.7512,0.8029,1.0496,1.2237,1.0576
117,APEX1,8.4594,1,APEX1,True,0.8878,0.8643,1.1924,0.8182,1.0128,1.1334
117,TNFRSF10C,5.2563,2,APEX1,False,0.8878,0.8643,1.1924,0.8182,1.0128,1.1334
117,ARID5B,5.2563,2,APEX1,False,0.8878,0.8643,1.1924,0.8182,1.0128,1.1334
117,DHFR,4.8242,4,APEX1,False,0.8878,0.8643,1.1924,0.8182,1.0128,1.1334
117,BACE1,4.8242,4,APEX1,False,0.8878,0.8643,1.1924,0.8182,1.0128,1.1334
117,SEC23B,4.8242,4,APEX1,False,0.8878,0.8643,1.1924,0.8182,1.0128,1.1334
117,PADI4,4.392,7,APEX1,False,0.8878,0.8643,1.1924,0.8182,1.0128,1.1334
117,HADHB,4.392,7,APEX1,False,0.8878,0.8643,1.1924,0.8182,1.0128,1.1334
117,RFC4,4.392,7,APEX1,False,0.8878,0.8643,1.1924,0.8182,1.0128,1.1334
117,SF3B3,4.392,7,APEX1,False,0.8878,0.8643,1.1924,0.8182,1.0128,1.1334
117,PERP,3.8253,11,APEX1,False,0.8878,0.8643,1.1924,0.8182,1.0128,1.1334
117,PRDX2,2.2784,12,APEX1,False,0.8878,0.8643,1.1924,0.8182,1.0128,1.1334
117,KDM1A,1.0128,13,APEX1,False,0.8878,0.8643,1.1924,0.8182,1.0128,1.1334
118,APEX1,9.3808,1,APEX1,True,1.0722,0.8092,1.2462,1.2444,0.7775,1.2389
118,TNFRSF10C,5.6441,2,APEX1,False,1.0722,0.8092,1.2462,1.2444,0.7775,1.2389
118,ARID5B,5.6441,2,APEX1,False,1.0722,0.8092,1.2462,1.2444,0.7775,1.2389
118,DHFR,5.2395,4,APEX1,False,1.0722,0.8092,1.2462,1.2444,0.7775,1.2389
118,BACE1,5.2395,4,APEX1,False,1.0722,0.8092,1.2462,1.2444,0.7775,1.2389
118,SEC23B,5.2395,4,APEX1,False,1.0722,0.8092,1.2462,1.2444,0.7775,1.2389
118,PADI4,4.8349,7,APEX1,False,1.0722,0.8092,1.2462,1.2444,0.7775,1.2389
118,HADHB,4.8349,7,APEX1,False,1.0722,0.8092,1.2462,1.2444,0.7775,1.2389
118,RFC4,4.8349,7,APEX1,False,1.0722,0.8092,1.2462,1.2444,0.7775,1.2389
118,SF3B3,4.8349,7,APEX1,False,1.0722,0.8092,1.2462,1.2444,0.7775,1.2389
118,PERP,4.2154,11,APEX1,False,1.0722,0.8092,1.2462,1.2444,0.7775,1.2389
118,PRDX2,2.6877,12,APEX1,False,1.0722,0.8092,1.2462,1.2444,0.7775,1.2389
118,KDM1A,0.7775,13,APEX1,False,1.0722,0.8092,1.2462,1.2444,0.7775,1.2389
119,APEX1,9.8752,1,APEX1,True,1.1741,1.0447,1.2341,0.7506,0.9429,1.2334
119,TNFRSF10C,6.6565,2,APEX1,False,1.1741,1.0447,1.2341,0.7506,0.9429,1.2334
119,ARID5B,6.6565,2,APEX1,False,1.1741,1.0447,1.2341,0.7506,0.9429,1.2334
119,DHFR,6.1341,4,APEX1,False,1.1741,1.0447,1.2341,0.7506,0.9429,1.2334
119,BACE1,6.1341,4,APEX1,False,1.1741,1.0447,1.2341,0.7506,0.9429,1.2334
119,SEC23B,6.1341,4,APEX1,False,1.1741,1.0447,1.2341,0.7506,0.9429,1.2334
119,PADI4,5.6118,7,APEX1,False,1.1741,1.0447,1.2341,0.7506,0.9429,1.2334
119,HADHB,5.6118,7,APEX1,False,1.1741,1.0447,1.2341,0.7506,0.9429,1.2334
119,RFC4,5.6118,7,APEX1,False,1.1741,1.0447,1.2341,0.7506,0.9429,1.2334
119,SF3B3,5.6118,7,APEX1,False,1.1741,1.0447,1.2341,0.7506,0.9429,1.2334
119,PERP,4.9951,11,APEX1,False,1.1741,1.0447,1.2341,0.7506,0.9429,1.2334
119,PRDX2,2.936,12,APEX1,False,1.1741,1.0447,1.2341,0.7506,0.9429,1.2334
119,KDM1A,0.9429,13,APEX1,False,1.1741,1.0447,1.2341,0.7506,0.9429,1.2334
120,APEX1,10.2083,1,APEX1,True,1.1837,1.2202,0.9141,1.1686,0.8354,0.8207
120,TNFRSF10C,7.2116,2,APEX1,False,1.1837,1.2202,0.9141,1.1686,0.8354,0.8207
120,ARID5B,7.2116,2,APEX1,False,1.1837,1.2202,0.9141,1.1686,0.8354,0.8207
120,DHFR,6.6016,4,APEX1,False,1.1837,1.2202,0.9141,1.1686,0.8354,0.8207
120,BACE1,6.6016,4,APEX1,False,1.1837,1.2202,0.9141,1.1686,0.8354,0.8207
120,SEC23B,6.6016,4,APEX1,False,1.1837,1.2202,0.9141,1.1686,0.8354,0.8207
120,PADI4,5.9915,7,APEX1,False,1.1837,1.2202,0.9141,1.1686,0.8354,0.8207
120,HADHB,5.9915,7,APEX1,False,1.1837,1.2202,0.9141,1.1686,0.8354,0.8207
120,RFC4,5.9915,7,APEX1,False,1.1837,1.2202,0.9141,1.1686,0.8354,0.8207
120,SF3B3,5.9915,7,APEX1,False,1.1837,1.2202,0.9141,1.1686,0.8354,0.8207
120,PERP,5.5811,11,APEX1,False,1.1837,1.2202,0.9141,1.1686,0.8354,0.8207
120,PRDX2,3.0526,12,APEX1,False,1.1837,1.2202,0.9141,1.1686,0.8354,0.8207
120,KDM1A,0.8354,13,APEX1,False,1.1837,1.2202,0.9141,1.1686,0.8354,0.8207
121,APEX1,8.6619,1,APEX1,True,0.7608,1.161,1.0144,0.8676,0.7808,1.2435
121,TNFRSF10C,5.7654,2,APEX1,False,0.7608,1.161,1.0144,0.8676,0.7808,1.2435
121,ARID5B,5.7654,2,APEX1,False,0.7608,1.161,1.0144,0.8676,0.7808,1.2435
121,DHFR,5.1849,4,APEX1,False,0.7608,1.161,1.0144,0.8676,0.7808,1.2435
121,BACE1,5.1849,4,APEX1,False,0.7608,1.161,1.0144,0.8676,0.7808,1.2435
121,SEC23B,5.1849,4,APEX1,False,0.7608,1.161,1.0144,0.8676,0.7808,1.2435
121,PADI4,4.6044,7,APEX1,False,0.7608,1.161,1.0144,0.8676,0.7808,1.2435
121,HADHB,4.6044,7,APEX1,False,0.7608,1.161,1.0144,0.8676,0.7808,1.2435
121,RFC4,4.6044,7,APEX1,False,0.7608,1.161,1.0144,0.8676,0.7808,1.2435
121,SF3B3,4.6044,7,APEX1,False,0.7608,1.161,1.0144,0.8676,0.7808,1.2435
121,PERP,3.9827,11,APEX1,False,0.7608,1.161,1.0144,0.8676,0.7808,1.2435
121,PRDX2,1.673,12,APEX1,False,0.7608,1.161,1.0144,0.8676,0.7808,1.2435
121,KDM1A,0.7808,13,APEX1,False,0.7608,1.161,1.0144,0.8676,0.7808,1.2435
122,APEX1,9.6919,1,APEX1,True,1.0386,1.2401,0.9023,1.0513,1.1186,0.9788
122,TNFRSF10C,6.8359,2,APEX1,False,1.0386,1.2401,0.9023,1.0513,1.1186,0.9788
122,ARID5B,6.8359,2,APEX1,False,1.0386,1.2401,0.9023,1.0513,1.1186,0.9788
122,DHFR,6.2159,4,APEX1,False,1.0386,1.2401,0.9023,1.0513,1.1186,0.9788
122,BACE1,6.2159,4,APEX1,False,1.0386,1.2401,0.9023,1.0513,1.1186,0.9788
122,SEC23B,6.2159,4,APEX1,False,1.0386,1.2401,0.9023,1.0513,1.1186,0.9788
122,PADI4,5.5958,7,APEX1,False,1.0386,1.2401,0.9023,1.0513,1.1186,0.9788
122,HADHB,5.5958,7,APEX1,False,1.0386,1.2401,0.9023,1.0513,1.1186,0.9788
122,RFC4,5.5958,7,APEX1,False,1.0386,1.2401,0.9023,1.0513,1.1186,0.9788
122,SF3B3,5.5958,7,APEX1,False,1.0386,1.2401,0.9023,1.0513,1.1186,0.9788
122,PERP,5.1064,11,APEX1,False,1.0386,1.2401,0.9023,1.0513,1.1186,0.9788
122,PRDX2,2.5199,12,APEX1,False,1.0386,1.2401,0.9023,1.0513,1.1186,0.9788
122,KDM1A,1.1186,13,APEX1,False,1.0386,1.2401,0.9023,1.0513,1.1186,0.9788
123,APEX1,10.3188,1,APEX1,True,1.1864,1.2313,0.915,1.2358,0.9234,0.9831
123,TNFRSF10C,7.2529,2,APEX1,False,1.1864,1.2313,0.915,1.2358,0.9234,0.9831
123,ARID5B,7.2529,2,APEX1,False,1.1864,1.2313,0.915,1.2358,0.9234,0.9831
123,DHFR,6.6373,4,APEX1,False,1.1864,1.2313,0.915,1.2358,0.9234,0.9831
123,BACE1,6.6373,4,APEX1,False,1.1864,1.2313,0.915,1.2358,0.9234,0.9831
123,SEC23B,6.6373,4,APEX1,False,1.1864,1.2313,0.915,1.2358,0.9234,0.9831
123,PADI4,6.0216,7,APEX1,False,1.1864,1.2313,0.915,1.2358,0.9234,0.9831
123,HADHB,6.0216,7,APEX1,False,1.1864,1.2313,0.915,1.2358,0.9234,0.9831
123,RFC4,6.0216,7,APEX1,False,1.1864,1.2313,0.915,1.2358,0.9234,0.9831
123,SF3B3,6.0216,7,APEX1,False,1.1864,1.2313,0.915,1.2358,0.9234,0.9831
123,PERP,5.5301,11,APEX1,False,1.1864,1.2313,0.915,1.2358,0.9234,0.9831
123,PRDX2,2.8978,12,APEX1,False,1.1864,1.2313,0.915,1.2358,0.9234,0.9831
123,KDM1A,0.9234,13,APEX1,False,1.1864,1.2313,0.915,1.2358,0.9234,0.9831
124,APEX1,9.2385,1,APEX1,True,0.9432,1.1506,1.0743,0.8087,0.8473,1.1154
124,TNFRSF10C,6.2813,2,APEX1,False,0.9432,1.1506,1.0743,0.8087,0.8473,1.1154
124,ARID5B,6.2813,2,APEX1,False,0.9432,1.1506,1.0743,0.8087,0.8473,1.1154
124,DHFR,5.706,4,APEX1,False,0.9432,1.1506,1.0743,0.8087,0.8473,1.1154
124,BACE1,5.706,4,APEX1,False,0.9432,1.1506,1.0743,0.8087,0.8473,1.1154
124,SEC23B,5.706,4,APEX1,False,0.9432,1.1506,1.0743,0.8087,0.8473,1.1154
124,PADI4,5.1307,7,APEX1,False,0.9432,1.1506,1.0743,0.8087,0.8473,1.1154
124,HADHB,5.1307,7,APEX1,False,0.9432,1.1506,1.0743,0.8087,0.8473,1.1154
124,RFC4,5.1307,7,APEX1,False,0.9432,1.1506,1.0743,0.8087,0.8473,1.1154
124,SF3B3,5.1307,7,APEX1,False,0.9432,1.1506,1.0743,0.8087,0.8473,1.1154
124,PERP,4.573,11,APEX1,False,0.9432,1.1506,1.0743,0.8087,0.8473,1.1154
124,PRDX2,2.3169,12,APEX1,False,0.9432,1.1506,1.0743,0.8087,0.8473,1.1154
124,KDM1A,0.8473,13,APEX1,False,0.9432,1.1506,1.0743,0.8087,0.8473,1.1154
125,APEX1,8.5456,1,APEX1,True,1.0358,0.8003,0.9253,1.1866,1.2033,0.9497
125,TNFRSF10C,5.5083,2,APEX1,False,1.0358,0.8003,0.9253,1.1866,1.2033,0.9497
125,ARID5B,5.5083,2,APEX1,False,1.0358,0.8003,0.9253,1.1866,1.2033,0.9497
125,DHFR,5.1082,4,APEX1,False,1.0358,0.8003,0.9253,1.1866,1.2033,0.9497
125,BACE1,5.1082,4,APEX1,False,1.0358,0.8003,0.9253,1.1866,1.2033,0.9497
125,SEC23B,5.1082,4,APEX1,False,1.0358,0.8003,0.9253,1.1866,1.2033,0.9497
125,PADI4,4.708,7,APEX1,False,1.0358,0.8003,0.9253,1.1866,1.2033,0.9497
125,HADHB,4.708,7,APEX1,False,1.0358,0.8003,0.9253,1.1866,1.2033,0.9497
125,RFC4,4.708,7,APEX1,False,1.0358,0.8003,0.9253,1.1866,1.2033,0.9497
125,SF3B3,4.708,7,APEX1,False,1.0358,0.8003,0.9253,1.1866,1.2033,0.9497
125,PERP,4.2332,11,APEX1,False,1.0358,0.8003,0.9253,1.1866,1.2033,0.9497
125,PRDX2,2.5651,12,APEX1,False,1.0358,0.8003,0.9253,1.1866,1.2033,0.9497
125,KDM1A,1.2033,13,APEX1,False,1.0358,0.8003,0.9253,1.1866,1.2033,0.9497
126,APEX1,8.5863,1,APEX1,True,1.0231,0.89,0.8038,1.2394,0.7684,0.978
126,TNFRSF10C,5.7393,2,APEX1,False,1.0231,0.89,0.8038,1.2394,0.7684,0.978
126,ARID5B,5.7393,2,APEX1,False,1.0231,0.89,0.8038,1.2394,0.7684,0.978
126,DHFR,5.2943,4,APEX1,False,1.0231,0.89,0.8038,1.2394,0.7684,0.978
126,BACE1,5.2943,4,APEX1,False,1.0231,0.89,0.8038,1.2394,0.7684,0.978
126,SEC23B,5.2943,4,APEX1,False,1.0231,0.89,0.8038,1.2394,0.7684,0.978
126,PADI4,4.8493,7,APEX1,False,1.0231,0.89,0.8038,1.2394,0.7684,0.978
126,HADHB,4.8493,7,APEX1,False,1.0231,0.89,0.8038,1.2394,0.7684,0.978
126,RFC4,4.8493,7,APEX1,False,1.0231,0.89,0.8038,1.2394,0.7684,0.978
126,SF3B3,4.8493,7,APEX1,False,1.0231,0.89,0.8038,1.2394,0.7684,0.978
126,PERP,4.3603,11,APEX1,False,1.0231,0.89,0.8038,1.2394,0.7684,0.978
126,PRDX2,2.3836,12,APEX1,False,1.0231,0.89,0.8038,1.2394,0.7684,0.978
126,KDM1A,0.7684,13,APEX1,False,1.0231,0.89,0.8038,1.2394,0.7684,0.978
127,APEX1,9.3872,1,APEX1,True,1.0075,0.92,1.2069,1.1908,1.1125,1.0195
127,TNFRSF10C,5.7825,2,APEX1,False,1.0075,0.92,1.2069,1.1908,1.1125,1.0195
127,ARID5B,5.7825,2,APEX1,False,1.0075,0.92,1.2069,1.1908,1.1125,1.0195
127,DHFR,5.3225,4,APEX1,False,1.0075,0.92,1.2069,1.1908,1.1125,1.0195
127,BACE1,5.3225,4,APEX1,False,1.0075,0.92,1.2069,1.1908,1.1125,1.0195
127,SEC23B,5.3225,4,APEX1,False,1.0075,0.92,1.2069,1.1908,1.1125,1.0195
127,PADI4,4.8625,7,APEX1,False,1.0075,0.92,1.2069,1.1908,1.1125,1.0195
127,HADHB,4.8625,7,APEX1,False,1.0075,0.92,1.2069,1.1908,1.1125,1.0195
127,RFC4,4.8625,7,APEX1,False,1.0075,0.92,1.2069,1.1908,1.1125,1.0195
127,SF3B3,4.8625,7,APEX1,False,1.0075,0.92,1.2069,1.1908,1.1125,1.0195
127,PERP,4.3527,11,APEX1,False,1.0075,0.92,1.2069,1.1908,1.1125,1.0195
127,PRDX2,2.7062,12,APEX1,False,1.0075,0.92,1.2069,1.1908,1.1125,1.0195
127,KDM1A,1.1125,13,APEX1,False,1.0075,0.92,1.2069,1.1908,1.1125,1.0195
128,APEX1,7.937,1,APEX1,True,0.849,0.7641,1.0858,0.9262,1.0267,1.0049
128,TNFRSF10C,4.8393,2,APEX1,False,0.849,0.7641,1.0858,0.9262,1.0267,1.0049
128,ARID5B,4.8393,2,APEX1,False,0.849,0.7641,1.0858,0.9262,1.0267,1.0049
128,DHFR,4.4573,4,APEX1,False,0.849,0.7641,1.0858,0.9262,1.0267,1.0049
128,BACE1,4.4573,4,APEX1,False,0.849,0.7641,1.0858,0.9262,1.0267,1.0049
128,SEC23B,4.4573,4,APEX1,False,0.849,0.7641,1.0858,0.9262,1.0267,1.0049
128,PADI4,4.0752,7,APEX1,False,0.849,0.7641,1.0858,0.9262,1.0267,1.0049
128,HADHB,4.0752,7,APEX1,False,0.849,0.7641,1.0858,0.9262,1.0267,1.0049
128,RFC4,4.0752,7,APEX1,False,0.849,0.7641,1.0858,0.9262,1.0267,1.0049
128,SF3B3,4.0752,7,APEX1,False,0.849,0.7641,1.0858,0.9262,1.0267,1.0049
128,PERP,3.5727,11,APEX1,False,0.849,0.7641,1.0858,0.9262,1.0267,1.0049
128,PRDX2,2.2033,12,APEX1,False,0.849,0.7641,1.0858,0.9262,1.0267,1.0049
128,KDM1A,1.0267,13,APEX1,False,0.849,0.7641,1.0858,0.9262,1.0267,1.0049
129,APEX1,9.9053,1,APEX1,True,1.0603,1.1054,1.1689,1.0704,1.1657,0.8652
129,TNFRSF10C,6.4971,2,APEX1,False,1.0603,1.1054,1.1689,1.0704,1.1657,0.8652
129,ARID5B,6.4971,2,APEX1,False,1.0603,1.1054,1.1689,1.0704,1.1657,0.8652
129,DHFR,5.9444,4,APEX1,False,1.0603,1.1054,1.1689,1.0704,1.1657,0.8652
129,BACE1,5.9444,4,APEX1,False,1.0603,1.1054,1.1689,1.0704,1.1657,0.8652
129,SEC23B,5.9444,4,APEX1,False,1.0603,1.1054,1.1689,1.0704,1.1657,0.8652
129,PADI4,5.3917,7,APEX1,False,1.0603,1.1054,1.1689,1.0704,1.1657,0.8652
129,HADHB,5.3917,7,APEX1,False,1.0603,1.1054,1.1689,1.0704,1.1657,0.8652
129,RFC4,5.3917,7,APEX1,False,1.0603,1.1054,1.1689,1.0704,1.1657,0.8652
129,SF3B3,5.3917,7,APEX1,False,1.0603,1.1054,1.1689,1.0704,1.1657,0.8652
129,PERP,4.9591,11,APEX1,False,1.0603,1.1054,1.1689,1.0704,1.1657,0.8652
129,PRDX2,2.9544,12,APEX1,False,1.0603,1.1054,1.1689,1.0704,1.1657,0.8652
129,KDM1A,1.1657,13,APEX1,False,1.0603,1.1054,1.1689,1.0704,1.1657,0.8652
130,APEX1,9.058,1,APEX1,True,0.9109,1.2047,0.8175,1.0762,0.9723,1.2028
130,TNFRSF10C,6.3467,2,APEX1,False,0.9109,1.2047,0.8175,1.0762,0.9723,1.2028
130,ARID5B,6.3467,2,APEX1,False,0.9109,1.2047,0.8175,1.0762,0.9723,1.2028
130,DHFR,5.7444,4,APEX1,False,0.9109,1.2047,0.8175,1.0762,0.9723,1.2028
130,BACE1,5.7444,4,APEX1,False,0.9109,1.2047,0.8175,1.0762,0.9723,1.2028
130,SEC23B,5.7444,4,APEX1,False,0.9109,1.2047,0.8175,1.0762,0.9723,1.2028
130,PADI4,5.1421,7,APEX1,False,0.9109,1.2047,0.8175,1.0762,0.9723,1.2028
130,HADHB,5.1421,7,APEX1,False,0.9109,1.2047,0.8175,1.0762,0.9723,1.2028
130,RFC4,5.1421,7,APEX1,False,0.9109,1.2047,0.8175,1.0762,0.9723,1.2028
130,SF3B3,5.1421,7,APEX1,False,0.9109,1.2047,0.8175,1.0762,0.9723,1.2028
130,PERP,4.5407,11,APEX1,False,0.9109,1.2047,0.8175,1.0762,0.9723,1.2028
130,PRDX2,1.892,12,APEX1,False,0.9109,1.2047,0.8175,1.0762,0.9723,1.2028
130,KDM1A,0.9723,13,APEX1,False,0.9109,1.2047,0.8175,1.0762,0.9723,1.2028
131,APEX1,8.7173,1,APEX1,True,0.7989,1.1423,0.9401,1.0136,1.0127,0.9573
131,TNFRSF10C,5.8236,2,APEX1,False,0.7989,1.1423,0.9401,1.0136,1.0127,0.9573
131,ARID5B,5.8236,2,APEX1,False,0.7989,1.1423,0.9401,1.0136,1.0127,0.9573
131,DHFR,5.2524,4,APEX1,False,0.7989,1.1423,0.9401,1.0136,1.0127,0.9573
131,BACE1,5.2524,4,APEX1,False,0.7989,1.1423,0.9401,1.0136,1.0127,0.9573
131,SEC23B,5.2524,4,APEX1,False,0.7989,1.1423,0.9401,1.0136,1.0127,0.9573
131,PADI4,4.6813,7,APEX1,False,0.7989,1.1423,0.9401,1.0136,1.0127,0.9573
131,HADHB,4.6813,7,APEX1,False,0.7989,1.1423,0.9401,1.0136,1.0127,0.9573
131,RFC4,4.6813,7,APEX1,False,0.7989,1.1423,0.9401,1.0136,1.0127,0.9573
131,SF3B3,4.6813,7,APEX1,False,0.7989,1.1423,0.9401,1.0136,1.0127,0.9573
131,PERP,4.2027,11,APEX1,False,0.7989,1.1423,0.9401,1.0136,1.0127,0.9573
131,PRDX2,1.9801,12,APEX1,False,0.7989,1.1423,0.9401,1.0136,1.0127,0.9573
131,KDM1A,1.0127,13,APEX1,False,0.7989,1.1423,0.9401,1.0136,1.0127,0.9573
132,APEX1,9.4759,1,APEX1,True,1.0469,0.9705,1.1333,1.1571,1.068,0.9897
132,TNFRSF10C,6.0521,2,APEX1,False,1.0469,0.9705,1.1333,1.1571,1.068,0.9897
132,ARID5B,6.0521,2,APEX1,False,1.0469,0.9705,1.1333,1.1571,1.068,0.9897
132,DHFR,5.5669,4,APEX1,False,1.0469,0.9705,1.1333,1.1571,1.068,0.9897
132,BACE1,5.5669,4,APEX1,False,1.0469,0.9705,1.1333,1.1571,1.068,0.9897
132,SEC23B,5.5669,4,APEX1,False,1.0469,0.9705,1.1333,1.1571,1.068,0.9897
132,PADI4,5.0816,7,APEX1,False,1.0469,0.9705,1.1333,1.1571,1.068,0.9897
132,HADHB,5.0816,7,APEX1,False,1.0469,0.9705,1.1333,1.1571,1.068,0.9897
132,RFC4,5.0816,7,APEX1,False,1.0469,0.9705,1.1333,1.1571,1.068,0.9897
132,SF3B3,5.0816,7,APEX1,False,1.0469,0.9705,1.1333,1.1571,1.068,0.9897
132,PERP,4.5868,11,APEX1,False,1.0469,0.9705,1.1333,1.1571,1.068,0.9897
132,PRDX2,2.7608,12,APEX1,False,1.0469,0.9705,1.1333,1.1571,1.068,0.9897
132,KDM1A,1.068,13,APEX1,False,1.0469,0.9705,1.1333,1.1571,1.068,0.9897
133,APEX1,9.383,1,APEX1,True,1.207,1.0405,0.8096,1.021,1.2361,1.0873
133,TNFRSF10C,6.7427,2,APEX1,False,1.207,1.0405,0.8096,1.021,1.2361,1.0873
133,ARID5B,6.7427,2,APEX1,False,1.207,1.0405,0.8096,1.021,1.2361,1.0873
133,DHFR,6.2224,4,APEX1,False,1.207,1.0405,0.8096,1.021,1.2361,1.0873
133,BACE1,6.2224,4,APEX1,False,1.207,1.0405,0.8096,1.021,1.2361,1.0873
133,SEC23B,6.2224,4,APEX1,False,1.207,1.0405,0.8096,1.021,1.2361,1.0873
133,PADI4,5.7022,7,APEX1,False,1.207,1.0405,0.8096,1.021,1.2361,1.0873
133,HADHB,5.7022,7,APEX1,False,1.207,1.0405,0.8096,1.021,1.2361,1.0873
133,RFC4,5.7022,7,APEX1,False,1.207,1.0405,0.8096,1.021,1.2361,1.0873
133,SF3B3,5.7022,7,APEX1,False,1.207,1.0405,0.8096,1.021,1.2361,1.0873
133,PERP,5.1585,11,APEX1,False,1.207,1.0405,0.8096,1.021,1.2361,1.0873
133,PRDX2,2.74,12,APEX1,False,1.207,1.0405,0.8096,1.021,1.2361,1.0873
133,KDM1A,1.2361,13,APEX1,False,1.207,1.0405,0.8096,1.021,1.2361,1.0873
134,APEX1,9.2548,1,APEX1,True,1.0225,0.9663,1.1754,0.9374,1.1781,1.0103
134,TNFRSF10C,5.9666,2,APEX1,False,1.0225,0.9663,1.1754,0.9374,1.1781,1.0103
134,ARID5B,5.9666,2,APEX1,False,1.0225,0.9663,1.1754,0.9374,1.1781,1.0103
134,DHFR,5.4834,4,APEX1,False,1.0225,0.9663,1.1754,0.9374,1.1781,1.0103
134,BACE1,5.4834,4,APEX1,False,1.0225,0.9663,1.1754,0.9374,1.1781,1.0103
134,SEC23B,5.4834,4,APEX1,False,1.0225,0.9663,1.1754,0.9374,1.1781,1.0103
134,PADI4,5.0003,7,APEX1,False,1.0225,0.9663,1.1754,0.9374,1.1781,1.0103
134,HADHB,5.0003,7,APEX1,False,1.0225,0.9663,1.1754,0.9374,1.1781,1.0103
134,RFC4,5.0003,7,APEX1,False,1.0225,0.9663,1.1754,0.9374,1.1781,1.0103
134,SF3B3,5.0003,7,APEX1,False,1.0225,0.9663,1.1754,0.9374,1.1781,1.0103
134,PERP,4.4951,11,APEX1,False,1.0225,0.9663,1.1754,0.9374,1.1781,1.0103
134,PRDX2,2.7214,12,APEX1,False,1.0225,0.9663,1.1754,0.9374,1.1781,1.0103
134,KDM1A,1.1781,13,APEX1,False,1.0225,0.9663,1.1754,0.9374,1.1781,1.0103
135,APEX1,9.1923,1,APEX1,True,0.9438,1.1616,0.8274,1.2214,0.8014,0.8985
135,TNFRSF10C,6.3162,2,APEX1,False,0.9438,1.1616,0.8274,1.2214,0.8014,0.8985
135,ARID5B,6.3162,2,APEX1,False,0.9438,1.1616,0.8274,1.2214,0.8014,0.8985
135,DHFR,5.7354,4,APEX1,False,0.9438,1.1616,0.8274,1.2214,0.8014,0.8985
135,BACE1,5.7354,4,APEX1,False,0.9438,1.1616,0.8274,1.2214,0.8014,0.8985
135,SEC23B,5.7354,4,APEX1,False,0.9438,1.1616,0.8274,1.2214,0.8014,0.8985
135,PADI4,5.1546,7,APEX1,False,0.9438,1.1616,0.8274,1.2214,0.8014,0.8985
135,HADHB,5.1546,7,APEX1,False,0.9438,1.1616,0.8274,1.2214,0.8014,0.8985
135,RFC4,5.1546,7,APEX1,False,0.9438,1.1616,0.8274,1.2214,0.8014,0.8985
135,SF3B3,5.1546,7,APEX1,False,0.9438,1.1616,0.8274,1.2214,0.8014,0.8985
135,PERP,4.7053,11,APEX1,False,0.9438,1.1616,0.8274,1.2214,0.8014,0.8985
135,PRDX2,2.2884,12,APEX1,False,0.9438,1.1616,0.8274,1.2214,0.8014,0.8985
135,KDM1A,0.8014,13,APEX1,False,0.9438,1.1616,0.8274,1.2214,0.8014,0.8985
136,APEX1,8.9037,1,APEX1,True,0.9059,1.1143,0.8161,1.211,1.1121,1.2102
136,TNFRSF10C,6.0606,2,APEX1,False,0.9059,1.1143,0.8161,1.211,1.1121,1.2102
136,ARID5B,6.0606,2,APEX1,False,0.9059,1.1143,0.8161,1.211,1.1121,1.2102
136,DHFR,5.5035,4,APEX1,False,0.9059,1.1143,0.8161,1.211,1.1121,1.2102
136,BACE1,5.5035,4,APEX1,False,0.9059,1.1143,0.8161,1.211,1.1121,1.2102
136,SEC23B,5.5035,4,APEX1,False,0.9059,1.1143,0.8161,1.211,1.1121,1.2102
136,PADI4,4.9463,7,APEX1,False,0.9059,1.1143,0.8161,1.211,1.1121,1.2102
136,HADHB,4.9463,7,APEX1,False,0.9059,1.1143,0.8161,1.211,1.1121,1.2102
136,RFC4,4.9463,7,APEX1,False,0.9059,1.1143,0.8161,1.211,1.1121,1.2102
136,SF3B3,4.9463,7,APEX1,False,0.9059,1.1143,0.8161,1.211,1.1121,1.2102
136,PERP,4.3412,11,APEX1,False,0.9059,1.1143,0.8161,1.211,1.1121,1.2102
136,PRDX2,1.8706,12,APEX1,False,0.9059,1.1143,0.8161,1.211,1.1121,1.2102
136,KDM1A,1.1121,13,APEX1,False,0.9059,1.1143,0.8161,1.211,1.1121,1.2102
137,APEX1,8.8094,1,APEX1,True,0.8821,1.1805,0.8137,0.9939,0.9328,1.2287
137,TNFRSF10C,6.188,2,APEX1,False,0.8821,1.1805,0.8137,0.9939,0.9328,1.2287
137,ARID5B,6.188,2,APEX1,False,0.8821,1.1805,0.8137,0.9939,0.9328,1.2287
137,DHFR,5.5977,4,APEX1,False,0.8821,1.1805,0.8137,0.9939,0.9328,1.2287
137,BACE1,5.5977,4,APEX1,False,0.8821,1.1805,0.8137,0.9939,0.9328,1.2287
137,SEC23B,5.5977,4,APEX1,False,0.8821,1.1805,0.8137,0.9939,0.9328,1.2287
137,PADI4,5.0075,7,APEX1,False,0.8821,1.1805,0.8137,0.9939,0.9328,1.2287
137,HADHB,5.0075,7,APEX1,False,0.8821,1.1805,0.8137,0.9939,0.9328,1.2287
137,RFC4,5.0075,7,APEX1,False,0.8821,1.1805,0.8137,0.9939,0.9328,1.2287
137,SF3B3,5.0075,7,APEX1,False,0.8821,1.1805,0.8137,0.9939,0.9328,1.2287
137,PERP,4.3931,11,APEX1,False,0.8821,1.1805,0.8137,0.9939,0.9328,1.2287
137,PRDX2,1.7903,12,APEX1,False,0.8821,1.1805,0.8137,0.9939,0.9328,1.2287
137,KDM1A,0.9328,13,APEX1,False,0.8821,1.1805,0.8137,0.9939,0.9328,1.2287
138,APEX1,9.0336,1,APEX1,True,1.1815,0.848,0.8589,1.2272,1.2353,0.9488
138,TNFRSF10C,6.0886,2,APEX1,False,1.1815,0.848,0.8589,1.2272,1.2353,0.9488
138,ARID5B,6.0886,2,APEX1,False,1.1815,0.848,0.8589,1.2272,1.2353,0.9488
138,DHFR,5.6646,4,APEX1,False,1.1815,0.848,0.8589,1.2272,1.2353,0.9488
138,BACE1,5.6646,4,APEX1,False,1.1815,0.848,0.8589,1.2272,1.2353,0.9488
138,SEC23B,5.6646,4,APEX1,False,1.1815,0.848,0.8589,1.2272,1.2353,0.9488
138,PADI4,5.2406,7,APEX1,False,1.1815,0.848,0.8589,1.2272,1.2353,0.9488
138,HADHB,5.2406,7,APEX1,False,1.1815,0.848,0.8589,1.2272,1.2353,0.9488
138,RFC4,5.2406,7,APEX1,False,1.1815,0.848,0.8589,1.2272,1.2353,0.9488
138,SF3B3,5.2406,7,APEX1,False,1.1815,0.848,0.8589,1.2272,1.2353,0.9488
138,PERP,4.7662,11,APEX1,False,1.1815,0.848,0.8589,1.2272,1.2353,0.9488
138,PRDX2,2.8638,12,APEX1,False,1.1815,0.848,0.8589,1.2272,1.2353,0.9488
138,KDM1A,1.2353,13,APEX1,False,1.1815,0.848,0.8589,1.2272,1.2353,0.9488
139,APEX1,8.7142,1,APEX1,True,0.7982,1.0591,1.1503,0.8418,1.0588,0.7646
139,TNFRSF10C,5.5719,2,APEX1,False,0.7982,1.0591,1.1503,0.8418,1.0588,0.7646
139,ARID5B,5.5719,2,APEX1,False,0.7982,1.0591,1.1503,0.8418,1.0588,0.7646
139,DHFR,5.0423,4,APEX1,False,0.7982,1.0591,1.1503,0.8418,1.0588,0.7646
139,BACE1,5.0423,4,APEX1,False,0.7982,1.0591,1.1503,0.8418,1.0588,0.7646
139,SEC23B,5.0423,4,APEX1,False,0.7982,1.0591,1.1503,0.8418,1.0588,0.7646
139,PADI4,4.5128,7,APEX1,False,0.7982,1.0591,1.1503,0.8418,1.0588,0.7646
139,HADHB,4.5128,7,APEX1,False,0.7982,1.0591,1.1503,0.8418,1.0588,0.7646
139,RFC4,4.5128,7,APEX1,False,0.7982,1.0591,1.1503,0.8418,1.0588,0.7646
139,SF3B3,4.5128,7,APEX1,False,0.7982,1.0591,1.1503,0.8418,1.0588,0.7646
139,PERP,4.1305,11,APEX1,False,0.7982,1.0591,1.1503,0.8418,1.0588,0.7646
139,PRDX2,2.3811,12,APEX1,False,0.7982,1.0591,1.1503,0.8418,1.0588,0.7646
139,KDM1A,1.0588,13,APEX1,False,0.7982,1.0591,1.1503,0.8418,1.0588,0.7646
140,APEX1,8.6038,1,APEX1,True,0.9677,1.0555,0.82,0.8943,0.8436,1.0905
140,TNFRSF10C,6.0696,2,APEX1,False,0.9677,1.0555,0.82,0.8943,0.8436,1.0905
140,ARID5B,6.0696,2,APEX1,False,0.9677,1.0555,0.82,0.8943,0.8436,1.0905
140,DHFR,5.5418,4,APEX1,False,0.9677,1.0555,0.82,0.8943,0.8436,1.0905
140,BACE1,5.5418,4,APEX1,False,0.9677,1.0555,0.82,0.8943,0.8436,1.0905
140,SEC23B,5.5418,4,APEX1,False,0.9677,1.0555,0.82,0.8943,0.8436,1.0905
140,PADI4,5.0141,7,APEX1,False,0.9677,1.0555,0.82,0.8943,0.8436,1.0905
140,HADHB,5.0141,7,APEX1,False,0.9677,1.0555,0.82,0.8943,0.8436,1.0905
140,RFC4,5.0141,7,APEX1,False,0.9677,1.0555,0.82,0.8943,0.8436,1.0905
140,SF3B3,5.0141,7,APEX1,False,0.9677,1.0555,0.82,0.8943,0.8436,1.0905
140,PERP,4.4688,11,APEX1,False,0.9677,1.0555,0.82,0.8943,0.8436,1.0905
140,PRDX2,2.1487,12,APEX1,False,0.9677,1.0555,0.82,0.8943,0.8436,1.0905
140,KDM1A,0.8436,13,APEX1,False,0.9677,1.0555,0.82,0.8943,0.8436,1.0905
141,APEX1,9.9452,1,APEX1,True,1.1875,1.0829,1.0767,0.9806,0.9454,0.7902
141,TNFRSF10C,6.8112,2,APEX1,False,1.1875,1.0829,1.0767,0.9806,0.9454,0.7902
141,ARID5B,6.8112,2,APEX1,False,1.1875,1.0829,1.0767,0.9806,0.9454,0.7902
141,DHFR,6.2698,4,APEX1,False,1.1875,1.0829,1.0767,0.9806,0.9454,0.7902
141,BACE1,6.2698,4,APEX1,False,1.1875,1.0829,1.0767,0.9806,0.9454,0.7902
141,SEC23B,6.2698,4,APEX1,False,1.1875,1.0829,1.0767,0.9806,0.9454,0.7902
141,PADI4,5.7283,7,APEX1,False,1.1875,1.0829,1.0767,0.9806,0.9454,0.7902
141,HADHB,5.7283,7,APEX1,False,1.1875,1.0829,1.0767,0.9806,0.9454,0.7902
141,RFC4,5.7283,7,APEX1,False,1.1875,1.0829,1.0767,0.9806,0.9454,0.7902
141,SF3B3,5.7283,7,APEX1,False,1.1875,1.0829,1.0767,0.9806,0.9454,0.7902
141,PERP,5.3332,11,APEX1,False,1.1875,1.0829,1.0767,0.9806,0.9454,0.7902
141,PRDX2,3.2552,12,APEX1,False,1.1875,1.0829,1.0767,0.9806,0.9454,0.7902
141,KDM1A,0.9454,13,APEX1,False,1.1875,1.0829,1.0767,0.9806,0.9454,0.7902
142,APEX1,8.1837,1,APEX1,True,1.012,0.8788,0.848,0.8154,1.1707,0.7839
142,TNFRSF10C,5.6724,2,APEX1,False,1.012,0.8788,0.848,0.8154,1.1707,0.7839
142,ARID5B,5.6724,2,APEX1,False,1.012,0.8788,0.848,0.8154,1.1707,0.7839
142,DHFR,5.233,4,APEX1,False,1.012,0.8788,0.848,0.8154,1.1707,0.7839
142,BACE1,5.233,4,APEX1,False,1.012,0.8788,0.848,0.8154,1.1707,0.7839
142,SEC23B,5.233,4,APEX1,False,1.012,0.8788,0.848,0.8154,1.1707,0.7839
142,PADI4,4.7936,7,APEX1,False,1.012,0.8788,0.848,0.8154,1.1707,0.7839
142,HADHB,4.7936,7,APEX1,False,1.012,0.8788,0.848,0.8154,1.1707,0.7839
142,RFC4,4.7936,7,APEX1,False,1.012,0.8788,0.848,0.8154,1.1707,0.7839
142,SF3B3,4.7936,7,APEX1,False,1.012,0.8788,0.848,0.8154,1.1707,0.7839
142,PERP,4.4017,11,APEX1,False,1.012,0.8788,0.848,0.8154,1.1707,0.7839
142,PRDX2,2.5942,12,APEX1,False,1.012,0.8788,0.848,0.8154,1.1707,0.7839
142,KDM1A,1.1707,13,APEX1,False,1.012,0.8788,0.848,0.8154,1.1707,0.7839
143,APEX1,8.0788,1,APEX1,True,0.8047,1.0285,0.7716,1.036,0.9682,0.8008
143,TNFRSF10C,5.4996,2,APEX1,False,0.8047,1.0285,0.7716,1.036,0.9682,0.8008
143,ARID5B,5.4996,2,APEX1,False,0.8047,1.0285,0.7716,1.036,0.9682,0.8008
143,DHFR,4.9854,4,APEX1,False,0.8047,1.0285,0.7716,1.036,0.9682,0.8008
143,BACE1,4.9854,4,APEX1,False,0.8047,1.0285,0.7716,1.036,0.9682,0.8008
143,SEC23B,4.9854,4,APEX1,False,0.8047,1.0285,0.7716,1.036,0.9682,0.8008
143,PADI4,4.4711,7,APEX1,False,0.8047,1.0285,0.7716,1.036,0.9682,0.8008
143,HADHB,4.4711,7,APEX1,False,0.8047,1.0285,0.7716,1.036,0.9682,0.8008
143,RFC4,4.4711,7,APEX1,False,0.8047,1.0285,0.7716,1.036,0.9682,0.8008
143,SF3B3,4.4711,7,APEX1,False,0.8047,1.0285,0.7716,1.036,0.9682,0.8008
143,PERP,4.0707,11,APEX1,False,0.8047,1.0285,0.7716,1.036,0.9682,0.8008
143,PRDX2,1.9826,12,APEX1,False,0.8047,1.0285,0.7716,1.036,0.9682,0.8008
143,KDM1A,0.9682,13,APEX1,False,0.8047,1.0285,0.7716,1.036,0.9682,0.8008
144,APEX1,8.7626,1,APEX1,True,0.7705,1.0963,0.9956,1.171,0.8231,1.2472
144,TNFRSF10C,5.6003,2,APEX1,False,0.7705,1.0963,0.9956,1.171,0.8231,1.2472
144,ARID5B,5.6003,2,APEX1,False,0.7705,1.0963,0.9956,1.171,0.8231,1.2472
144,DHFR,5.0521,4,APEX1,False,0.7705,1.0963,0.9956,1.171,0.8231,1.2472
144,BACE1,5.0521,4,APEX1,False,0.7705,1.0963,0.9956,1.171,0.8231,1.2472
144,SEC23B,5.0521,4,APEX1,False,0.7705,1.0963,0.9956,1.171,0.8231,1.2472
144,PADI4,4.504,7,APEX1,False,0.7705,1.0963,0.9956,1.171,0.8231,1.2472
144,HADHB,4.504,7,APEX1,False,0.7705,1.0963,0.9956,1.171,0.8231,1.2472
144,RFC4,4.504,7,APEX1,False,0.7705,1.0963,0.9956,1.171,0.8231,1.2472
144,SF3B3,4.504,7,APEX1,False,0.7705,1.0963,0.9956,1.171,0.8231,1.2472
144,PERP,3.8804,11,APEX1,False,0.7705,1.0963,0.9956,1.171,0.8231,1.2472
144,PRDX2,1.6746,12,APEX1,False,0.7705,1.0963,0.9956,1.171,0.8231,1.2472
144,KDM1A,0.8231,13,APEX1,False,0.7705,1.0963,0.9956,1.171,0.8231,1.2472
145,APEX1,8.4788,1,APEX1,True,0.7987,0.8483,1.2168,1.1043,1.1633,1.041
145,TNFRSF10C,4.9408,2,APEX1,False,0.7987,0.8483,1.2168,1.1043,1.1633,1.041
145,ARID5B,4.9408,2,APEX1,False,0.7987,0.8483,1.2168,1.1043,1.1633,1.041
145,DHFR,4.5167,4,APEX1,False,0.7987,0.8483,1.2168,1.1043,1.1633,1.041
145,BACE1,4.5167,4,APEX1,False,0.7987,0.8483,1.2168,1.1043,1.1633,1.041
145,SEC23B,4.5167,4,APEX1,False,0.7987,0.8483,1.2168,1.1043,1.1633,1.041
145,PADI4,4.0925,7,APEX1,False,0.7987,0.8483,1.2168,1.1043,1.1633,1.041
145,HADHB,4.0925,7,APEX1,False,0.7987,0.8483,1.2168,1.1043,1.1633,1.041
145,RFC4,4.0925,7,APEX1,False,0.7987,0.8483,1.2168,1.1043,1.1633,1.041
145,SF3B3,4.0925,7,APEX1,False,0.7987,0.8483,1.2168,1.1043,1.1633,1.041
145,PERP,3.5721,11,APEX1,False,0.7987,0.8483,1.2168,1.1043,1.1633,1.041
145,PRDX2,2.1726,12,APEX1,False,0.7987,0.8483,1.2168,1.1043,1.1633,1.041
145,KDM1A,1.1633,13,APEX1,False,0.7987,0.8483,1.2168,1.1043,1.1633,1.041
146,APEX1,8.6882,1,APEX1,True,0.9269,1.1404,0.823,0.84,0.8618,1.2151
146,TNFRSF10C,6.2021,2,APEX1,False,0.9269,1.1404,0.823,0.84,0.8618,1.2151
146,ARID5B,6.2021,2,APEX1,False,0.9269,1.1404,0.823,0.84,0.8618,1.2151
146,DHFR,5.6319,4,APEX1,False,0.9269,1.1404,0.823,0.84,0.8618,1.2151
146,BACE1,5.6319,4,APEX1,False,0.9269,1.1404,0.823,0.84,0.8618,1.2151
146,SEC23B,5.6319,4,APEX1,False,0.9269,1.1404,0.823,0.84,0.8618,1.2151
146,PADI4,5.0616,7,APEX1,False,0.9269,1.1404,0.823,0.84,0.8618,1.2151
146,HADHB,5.0616,7,APEX1,False,0.9269,1.1404,0.823,0.84,0.8618,1.2151
146,RFC4,5.0616,7,APEX1,False,0.9269,1.1404,0.823,0.84,0.8618,1.2151
146,SF3B3,5.0616,7,APEX1,False,0.9269,1.1404,0.823,0.84,0.8618,1.2151
146,PERP,4.4541,11,APEX1,False,0.9269,1.1404,0.823,0.84,0.8618,1.2151
146,PRDX2,1.9253,12,APEX1,False,0.9269,1.1404,0.823,0.84,0.8618,1.2151
146,KDM1A,0.8618,13,APEX1,False,0.9269,1.1404,0.823,0.84,0.8618,1.2151
147,APEX1,7.3979,1,APEX1,True,0.7535,0.9106,0.7531,0.8993,0.8618,1.0753
147,TNFRSF10C,4.9925,2,APEX1,False,0.7535,0.9106,0.7531,0.8993,0.8618,1.0753
147,ARID5B,4.9925,2,APEX1,False,0.7535,0.9106,0.7531,0.8993,0.8618,1.0753
147,DHFR,4.5372,4,APEX1,False,0.7535,0.9106,0.7531,0.8993,0.8618,1.0753
147,BACE1,4.5372,4,APEX1,False,0.7535,0.9106,0.7531,0.8993,0.8618,1.0753
147,SEC23B,4.5372,4,APEX1,False,0.7535,0.9106,0.7531,0.8993,0.8618,1.0753
147,PADI4,4.0818,7,APEX1,False,0.7535,0.9106,0.7531,0.8993,0.8618,1.0753
147,HADHB,4.0818,7,APEX1,False,0.7535,0.9106,0.7531,0.8993,0.8618,1.0753
147,RFC4,4.0818,7,APEX1,False,0.7535,0.9106,0.7531,0.8993,0.8618,1.0753
147,SF3B3,4.0818,7,APEX1,False,0.7535,0.9106,0.7531,0.8993,0.8618,1.0753
147,PERP,3.5442,11,APEX1,False,0.7535,0.9106,0.7531,0.8993,0.8618,1.0753
147,PRDX2,1.5616,12,APEX1,False,0.7535,0.9106,0.7531,0.8993,0.8618,1.0753
147,KDM1A,0.8618,13,APEX1,False,0.7535,0.9106,0.7531,0.8993,0.8618,1.0753
148,APEX1,8.4076,1,APEX1,True,0.947,0.8879,1.016,0.871,1.0706,1.1127
148,TNFRSF10C,5.5047,2,APEX1,False,0.947,0.8879,1.016,0.871,1.0706,1.1127
148,ARID5B,5.5047,2,APEX1,False,0.947,0.8879,1.016,0.871,1.0706,1.1127
148,DHFR,5.0607,4,APEX1,False,0.947,0.8879,1.016,0.871,1.0706,1.1127
148,BACE1,5.0607,4,APEX1,False,0.947,0.8879,1.016,0.871,1.0706,1.1127
148,SEC23B,5.0607,4,APEX1,False,0.947,0.8879,1.016,0.871,1.0706,1.1127
148,PADI4,4.6168,7,APEX1,False,0.947,0.8879,1.016,0.871,1.0706,1.1127
148,HADHB,4.6168,7,APEX1,False,0.947,0.8879,1.016,0.871,1.0706,1.1127
148,RFC4,4.6168,7,APEX1,False,0.947,0.8879,1.016,0.871,1.0706,1.1127
148,SF3B3,4.6168,7,APEX1,False,0.947,0.8879,1.016,0.871,1.0706,1.1127
148,PERP,4.0605,11,APEX1,False,0.947,0.8879,1.016,0.871,1.0706,1.1127
148,PRDX2,2.2709,12,APEX1,False,0.947,0.8879,1.016,0.871,1.0706,1.1127
148,KDM1A,1.0706,13,APEX1,False,0.947,0.8879,1.016,0.871,1.0706,1.1127
149,APEX1,8.9,1,APEX1,True,0.7547,1.0648,1.1954,1.0509,0.8724,0.7799
149,TNFRSF10C,5.4583,2,APEX1,False,0.7547,1.0648,1.1954,1.0509,0.8724,0.7799
149,ARID5B,5.4583,2,APEX1,False,0.7547,1.0648,1.1954,1.0509,0.8724,0.7799
149,DHFR,4.9259,4,APEX1,False,0.7547,1.0648,1.1954,1.0509,0.8724,0.7799
149,BACE1,4.9259,4,APEX1,False,0.7547,1.0648,1.1954,1.0509,0.8724,0.7799
149,SEC23B,4.9259,4,APEX1,False,0.7547,1.0648,1.1954,1.0509,0.8724,0.7799
149,PADI4,4.3935,7,APEX1,False,0.7547,1.0648,1.1954,1.0509,0.8724,0.7799
149,HADHB,4.3935,7,APEX1,False,0.7547,1.0648,1.1954,1.0509,0.8724,0.7799
149,RFC4,4.3935,7,APEX1,False,0.7547,1.0648,1.1954,1.0509,0.8724,0.7799
149,SF3B3,4.3935,7,APEX1,False,0.7547,1.0648,1.1954,1.0509,0.8724,0.7799
149,PERP,4.0036,11,APEX1,False,0.7547,1.0648,1.1954,1.0509,0.8724,0.7799
149,PRDX2,2.3022,12,APEX1,False,0.7547,1.0648,1.1954,1.0509,0.8724,0.7799
149,KDM1A,0.8724,13,APEX1,False,0.7547,1.0648,1.1954,1.0509,0.8724,0.7799
150,APEX1,9.3982,1,APEX1,True,1.2072,0.9172,1.037,0.9509,1.1357,0.7571
150,TNFRSF10C,6.3734,2,APEX1,False,1.2072,0.9172,1.037,0.9509,1.1357,0.7571
150,ARID5B,6.3734,2,APEX1,False,1.2072,0.9172,1.037,0.9509,1.1357,0.7571
150,DHFR,5.9148,4,APEX1,False,1.2072,0.9172,1.037,0.9509,1.1357,0.7571
150,BACE1,5.9148,4,APEX1,False,1.2072,0.9172,1.037,0.9509,1.1357,0.7571
150,SEC23B,5.9148,4,APEX1,False,1.2072,0.9172,1.037,0.9509,1.1357,0.7571
150,PADI4,5.4562,7,APEX1,False,1.2072,0.9172,1.037,0.9509,1.1357,0.7571
150,HADHB,5.4562,7,APEX1,False,1.2072,0.9172,1.037,0.9509,1.1357,0.7571
150,RFC4,5.4562,7,APEX1,False,1.2072,0.9172,1.037,0.9509,1.1357,0.7571
150,SF3B3,5.4562,7,APEX1,False,1.2072,0.9172,1.037,0.9509,1.1357,0.7571
150,PERP,5.0776,11,APEX1,False,1.2072,0.9172,1.037,0.9509,1.1357,0.7571
150,PRDX2,3.298,12,APEX1,False,1.2072,0.9172,1.037,0.9509,1.1357,0.7571
150,KDM1A,1.1357,13,APEX1,False,1.2072,0.9172,1.037,0.9509,1.1357,0.7571
151,APEX1,10.7236,1,APEX1,True,1.1603,1.2004,1.2166,1.2083,1.1337,1.1306
151,TNFRSF10C,7.0821,2,APEX1,False,1.1603,1.2004,1.2166,1.2083,1.1337,1.1306
151,ARID5B,7.0821,2,APEX1,False,1.1603,1.2004,1.2166,1.2083,1.1337,1.1306
151,DHFR,6.4819,4,APEX1,False,1.1603,1.2004,1.2166,1.2083,1.1337,1.1306
151,BACE1,6.4819,4,APEX1,False,1.1603,1.2004,1.2166,1.2083,1.1337,1.1306
151,SEC23B,6.4819,4,APEX1,False,1.1603,1.2004,1.2166,1.2083,1.1337,1.1306
151,PADI4,5.8817,7,APEX1,False,1.1603,1.2004,1.2166,1.2083,1.1337,1.1306
151,HADHB,5.8817,7,APEX1,False,1.1603,1.2004,1.2166,1.2083,1.1337,1.1306
151,RFC4,5.8817,7,APEX1,False,1.1603,1.2004,1.2166,1.2083,1.1337,1.1306
151,SF3B3,5.8817,7,APEX1,False,1.1603,1.2004,1.2166,1.2083,1.1337,1.1306
151,PERP,5.3164,11,APEX1,False,1.1603,1.2004,1.2166,1.2083,1.1337,1.1306
151,PRDX2,2.9866,12,APEX1,False,1.1603,1.2004,1.2166,1.2083,1.1337,1.1306
151,KDM1A,1.1337,13,APEX1,False,1.1603,1.2004,1.2166,1.2083,1.1337,1.1306
152,APEX1,8.4828,1,APEX1,True,0.8931,1.0277,0.7575,1.2053,1.1212,1.1103
152,TNFRSF10C,5.7625,2,APEX1,False,0.8931,1.0277,0.7575,1.2053,1.1212,1.1103
152,ARID5B,5.7625,2,APEX1,False,0.8931,1.0277,0.7575,1.2053,1.1212,1.1103
152,DHFR,5.2486,4,APEX1,False,0.8931,1.0277,0.7575,1.2053,1.1212,1.1103
152,BACE1,5.2486,4,APEX1,False,0.8931,1.0277,0.7575,1.2053,1.1212,1.1103
152,SEC23B,5.2486,4,APEX1,False,0.8931,1.0277,0.7575,1.2053,1.1212,1.1103
152,PADI4,4.7348,7,APEX1,False,0.8931,1.0277,0.7575,1.2053,1.1212,1.1103
152,HADHB,4.7348,7,APEX1,False,0.8931,1.0277,0.7575,1.2053,1.1212,1.1103
152,RFC4,4.7348,7,APEX1,False,0.8931,1.0277,0.7575,1.2053,1.1212,1.1103
152,SF3B3,4.7348,7,APEX1,False,0.8931,1.0277,0.7575,1.2053,1.1212,1.1103
152,PERP,4.1796,11,APEX1,False,0.8931,1.0277,0.7575,1.2053,1.1212,1.1103
152,PRDX2,1.8799,12,APEX1,False,0.8931,1.0277,0.7575,1.2053,1.1212,1.1103
152,KDM1A,1.1212,13,APEX1,False,0.8931,1.0277,0.7575,1.2053,1.1212,1.1103
153,APEX1,10.5861,1,APEX1,True,1.1258,1.2151,1.1601,1.2432,0.7506,1.147
153,TNFRSF10C,7.0227,2,APEX1,False,1.1258,1.2151,1.1601,1.2432,0.7506,1.147
153,ARID5B,7.0227,2,APEX1,False,1.1258,1.2151,1.1601,1.2432,0.7506,1.147
153,DHFR,6.4152,4,APEX1,False,1.1258,1.2151,1.1601,1.2432,0.7506,1.147
153,BACE1,6.4152,4,APEX1,False,1.1258,1.2151,1.1601,1.2432,0.7506,1.147
153,SEC23B,6.4152,4,APEX1,False,1.1258,1.2151,1.1601,1.2432,0.7506,1.147
153,PADI4,5.8076,7,APEX1,False,1.1258,1.2151,1.1601,1.2432,0.7506,1.147
153,HADHB,5.8076,7,APEX1,False,1.1258,1.2151,1.1601,1.2432,0.7506,1.147
153,RFC4,5.8076,7,APEX1,False,1.1258,1.2151,1.1601,1.2432,0.7506,1.147
153,SF3B3,5.8076,7,APEX1,False,1.1258,1.2151,1.1601,1.2432,0.7506,1.147
153,PERP,5.2341,11,APEX1,False,1.1258,1.2151,1.1601,1.2432,0.7506,1.147
153,PRDX2,2.8275,12,APEX1,False,1.1258,1.2151,1.1601,1.2432,0.7506,1.147
153,KDM1A,0.7506,13,APEX1,False,1.1258,1.2151,1.1601,1.2432,0.7506,1.147
154,APEX1,10.0007,1,APEX1,True,1.135,1.1802,0.9082,1.2388,1.1326,1.043
154,TNFRSF10C,6.9455,2,APEX1,False,1.135,1.1802,0.9082,1.2388,1.1326,1.043
154,ARID5B,6.9455,2,APEX1,False,1.135,1.1802,0.9082,1.2388,1.1326,1.043
154,DHFR,6.3554,4,APEX1,False,1.135,1.1802,0.9082,1.2388,1.1326,1.043
154,BACE1,6.3554,4,APEX1,False,1.135,1.1802,0.9082,1.2388,1.1326,1.043
154,SEC23B,6.3554,4,APEX1,False,1.135,1.1802,0.9082,1.2388,1.1326,1.043
154,PADI4,5.7653,7,APEX1,False,1.135,1.1802,0.9082,1.2388,1.1326,1.043
154,HADHB,5.7653,7,APEX1,False,1.135,1.1802,0.9082,1.2388,1.1326,1.043
154,RFC4,5.7653,7,APEX1,False,1.135,1.1802,0.9082,1.2388,1.1326,1.043
154,SF3B3,5.7653,7,APEX1,False,1.135,1.1802,0.9082,1.2388,1.1326,1.043
154,PERP,5.2438,11,APEX1,False,1.135,1.1802,0.9082,1.2388,1.1326,1.043
154,PRDX2,2.7026,12,APEX1,False,1.135,1.1802,0.9082,1.2388,1.1326,1.043
154,KDM1A,1.1326,13,APEX1,False,1.135,1.1802,0.9082,1.2388,1.1326,1.043
155,APEX1,9.4118,1,APEX1,True,1.1146,0.9286,1.0228,1.2366,1.1369,1.131
155,TNFRSF10C,6.1297,2,APEX1,False,1.1146,0.9286,1.0228,1.2366,1.1369,1.131
155,ARID5B,6.1297,2,APEX1,False,1.1146,0.9286,1.0228,1.2366,1.1369,1.131
155,DHFR,5.6654,4,APEX1,False,1.1146,0.9286,1.0228,1.2366,1.1369,1.131
155,BACE1,5.6654,4,APEX1,False,1.1146,0.9286,1.0228,1.2366,1.1369,1.131
155,SEC23B,5.6654,4,APEX1,False,1.1146,0.9286,1.0228,1.2366,1.1369,1.131
155,PADI4,5.201,7,APEX1,False,1.1146,0.9286,1.0228,1.2366,1.1369,1.131
155,HADHB,5.201,7,APEX1,False,1.1146,0.9286,1.0228,1.2366,1.1369,1.131
155,RFC4,5.201,7,APEX1,False,1.1146,0.9286,1.0228,1.2366,1.1369,1.131
155,SF3B3,5.201,7,APEX1,False,1.1146,0.9286,1.0228,1.2366,1.1369,1.131
155,PERP,4.6355,11,APEX1,False,1.1146,0.9286,1.0228,1.2366,1.1369,1.131
155,PRDX2,2.6782,12,APEX1,False,1.1146,0.9286,1.0228,1.2366,1.1369,1.131
155,KDM1A,1.1369,13,APEX1,False,1.1146,0.9286,1.0228,1.2366,1.1369,1.131
156,APEX1,8.7449,1,APEX1,True,1.1818,0.7833,0.8058,1.2383,0.8508,0.8259
156,TNFRSF10C,5.8951,2,APEX1,False,1.1818,0.7833,0.8058,1.2383,0.8508,0.8259
156,ARID5B,5.8951,2,APEX1,False,1.1818,0.7833,0.8058,1.2383,0.8508,0.8259
156,DHFR,5.5035,4,APEX1,False,1.1818,0.7833,0.8058,1.2383,0.8508,0.8259
156,BACE1,5.5035,4,APEX1,False,1.1818,0.7833,0.8058,1.2383,0.8508,0.8259
156,SEC23B,5.5035,4,APEX1,False,1.1818,0.7833,0.8058,1.2383,0.8508,0.8259
156,PADI4,5.1118,7,APEX1,False,1.1818,0.7833,0.8058,1.2383,0.8508,0.8259
156,HADHB,5.1118,7,APEX1,False,1.1818,0.7833,0.8058,1.2383,0.8508,0.8259
156,RFC4,5.1118,7,APEX1,False,1.1818,0.7833,0.8058,1.2383,0.8508,0.8259
156,SF3B3,5.1118,7,APEX1,False,1.1818,0.7833,0.8058,1.2383,0.8508,0.8259
156,PERP,4.6989,11,APEX1,False,1.1818,0.7833,0.8058,1.2383,0.8508,0.8259
156,PRDX2,2.9343,12,APEX1,False,1.1818,0.7833,0.8058,1.2383,0.8508,0.8259
156,KDM1A,0.8508,13,APEX1,False,1.1818,0.7833,0.8058,1.2383,0.8508,0.8259
157,APEX1,7.3565,1,APEX1,True,0.8423,0.8163,0.8069,0.7667,0.8566,0.7566
157,TNFRSF10C,4.976,2,APEX1,False,0.8423,0.8163,0.8069,0.7667,0.8566,0.7566
157,ARID5B,4.976,2,APEX1,False,0.8423,0.8163,0.8069,0.7667,0.8566,0.7566
157,DHFR,4.5678,4,APEX1,False,0.8423,0.8163,0.8069,0.7667,0.8566,0.7566
157,BACE1,4.5678,4,APEX1,False,0.8423,0.8163,0.8069,0.7667,0.8566,0.7566
157,SEC23B,4.5678,4,APEX1,False,0.8423,0.8163,0.8069,0.7667,0.8566,0.7566
157,PADI4,4.1596,7,APEX1,False,0.8423,0.8163,0.8069,0.7667,0.8566,0.7566
157,HADHB,4.1596,7,APEX1,False,0.8423,0.8163,0.8069,0.7667,0.8566,0.7566
157,RFC4,4.1596,7,APEX1,False,0.8423,0.8163,0.8069,0.7667,0.8566,0.7566
157,SF3B3,4.1596,7,APEX1,False,0.8423,0.8163,0.8069,0.7667,0.8566,0.7566
157,PERP,3.7813,11,APEX1,False,0.8423,0.8163,0.8069,0.7667,0.8566,0.7566
157,PRDX2,2.156,12,APEX1,False,0.8423,0.8163,0.8069,0.7667,0.8566,0.7566
157,KDM1A,0.8566,13,APEX1,False,0.8423,0.8163,0.8069,0.7667,0.8566,0.7566
158,APEX1,9.3596,1,APEX1,True,0.9352,1.2415,0.9983,0.833,0.7973,1.0872
158,TNFRSF10C,6.53,2,APEX1,False,0.9352,1.2415,0.9983,0.833,0.7973,1.0872
158,ARID5B,6.53,2,APEX1,False,0.9352,1.2415,0.9983,0.833,0.7973,1.0872
158,DHFR,5.9093,4,APEX1,False,0.9352,1.2415,0.9983,0.833,0.7973,1.0872
158,BACE1,5.9093,4,APEX1,False,0.9352,1.2415,0.9983,0.833,0.7973,1.0872
158,SEC23B,5.9093,4,APEX1,False,0.9352,1.2415,0.9983,0.833,0.7973,1.0872
158,PADI4,5.2885,7,APEX1,False,0.9352,1.2415,0.9983,0.833,0.7973,1.0872
158,HADHB,5.2885,7,APEX1,False,0.9352,1.2415,0.9983,0.833,0.7973,1.0872
158,RFC4,5.2885,7,APEX1,False,0.9352,1.2415,0.9983,0.833,0.7973,1.0872
158,SF3B3,5.2885,7,APEX1,False,0.9352,1.2415,0.9983,0.833,0.7973,1.0872
158,PERP,4.7449,11,APEX1,False,0.9352,1.2415,0.9983,0.833,0.7973,1.0872
158,PRDX2,2.249,12,APEX1,False,0.9352,1.2415,0.9983,0.833,0.7973,1.0872
158,KDM1A,0.7973,13,APEX1,False,0.9352,1.2415,0.9983,0.833,0.7973,1.0872
159,APEX1,9.2533,1,APEX1,True,1.2192,1.0066,0.7878,1.0004,0.9387,0.9636
159,TNFRSF10C,6.6773,2,APEX1,False,1.2192,1.0066,0.7878,1.0004,0.9387,0.9636
159,ARID5B,6.6773,2,APEX1,False,1.2192,1.0066,0.7878,1.0004,0.9387,0.9636
159,DHFR,6.174,4,APEX1,False,1.2192,1.0066,0.7878,1.0004,0.9387,0.9636
159,BACE1,6.174,4,APEX1,False,1.2192,1.0066,0.7878,1.0004,0.9387,0.9636
159,SEC23B,6.174,4,APEX1,False,1.2192,1.0066,0.7878,1.0004,0.9387,0.9636
159,PADI4,5.6708,7,APEX1,False,1.2192,1.0066,0.7878,1.0004,0.9387,0.9636
159,HADHB,5.6708,7,APEX1,False,1.2192,1.0066,0.7878,1.0004,0.9387,0.9636
159,RFC4,5.6708,7,APEX1,False,1.2192,1.0066,0.7878,1.0004,0.9387,0.9636
159,SF3B3,5.6708,7,APEX1,False,1.2192,1.0066,0.7878,1.0004,0.9387,0.9636
159,PERP,5.189,11,APEX1,False,1.2192,1.0066,0.7878,1.0004,0.9387,0.9636
159,PRDX2,2.8723,12,APEX1,False,1.2192,1.0066,0.7878,1.0004,0.9387,0.9636
159,KDM1A,0.9387,13,APEX1,False,1.2192,1.0066,0.7878,1.0004,0.9387,0.9636
160,APEX1,8.6927,1,APEX1,True,1.0772,0.9499,0.7931,1.0253,0.8102,1.2049
160,TNFRSF10C,6.0812,2,APEX1,False,1.0772,0.9499,0.7931,1.0253,0.8102,1.2049
160,ARID5B,6.0812,2,APEX1,False,1.0772,0.9499,0.7931,1.0253,0.8102,1.2049
160,DHFR,5.6063,4,APEX1,False,1.0772,0.9499,0.7931,1.0253,0.8102,1.2049
160,BACE1,5.6063,4,APEX1,False,1.0772,0.9499,0.7931,1.0253,0.8102,1.2049
160,SEC23B,5.6063,4,APEX1,False,1.0772,0.9499,0.7931,1.0253,0.8102,1.2049
160,PADI4,5.1313,7,APEX1,False,1.0772,0.9499,0.7931,1.0253,0.8102,1.2049
160,HADHB,5.1313,7,APEX1,False,1.0772,0.9499,0.7931,1.0253,0.8102,1.2049
160,RFC4,5.1313,7,APEX1,False,1.0772,0.9499,0.7931,1.0253,0.8102,1.2049
160,SF3B3,5.1313,7,APEX1,False,1.0772,0.9499,0.7931,1.0253,0.8102,1.2049
160,PERP,4.5289,11,APEX1,False,1.0772,0.9499,0.7931,1.0253,0.8102,1.2049
160,PRDX2,2.2812,12,APEX1,False,1.0772,0.9499,0.7931,1.0253,0.8102,1.2049
160,KDM1A,0.8102,13,APEX1,False,1.0772,0.9499,0.7931,1.0253,0.8102,1.2049
161,APEX1,8.6715,1,APEX1,True,0.9115,0.8889,1.119,1.0322,1.2389,0.8714
161,TNFRSF10C,5.4012,2,APEX1,False,0.9115,0.8889,1.119,1.0322,1.2389,0.8714
161,ARID5B,5.4012,2,APEX1,False,0.9115,0.8889,1.119,1.0322,1.2389,0.8714
161,DHFR,4.9568,4,APEX1,False,0.9115,0.8889,1.119,1.0322,1.2389,0.8714
161,BACE1,4.9568,4,APEX1,False,0.9115,0.8889,1.119,1.0322,1.2389,0.8714
161,SEC23B,4.9568,4,APEX1,False,0.9115,0.8889,1.119,1.0322,1.2389,0.8714
161,PADI4,4.5124,7,APEX1,False,0.9115,0.8889,1.119,1.0322,1.2389,0.8714
161,HADHB,4.5124,7,APEX1,False,0.9115,0.8889,1.119,1.0322,1.2389,0.8714
161,RFC4,4.5124,7,APEX1,False,0.9115,0.8889,1.119,1.0322,1.2389,0.8714
161,SF3B3,4.5124,7,APEX1,False,0.9115,0.8889,1.119,1.0322,1.2389,0.8714
161,PERP,4.0767,11,APEX1,False,0.9115,0.8889,1.119,1.0322,1.2389,0.8714
161,PRDX2,2.5266,12,APEX1,False,0.9115,0.8889,1.119,1.0322,1.2389,0.8714
161,KDM1A,1.2389,13,APEX1,False,0.9115,0.8889,1.119,1.0322,1.2389,0.8714
162,APEX1,8.6163,1,APEX1,True,1.0394,0.9394,0.9574,0.765,1.0866,1.0288
162,TNFRSF10C,5.9366,2,APEX1,False,1.0394,0.9394,0.9574,0.765,1.0866,1.0288
162,ARID5B,5.9366,2,APEX1,False,1.0394,0.9394,0.9574,0.765,1.0866,1.0288
162,DHFR,5.4668,4,APEX1,False,1.0394,0.9394,0.9574,0.765,1.0866,1.0288
162,BACE1,5.4668,4,APEX1,False,1.0394,0.9394,0.9574,0.765,1.0866,1.0288
162,SEC23B,5.4668,4,APEX1,False,1.0394,0.9394,0.9574,0.765,1.0866,1.0288
162,PADI4,4.9971,7,APEX1,False,1.0394,0.9394,0.9574,0.765,1.0866,1.0288
162,HADHB,4.9971,7,APEX1,False,1.0394,0.9394,0.9574,0.765,1.0866,1.0288
162,RFC4,4.9971,7,APEX1,False,1.0394,0.9394,0.9574,0.765,1.0866,1.0288
162,SF3B3,4.9971,7,APEX1,False,1.0394,0.9394,0.9574,0.765,1.0866,1.0288
162,PERP,4.4827,11,APEX1,False,1.0394,0.9394,0.9574,0.765,1.0866,1.0288
162,PRDX2,2.5271,12,APEX1,False,1.0394,0.9394,0.9574,0.765,1.0866,1.0288
162,KDM1A,1.0866,13,APEX1,False,1.0394,0.9394,0.9574,0.765,1.0866,1.0288
163,APEX1,9.2451,1,APEX1,True,1.0375,0.8386,1.2203,1.1762,0.9231,0.7888
163,TNFRSF10C,5.6283,2,APEX1,False,1.0375,0.8386,1.2203,1.1762,0.9231,0.7888
163,ARID5B,5.6283,2,APEX1,False,1.0375,0.8386,1.2203,1.1762,0.9231,0.7888
163,DHFR,5.209,4,APEX1,False,1.0375,0.8386,1.2203,1.1762,0.9231,0.7888
163,BACE1,5.209,4,APEX1,False,1.0375,0.8386,1.2203,1.1762,0.9231,0.7888
163,SEC23B,5.209,4,APEX1,False,1.0375,0.8386,1.2203,1.1762,0.9231,0.7888
163,PADI4,4.7897,7,APEX1,False,1.0375,0.8386,1.2203,1.1762,0.9231,0.7888
163,HADHB,4.7897,7,APEX1,False,1.0375,0.8386,1.2203,1.1762,0.9231,0.7888
163,RFC4,4.7897,7,APEX1,False,1.0375,0.8386,1.2203,1.1762,0.9231,0.7888
163,SF3B3,4.7897,7,APEX1,False,1.0375,0.8386,1.2203,1.1762,0.9231,0.7888
163,PERP,4.3953,11,APEX1,False,1.0375,0.8386,1.2203,1.1762,0.9231,0.7888
163,PRDX2,3.0252,12,APEX1,False,1.0375,0.8386,1.2203,1.1762,0.9231,0.7888
163,KDM1A,0.9231,13,APEX1,False,1.0375,0.8386,1.2203,1.1762,0.9231,0.7888
164,APEX1,9.7514,1,APEX1,True,1.1084,1.1155,1.1579,0.7641,1.1958,0.8423
164,TNFRSF10C,6.6716,2,APEX1,False,1.1084,1.1155,1.1579,0.7641,1.1958,0.8423
164,ARID5B,6.6716,2,APEX1,False,1.1084,1.1155,1.1579,0.7641,1.1958,0.8423
164,DHFR,6.1139,4,APEX1,False,1.1084,1.1155,1.1579,0.7641,1.1958,0.8423
164,BACE1,6.1139,4,APEX1,False,1.1084,1.1155,1.1579,0.7641,1.1958,0.8423
164,SEC23B,6.1139,4,APEX1,False,1.1084,1.1155,1.1579,0.7641,1.1958,0.8423
164,PADI4,5.5561,7,APEX1,False,1.1084,1.1155,1.1579,0.7641,1.1958,0.8423
164,HADHB,5.5561,7,APEX1,False,1.1084,1.1155,1.1579,0.7641,1.1958,0.8423
164,RFC4,5.5561,7,APEX1,False,1.1084,1.1155,1.1579,0.7641,1.1958,0.8423
164,SF3B3,5.5561,7,APEX1,False,1.1084,1.1155,1.1579,0.7641,1.1958,0.8423
164,PERP,5.135,11,APEX1,False,1.1084,1.1155,1.1579,0.7641,1.1958,0.8423
164,PRDX2,3.0866,12,APEX1,False,1.1084,1.1155,1.1579,0.7641,1.1958,0.8423
164,KDM1A,1.1958,13,APEX1,False,1.1084,1.1155,1.1579,0.7641,1.1958,0.8423
165,APEX1,9.5021,1,APEX1,True,1.1957,1.0398,0.7912,1.2133,1.0991,0.9302
165,TNFRSF10C,6.7064,2,APEX1,False,1.1957,1.0398,0.7912,1.2133,1.0991,0.9302
165,ARID5B,6.7064,2,APEX1,False,1.1957,1.0398,0.7912,1.2133,1.0991,0.9302
165,DHFR,6.1865,4,APEX1,False,1.1957,1.0398,0.7912,1.2133,1.0991,0.9302
165,BACE1,6.1865,4,APEX1,False,1.1957,1.0398,0.7912,1.2133,1.0991,0.9302
165,SEC23B,6.1865,4,APEX1,False,1.1957,1.0398,0.7912,1.2133,1.0991,0.9302
165,PADI4,5.6666,7,APEX1,False,1.1957,1.0398,0.7912,1.2133,1.0991,0.9302
165,HADHB,5.6666,7,APEX1,False,1.1957,1.0398,0.7912,1.2133,1.0991,0.9302
165,RFC4,5.6666,7,APEX1,False,1.1957,1.0398,0.7912,1.2133,1.0991,0.9302
165,SF3B3,5.6666,7,APEX1,False,1.1957,1.0398,0.7912,1.2133,1.0991,0.9302
165,PERP,5.2016,11,APEX1,False,1.1957,1.0398,0.7912,1.2133,1.0991,0.9302
165,PRDX2,2.8502,12,APEX1,False,1.1957,1.0398,0.7912,1.2133,1.0991,0.9302
165,KDM1A,1.0991,13,APEX1,False,1.1957,1.0398,0.7912,1.2133,1.0991,0.9302
166,APEX1,8.6635,1,APEX1,True,1.1358,0.8865,0.9011,0.7945,0.9244,1.1513
166,TNFRSF10C,6.0667,2,APEX1,False,1.1358,0.8865,0.9011,0.7945,0.9244,1.1513
166,ARID5B,6.0667,2,APEX1,False,1.1358,0.8865,0.9011,0.7945,0.9244,1.1513
166,DHFR,5.6235,4,APEX1,False,1.1358,0.8865,0.9011,0.7945,0.9244,1.1513
166,BACE1,5.6235,4,APEX1,False,1.1358,0.8865,0.9011,0.7945,0.9244,1.1513
166,SEC23B,5.6235,4,APEX1,False,1.1358,0.8865,0.9011,0.7945,0.9244,1.1513
166,PADI4,5.1803,7,APEX1,False,1.1358,0.8865,0.9011,0.7945,0.9244,1.1513
166,HADHB,5.1803,7,APEX1,False,1.1358,0.8865,0.9011,0.7945,0.9244,1.1513
166,RFC4,5.1803,7,APEX1,False,1.1358,0.8865,0.9011,0.7945,0.9244,1.1513
166,SF3B3,5.1803,7,APEX1,False,1.1358,0.8865,0.9011,0.7945,0.9244,1.1513
166,PERP,4.6046,11,APEX1,False,1.1358,0.8865,0.9011,0.7945,0.9244,1.1513
166,PRDX2,2.5892,12,APEX1,False,1.1358,0.8865,0.9011,0.7945,0.9244,1.1513
166,KDM1A,0.9244,13,APEX1,False,1.1358,0.8865,0.9011,0.7945,0.9244,1.1513
167,APEX1,8.8277,1,APEX1,True,0.8226,1.0819,1.1259,0.8626,1.0034,0.8578
167,TNFRSF10C,5.7134,2,APEX1,False,0.8226,1.0819,1.1259,0.8626,1.0034,0.8578
167,ARID5B,5.7134,2,APEX1,False,0.8226,1.0819,1.1259,0.8626,1.0034,0.8578
167,DHFR,5.1724,4,APEX1,False,0.8226,1.0819,1.1259,0.8626,1.0034,0.8578
167,BACE1,5.1724,4,APEX1,False,0.8226,1.0819,1.1259,0.8626,1.0034,0.8578
167,SEC23B,5.1724,4,APEX1,False,0.8226,1.0819,1.1259,0.8626,1.0034,0.8578
167,PADI4,4.6315,7,APEX1,False,0.8226,1.0819,1.1259,0.8626,1.0034,0.8578
167,HADHB,4.6315,7,APEX1,False,0.8226,1.0819,1.1259,0.8626,1.0034,0.8578
167,RFC4,4.6315,7,APEX1,False,0.8226,1.0819,1.1259,0.8626,1.0034,0.8578
167,SF3B3,4.6315,7,APEX1,False,0.8226,1.0819,1.1259,0.8626,1.0034,0.8578
167,PERP,4.2026,11,APEX1,False,0.8226,1.0819,1.1259,0.8626,1.0034,0.8578
167,PRDX2,2.3245,12,APEX1,False,0.8226,1.0819,1.1259,0.8626,1.0034,0.8578
167,KDM1A,1.0034,13,APEX1,False,0.8226,1.0819,1.1259,0.8626,1.0034,0.8578
168,APEX1,9.8074,1,APEX1,True,1.1629,1.0957,1.0162,0.9992,0.864,1.0882
168,TNFRSF10C,6.7758,2,APEX1,False,1.1629,1.0957,1.0162,0.9992,0.864,1.0882
168,ARID5B,6.7758,2,APEX1,False,1.1629,1.0957,1.0162,0.9992,0.864,1.0882
168,DHFR,6.228,4,APEX1,False,1.1629,1.0957,1.0162,0.9992,0.864,1.0882
168,BACE1,6.228,4,APEX1,False,1.1629,1.0957,1.0162,0.9992,0.864,1.0882
168,SEC23B,6.228,4,APEX1,False,1.1629,1.0957,1.0162,0.9992,0.864,1.0882
168,PADI4,5.6801,7,APEX1,False,1.1629,1.0957,1.0162,0.9992,0.864,1.0882
168,HADHB,5.6801,7,APEX1,False,1.1629,1.0957,1.0162,0.9992,0.864,1.0882
168,RFC4,5.6801,7,APEX1,False,1.1629,1.0957,1.0162,0.9992,0.864,1.0882
168,SF3B3,5.6801,7,APEX1,False,1.1629,1.0957,1.0162,0.9992,0.864,1.0882
168,PERP,5.136,11,APEX1,False,1.1629,1.0957,1.0162,0.9992,0.864,1.0882
168,PRDX2,2.8354,12,APEX1,False,1.1629,1.0957,1.0162,0.9992,0.864,1.0882
168,KDM1A,0.864,13,APEX1,False,1.1629,1.0957,1.0162,0.9992,0.864,1.0882
169,APEX1,8.4663,1,APEX1,True,0.7745,1.1459,0.9644,0.7764,0.9206,0.9394
169,TNFRSF10C,5.761,2,APEX1,False,0.7745,1.1459,0.9644,0.7764,0.9206,0.9394
169,ARID5B,5.761,2,APEX1,False,0.7745,1.1459,0.9644,0.7764,0.9206,0.9394
169,DHFR,5.1881,4,APEX1,False,0.7745,1.1459,0.9644,0.7764,0.9206,0.9394
169,BACE1,5.1881,4,APEX1,False,0.7745,1.1459,0.9644,0.7764,0.9206,0.9394
169,SEC23B,5.1881,4,APEX1,False,0.7745,1.1459,0.9644,0.7764,0.9206,0.9394
169,PADI4,4.6152,7,APEX1,False,0.7745,1.1459,0.9644,0.7764,0.9206,0.9394
169,HADHB,4.6152,7,APEX1,False,0.7745,1.1459,0.9644,0.7764,0.9206,0.9394
169,RFC4,4.6152,7,APEX1,False,0.7745,1.1459,0.9644,0.7764,0.9206,0.9394
169,SF3B3,4.6152,7,APEX1,False,0.7745,1.1459,0.9644,0.7764,0.9206,0.9394
169,PERP,4.1455,11,APEX1,False,0.7745,1.1459,0.9644,0.7764,0.9206,0.9394
169,PRDX2,1.9612,12,APEX1,False,0.7745,1.1459,0.9644,0.7764,0.9206,0.9394
169,KDM1A,0.9206,13,APEX1,False,0.7745,1.1459,0.9644,0.7764,0.9206,0.9394
170,APEX1,8.8577,1,APEX1,True,0.87,1.0233,1.0806,1.0166,0.826,1.1657
170,TNFRSF10C,5.6798,2,APEX1,False,0.87,1.0233,1.0806,1.0166,0.826,1.1657
170,ARID5B,5.6798,2,APEX1,False,0.87,1.0233,1.0806,1.0166,0.826,1.1657
170,DHFR,5.1682,4,APEX1,False,0.87,1.0233,1.0806,1.0166,0.826,1.1657
170,BACE1,5.1682,4,APEX1,False,0.87,1.0233,1.0806,1.0166,0.826,1.1657
170,SEC23B,5.1682,4,APEX1,False,0.87,1.0233,1.0806,1.0166,0.826,1.1657
170,PADI4,4.6565,7,APEX1,False,0.87,1.0233,1.0806,1.0166,0.826,1.1657
170,HADHB,4.6565,7,APEX1,False,0.87,1.0233,1.0806,1.0166,0.826,1.1657
170,RFC4,4.6565,7,APEX1,False,0.87,1.0233,1.0806,1.0166,0.826,1.1657
170,SF3B3,4.6565,7,APEX1,False,0.87,1.0233,1.0806,1.0166,0.826,1.1657
170,PERP,4.0737,11,APEX1,False,0.87,1.0233,1.0806,1.0166,0.826,1.1657
170,PRDX2,2.0898,12,APEX1,False,0.87,1.0233,1.0806,1.0166,0.826,1.1657
170,KDM1A,0.826,13,APEX1,False,0.87,1.0233,1.0806,1.0166,0.826,1.1657
171,APEX1,9.4393,1,APEX1,True,0.8241,1.2387,1.0295,1.1917,1.2021,0.9759
171,TNFRSF10C,6.1884,2,APEX1,False,0.8241,1.2387,1.0295,1.1917,1.2021,0.9759
171,ARID5B,6.1884,2,APEX1,False,0.8241,1.2387,1.0295,1.1917,1.2021,0.9759
171,DHFR,5.5691,4,APEX1,False,0.8241,1.2387,1.0295,1.1917,1.2021,0.9759
171,BACE1,5.5691,4,APEX1,False,0.8241,1.2387,1.0295,1.1917,1.2021,0.9759
171,SEC23B,5.5691,4,APEX1,False,0.8241,1.2387,1.0295,1.1917,1.2021,0.9759
171,PADI4,4.9498,7,APEX1,False,0.8241,1.2387,1.0295,1.1917,1.2021,0.9759
171,HADHB,4.9498,7,APEX1,False,0.8241,1.2387,1.0295,1.1917,1.2021,0.9759
171,RFC4,4.9498,7,APEX1,False,0.8241,1.2387,1.0295,1.1917,1.2021,0.9759
171,SF3B3,4.9498,7,APEX1,False,0.8241,1.2387,1.0295,1.1917,1.2021,0.9759
171,PERP,4.4618,11,APEX1,False,0.8241,1.2387,1.0295,1.1917,1.2021,0.9759
171,PRDX2,2.114,12,APEX1,False,0.8241,1.2387,1.0295,1.1917,1.2021,0.9759
171,KDM1A,1.2021,13,APEX1,False,0.8241,1.2387,1.0295,1.1917,1.2021,0.9759
172,APEX1,10.2418,1,APEX1,True,1.1374,1.0464,1.2283,1.2339,1.2026,0.8347
172,TNFRSF10C,6.5514,2,APEX1,False,1.1374,1.0464,1.2283,1.2339,1.2026,0.8347
172,ARID5B,6.5514,2,APEX1,False,1.1374,1.0464,1.2283,1.2339,1.2026,0.8347
172,DHFR,6.0282,4,APEX1,False,1.1374,1.0464,1.2283,1.2339,1.2026,0.8347
172,BACE1,6.0282,4,APEX1,False,1.1374,1.0464,1.2283,1.2339,1.2026,0.8347
172,SEC23B,6.0282,4,APEX1,False,1.1374,1.0464,1.2283,1.2339,1.2026,0.8347
172,PADI4,5.505,7,APEX1,False,1.1374,1.0464,1.2283,1.2339,1.2026,0.8347
172,HADHB,5.505,7,APEX1,False,1.1374,1.0464,1.2283,1.2339,1.2026,0.8347
172,RFC4,5.505,7,APEX1,False,1.1374,1.0464,1.2283,1.2339,1.2026,0.8347
172,SF3B3,5.505,7,APEX1,False,1.1374,1.0464,1.2283,1.2339,1.2026,0.8347
172,PERP,5.0876,11,APEX1,False,1.1374,1.0464,1.2283,1.2339,1.2026,0.8347
172,PRDX2,3.2369,12,APEX1,False,1.1374,1.0464,1.2283,1.2339,1.2026,0.8347
172,KDM1A,1.2026,13,APEX1,False,1.1374,1.0464,1.2283,1.2339,1.2026,0.8347
173,APEX1,9.7039,1,APEX1,True,1.1596,1.1511,0.8338,1.1041,0.9472,0.9847
173,TNFRSF10C,6.9322,2,APEX1,False,1.1596,1.1511,0.8338,1.1041,0.9472,0.9847
173,ARID5B,6.9322,2,APEX1,False,1.1596,1.1511,0.8338,1.1041,0.9472,0.9847
173,DHFR,6.3566,4,APEX1,False,1.1596,1.1511,0.8338,1.1041,0.9472,0.9847
173,BACE1,6.3566,4,APEX1,False,1.1596,1.1511,0.8338,1.1041,0.9472,0.9847
173,SEC23B,6.3566,4,APEX1,False,1.1596,1.1511,0.8338,1.1041,0.9472,0.9847
173,PADI4,5.781,7,APEX1,False,1.1596,1.1511,0.8338,1.1041,0.9472,0.9847
173,HADHB,5.781,7,APEX1,False,1.1596,1.1511,0.8338,1.1041,0.9472,0.9847
173,RFC4,5.781,7,APEX1,False,1.1596,1.1511,0.8338,1.1041,0.9472,0.9847
173,SF3B3,5.781,7,APEX1,False,1.1596,1.1511,0.8338,1.1041,0.9472,0.9847
173,PERP,5.2887,11,APEX1,False,1.1596,1.1511,0.8338,1.1041,0.9472,0.9847
173,PRDX2,2.7481,12,APEX1,False,1.1596,1.1511,0.8338,1.1041,0.9472,0.9847
173,KDM1A,0.9472,13,APEX1,False,1.1596,1.1511,0.8338,1.1041,0.9472,0.9847
174,APEX1,8.2874,1,APEX1,True,0.8482,0.9888,0.957,0.8623,0.9583,1.2438
174,TNFRSF10C,5.5111,2,APEX1,False,0.8482,0.9888,0.957,0.8623,0.9583,1.2438
174,ARID5B,5.5111,2,APEX1,False,0.8482,0.9888,0.957,0.8623,0.9583,1.2438
174,DHFR,5.0167,4,APEX1,False,0.8482,0.9888,0.957,0.8623,0.9583,1.2438
174,BACE1,5.0167,4,APEX1,False,0.8482,0.9888,0.957,0.8623,0.9583,1.2438
174,SEC23B,5.0167,4,APEX1,False,0.8482,0.9888,0.957,0.8623,0.9583,1.2438
174,PADI4,4.5223,7,APEX1,False,0.8482,0.9888,0.957,0.8623,0.9583,1.2438
174,HADHB,4.5223,7,APEX1,False,0.8482,0.9888,0.957,0.8623,0.9583,1.2438
174,RFC4,4.5223,7,APEX1,False,0.8482,0.9888,0.957,0.8623,0.9583,1.2438
174,SF3B3,4.5223,7,APEX1,False,0.8482,0.9888,0.957,0.8623,0.9583,1.2438
174,PERP,3.9004,11,APEX1,False,0.8482,0.9888,0.957,0.8623,0.9583,1.2438
174,PRDX2,1.8337,12,APEX1,False,0.8482,0.9888,0.957,0.8623,0.9583,1.2438
174,KDM1A,0.9583,13,APEX1,False,0.8482,0.9888,0.957,0.8623,0.9583,1.2438
175,APEX1,7.828,1,APEX1,True,0.7953,0.7996,1.0297,0.9839,0.85,0.9382
175,TNFRSF10C,4.7847,2,APEX1,False,0.7953,0.7996,1.0297,0.9839,0.85,0.9382
175,ARID5B,4.7847,2,APEX1,False,0.7953,0.7996,1.0297,0.9839,0.85,0.9382
175,DHFR,4.3849,4,APEX1,False,0.7953,0.7996,1.0297,0.9839,0.85,0.9382
175,BACE1,4.3849,4,APEX1,False,0.7953,0.7996,1.0297,0.9839,0.85,0.9382
175,SEC23B,4.3849,4,APEX1,False,0.7953,0.7996,1.0297,0.9839,0.85,0.9382
175,PADI4,3.9851,7,APEX1,False,0.7953,0.7996,1.0297,0.9839,0.85,0.9382
175,HADHB,3.9851,7,APEX1,False,0.7953,0.7996,1.0297,0.9839,0.85,0.9382
175,RFC4,3.9851,7,APEX1,False,0.7953,0.7996,1.0297,0.9839,0.85,0.9382
175,SF3B3,3.9851,7,APEX1,False,0.7953,0.7996,1.0297,0.9839,0.85,0.9382
175,PERP,3.516,11,APEX1,False,0.7953,0.7996,1.0297,0.9839,0.85,0.9382
175,PRDX2,2.0799,12,APEX1,False,0.7953,0.7996,1.0297,0.9839,0.85,0.9382
175,KDM1A,0.85,13,APEX1,False,0.7953,0.7996,1.0297,0.9839,0.85,0.9382
176,APEX1,8.2337,1,APEX1,True,1.0014,0.8809,0.7848,1.0173,0.7632,0.8886
176,TNFRSF10C,5.6469,2,APEX1,False,1.0014,0.8809,0.7848,1.0173,0.7632,0.8886
176,ARID5B,5.6469,2,APEX1,False,1.0014,0.8809,0.7848,1.0173,0.7632,0.8886
176,DHFR,5.2064,4,APEX1,False,1.0014,0.8809,0.7848,1.0173,0.7632,0.8886
176,BACE1,5.2064,4,APEX1,False,1.0014,0.8809,0.7848,1.0173,0.7632,0.8886
176,SEC23B,5.2064,4,APEX1,False,1.0014,0.8809,0.7848,1.0173,0.7632,0.8886
176,PADI4,4.766,7,APEX1,False,1.0014,0.8809,0.7848,1.0173,0.7632,0.8886
176,HADHB,4.766,7,APEX1,False,1.0014,0.8809,0.7848,1.0173,0.7632,0.8886
176,RFC4,4.766,7,APEX1,False,1.0014,0.8809,0.7848,1.0173,0.7632,0.8886
176,SF3B3,4.766,7,APEX1,False,1.0014,0.8809,0.7848,1.0173,0.7632,0.8886
176,PERP,4.3217,11,APEX1,False,1.0014,0.8809,0.7848,1.0173,0.7632,0.8886
176,PRDX2,2.3997,12,APEX1,False,1.0014,0.8809,0.7848,1.0173,0.7632,0.8886
176,KDM1A,0.7632,13,APEX1,False,1.0014,0.8809,0.7848,1.0173,0.7632,0.8886
177,APEX1,10.1086,1,APEX1,True,1.232,0.9783,1.1671,1.1435,0.9243,0.9874
177,TNFRSF10C,6.631,2,APEX1,False,1.232,0.9783,1.1671,1.1435,0.9243,0.9874
177,ARID5B,6.631,2,APEX1,False,1.232,0.9783,1.1671,1.1435,0.9243,0.9874
177,DHFR,6.1418,4,APEX1,False,1.232,0.9783,1.1671,1.1435,0.9243,0.9874
177,BACE1,6.1418,4,APEX1,False,1.232,0.9783,1.1671,1.1435,0.9243,0.9874
177,SEC23B,6.1418,4,APEX1,False,1.232,0.9783,1.1671,1.1435,0.9243,0.9874
177,PADI4,5.6527,7,APEX1,False,1.232,0.9783,1.1671,1.1435,0.9243,0.9874
177,HADHB,5.6527,7,APEX1,False,1.232,0.9783,1.1671,1.1435,0.9243,0.9874
177,RFC4,5.6527,7,APEX1,False,1.232,0.9783,1.1671,1.1435,0.9243,0.9874
177,SF3B3,5.6527,7,APEX1,False,1.232,0.9783,1.1671,1.1435,0.9243,0.9874
177,PERP,5.1589,11,APEX1,False,1.232,0.9783,1.1671,1.1435,0.9243,0.9874
177,PRDX2,3.2597,12,APEX1,False,1.232,0.9783,1.1671,1.1435,0.9243,0.9874
177,KDM1A,0.9243,13,APEX1,False,1.232,0.9783,1.1671,1.1435,0.9243,0.9874
178,APEX1,9.9352,1,APEX1,True,1.2093,1.05,1.1243,0.9086,1.1525,1.1922
178,TNFRSF10C,6.7779,2,APEX1,False,1.2093,1.05,1.1243,0.9086,1.1525,1.1922
178,ARID5B,6.7779,2,APEX1,False,1.2093,1.05,1.1243,0.9086,1.1525,1.1922
178,DHFR,6.253,4,APEX1,False,1.2093,1.05,1.1243,0.9086,1.1525,1.1922
178,BACE1,6.253,4,APEX1,False,1.2093,1.05,1.1243,0.9086,1.1525,1.1922
178,SEC23B,6.253,4,APEX1,False,1.2093,1.05,1.1243,0.9086,1.1525,1.1922
178,PADI4,5.728,7,APEX1,False,1.2093,1.05,1.1243,0.9086,1.1525,1.1922
178,HADHB,5.728,7,APEX1,False,1.2093,1.05,1.1243,0.9086,1.1525,1.1922
178,RFC4,5.728,7,APEX1,False,1.2093,1.05,1.1243,0.9086,1.1525,1.1922
178,SF3B3,5.728,7,APEX1,False,1.2093,1.05,1.1243,0.9086,1.1525,1.1922
178,PERP,5.1318,11,APEX1,False,1.2093,1.05,1.1243,0.9086,1.1525,1.1922
178,PRDX2,2.9554,12,APEX1,False,1.2093,1.05,1.1243,0.9086,1.1525,1.1922
178,KDM1A,1.1525,13,APEX1,False,1.2093,1.05,1.1243,0.9086,1.1525,1.1922
179,APEX1,8.8217,1,APEX1,True,0.9776,0.9146,1.1151,0.9151,1.0691,0.8496
179,TNFRSF10C,5.6765,2,APEX1,False,0.9776,0.9146,1.1151,0.9151,1.0691,0.8496
179,ARID5B,5.6765,2,APEX1,False,0.9776,0.9146,1.1151,0.9151,1.0691,0.8496
179,DHFR,5.2192,4,APEX1,False,0.9776,0.9146,1.1151,0.9151,1.0691,0.8496
179,BACE1,5.2192,4,APEX1,False,0.9776,0.9146,1.1151,0.9151,1.0691,0.8496
179,SEC23B,5.2192,4,APEX1,False,0.9776,0.9146,1.1151,0.9151,1.0691,0.8496
179,PADI4,4.7619,7,APEX1,False,0.9776,0.9146,1.1151,0.9151,1.0691,0.8496
179,HADHB,4.7619,7,APEX1,False,0.9776,0.9146,1.1151,0.9151,1.0691,0.8496
179,RFC4,4.7619,7,APEX1,False,0.9776,0.9146,1.1151,0.9151,1.0691,0.8496
179,SF3B3,4.7619,7,APEX1,False,0.9776,0.9146,1.1151,0.9151,1.0691,0.8496
179,PERP,4.3371,11,APEX1,False,0.9776,0.9146,1.1151,0.9151,1.0691,0.8496
179,PRDX2,2.7095,12,APEX1,False,0.9776,0.9146,1.1151,0.9151,1.0691,0.8496
179,KDM1A,1.0691,13,APEX1,False,0.9776,0.9146,1.1151,0.9151,1.0691,0.8496
180,APEX1,8.0516,1,APEX1,True,0.7651,0.9846,0.9974,0.8077,0.8419,0.916
180,TNFRSF10C,5.2491,2,APEX1,False,0.7651,0.9846,0.9974,0.8077,0.8419,0.916
180,ARID5B,5.2491,2,APEX1,False,0.7651,0.9846,0.9974,0.8077,0.8419,0.916
180,DHFR,4.7568,4,APEX1,False,0.7651,0.9846,0.9974,0.8077,0.8419,0.916
180,BACE1,4.7568,4,APEX1,False,0.7651,0.9846,0.9974,0.8077,0.8419,0.916
180,SEC23B,4.7568,4,APEX1,False,0.7651,0.9846,0.9974,0.8077,0.8419,0.916
180,PADI4,4.2644,7,APEX1,False,0.7651,0.9846,0.9974,0.8077,0.8419,0.916
180,HADHB,4.2644,7,APEX1,False,0.7651,0.9846,0.9974,0.8077,0.8419,0.916
180,RFC4,4.2644,7,APEX1,False,0.7651,0.9846,0.9974,0.8077,0.8419,0.916
180,SF3B3,4.2644,7,APEX1,False,0.7651,0.9846,0.9974,0.8077,0.8419,0.916
180,PERP,3.8065,11,APEX1,False,0.7651,0.9846,0.9974,0.8077,0.8419,0.916
180,PRDX2,1.9941,12,APEX1,False,0.7651,0.9846,0.9974,0.8077,0.8419,0.916
180,KDM1A,0.8419,13,APEX1,False,0.7651,0.9846,0.9974,0.8077,0.8419,0.916
181,APEX1,7.9699,1,APEX1,True,1.028,0.7751,0.8181,0.9242,1.1591,1.2465
181,TNFRSF10C,5.4094,2,APEX1,False,1.028,0.7751,0.8181,0.9242,1.1591,1.2465
181,ARID5B,5.4094,2,APEX1,False,1.028,0.7751,0.8181,0.9242,1.1591,1.2465
181,DHFR,5.0218,4,APEX1,False,1.028,0.7751,0.8181,0.9242,1.1591,1.2465
181,BACE1,5.0218,4,APEX1,False,1.028,0.7751,0.8181,0.9242,1.1591,1.2465
181,SEC23B,5.0218,4,APEX1,False,1.028,0.7751,0.8181,0.9242,1.1591,1.2465
181,PADI4,4.6343,7,APEX1,False,1.028,0.7751,0.8181,0.9242,1.1591,1.2465
181,HADHB,4.6343,7,APEX1,False,1.028,0.7751,0.8181,0.9242,1.1591,1.2465
181,RFC4,4.6343,7,APEX1,False,1.028,0.7751,0.8181,0.9242,1.1591,1.2465
181,SF3B3,4.6343,7,APEX1,False,1.028,0.7751,0.8181,0.9242,1.1591,1.2465
181,PERP,4.011,11,APEX1,False,1.028,0.7751,0.8181,0.9242,1.1591,1.2465
181,PRDX2,2.1417,12,APEX1,False,1.028,0.7751,0.8181,0.9242,1.1591,1.2465
181,KDM1A,1.1591,13,APEX1,False,1.028,0.7751,0.8181,0.9242,1.1591,1.2465
182,APEX1,8.4214,1,APEX1,True,0.7967,1.0583,1.0434,0.7697,0.7995,0.831
182,TNFRSF10C,5.5649,2,APEX1,False,0.7967,1.0583,1.0434,0.7697,0.7995,0.831
182,ARID5B,5.5649,2,APEX1,False,0.7967,1.0583,1.0434,0.7697,0.7995,0.831
182,DHFR,5.0357,4,APEX1,False,0.7967,1.0583,1.0434,0.7697,0.7995,0.831
182,BACE1,5.0357,4,APEX1,False,0.7967,1.0583,1.0434,0.7697,0.7995,0.831
182,SEC23B,5.0357,4,APEX1,False,0.7967,1.0583,1.0434,0.7697,0.7995,0.831
182,PADI4,4.5066,7,APEX1,False,0.7967,1.0583,1.0434,0.7697,0.7995,0.831
182,HADHB,4.5066,7,APEX1,False,0.7967,1.0583,1.0434,0.7697,0.7995,0.831
182,RFC4,4.5066,7,APEX1,False,0.7967,1.0583,1.0434,0.7697,0.7995,0.831
182,SF3B3,4.5066,7,APEX1,False,0.7967,1.0583,1.0434,0.7697,0.7995,0.831
182,PERP,4.0911,11,APEX1,False,0.7967,1.0583,1.0434,0.7697,0.7995,0.831
182,PRDX2,2.2041,12,APEX1,False,0.7967,1.0583,1.0434,0.7697,0.7995,0.831
182,KDM1A,0.7995,13,APEX1,False,0.7967,1.0583,1.0434,0.7697,0.7995,0.831
183,APEX1,10.0938,1,APEX1,True,1.2181,1.1219,1.1363,0.8012,0.955,0.9199
183,TNFRSF10C,7.02,2,APEX1,False,1.2181,1.1219,1.1363,0.8012,0.955,0.9199
183,ARID5B,7.02,2,APEX1,False,1.2181,1.1219,1.1363,0.8012,0.955,0.9199
183,DHFR,6.4591,4,APEX1,False,1.2181,1.1219,1.1363,0.8012,0.955,0.9199
183,BACE1,6.4591,4,APEX1,False,1.2181,1.1219,1.1363,0.8012,0.955,0.9199
183,SEC23B,6.4591,4,APEX1,False,1.2181,1.1219,1.1363,0.8012,0.955,0.9199
183,PADI4,5.8982,7,APEX1,False,1.2181,1.1219,1.1363,0.8012,0.955,0.9199
183,HADHB,5.8982,7,APEX1,False,1.2181,1.1219,1.1363,0.8012,0.955,0.9199
183,RFC4,5.8982,7,APEX1,False,1.2181,1.1219,1.1363,0.8012,0.955,0.9199
183,SF3B3,5.8982,7,APEX1,False,1.2181,1.1219,1.1363,0.8012,0.955,0.9199
183,PERP,5.4382,11,APEX1,False,1.2181,1.1219,1.1363,0.8012,0.955,0.9199
183,PRDX2,3.2618,12,APEX1,False,1.2181,1.1219,1.1363,0.8012,0.955,0.9199
183,KDM1A,0.955,13,APEX1,False,1.2181,1.1219,1.1363,0.8012,0.955,0.9199
184,APEX1,7.6001,1,APEX1,True,0.8138,0.7973,0.8318,1.103,1.107,0.8721
184,TNFRSF10C,4.8335,2,APEX1,False,0.8138,0.7973,0.8318,1.103,1.107,0.8721
184,ARID5B,4.8335,2,APEX1,False,0.8138,0.7973,0.8318,1.103,1.107,0.8721
184,DHFR,4.4348,4,APEX1,False,0.8138,0.7973,0.8318,1.103,1.107,0.8721
184,BACE1,4.4348,4,APEX1,False,0.8138,0.7973,0.8318,1.103,1.107,0.8721
184,SEC23B,4.4348,4,APEX1,False,0.8138,0.7973,0.8318,1.103,1.107,0.8721
184,PADI4,4.0362,7,APEX1,False,0.8138,0.7973,0.8318,1.103,1.107,0.8721
184,HADHB,4.0362,7,APEX1,False,0.8138,0.7973,0.8318,1.103,1.107,0.8721
184,RFC4,4.0362,7,APEX1,False,0.8138,0.7973,0.8318,1.103,1.107,0.8721
184,SF3B3,4.0362,7,APEX1,False,0.8138,0.7973,0.8318,1.103,1.107,0.8721
184,PERP,3.6001,11,APEX1,False,0.8138,0.7973,0.8318,1.103,1.107,0.8721
184,PRDX2,1.9942,12,APEX1,False,0.8138,0.7973,0.8318,1.103,1.107,0.8721
184,KDM1A,1.107,13,APEX1,False,0.8138,0.7973,0.8318,1.103,1.107,0.8721
185,APEX1,9.3039,1,APEX1,True,0.8395,1.1845,1.1273,0.9774,0.8921,1.1732
185,TNFRSF10C,6.0719,2,APEX1,False,0.8395,1.1845,1.1273,0.9774,0.8921,1.1732
185,ARID5B,6.0719,2,APEX1,False,0.8395,1.1845,1.1273,0.9774,0.8921,1.1732
185,DHFR,5.4796,4,APEX1,False,0.8395,1.1845,1.1273,0.9774,0.8921,1.1732
185,BACE1,5.4796,4,APEX1,False,0.8395,1.1845,1.1273,0.9774,0.8921,1.1732
185,SEC23B,5.4796,4,APEX1,False,0.8395,1.1845,1.1273,0.9774,0.8921,1.1732
185,PADI4,4.8874,7,APEX1,False,0.8395,1.1845,1.1273,0.9774,0.8921,1.1732
185,HADHB,4.8874,7,APEX1,False,0.8395,1.1845,1.1273,0.9774,0.8921,1.1732
185,RFC4,4.8874,7,APEX1,False,0.8395,1.1845,1.1273,0.9774,0.8921,1.1732
185,SF3B3,4.8874,7,APEX1,False,0.8395,1.1845,1.1273,0.9774,0.8921,1.1732
185,PERP,4.3008,11,APEX1,False,0.8395,1.1845,1.1273,0.9774,0.8921,1.1732
185,PRDX2,2.0529,12,APEX1,False,0.8395,1.1845,1.1273,0.9774,0.8921,1.1732
185,KDM1A,0.8921,13,APEX1,False,0.8395,1.1845,1.1273,0.9774,0.8921,1.1732
186,APEX1,9.9835,1,APEX1,True,1.2374,0.955,1.1068,1.1927,1.2281,0.9093
186,TNFRSF10C,6.5771,2,APEX1,False,1.2374,0.955,1.1068,1.1927,1.2281,0.9093
186,ARID5B,6.5771,2,APEX1,False,1.2374,0.955,1.1068,1.1927,1.2281,0.9093
186,DHFR,6.0996,4,APEX1,False,1.2374,0.955,1.1068,1.1927,1.2281,0.9093
186,BACE1,6.0996,4,APEX1,False,1.2374,0.955,1.1068,1.1927,1.2281,0.9093
186,SEC23B,6.0996,4,APEX1,False,1.2374,0.955,1.1068,1.1927,1.2281,0.9093
186,PADI4,5.6222,7,APEX1,False,1.2374,0.955,1.1068,1.1927,1.2281,0.9093
186,HADHB,5.6222,7,APEX1,False,1.2374,0.955,1.1068,1.1927,1.2281,0.9093
186,RFC4,5.6222,7,APEX1,False,1.2374,0.955,1.1068,1.1927,1.2281,0.9093
186,SF3B3,5.6222,7,APEX1,False,1.2374,0.955,1.1068,1.1927,1.2281,0.9093
186,PERP,5.1675,11,APEX1,False,1.2374,0.955,1.1068,1.1927,1.2281,0.9093
186,PRDX2,3.291,12,APEX1,False,1.2374,0.955,1.1068,1.1927,1.2281,0.9093
186,KDM1A,1.2281,13,APEX1,False,1.2374,0.955,1.1068,1.1927,1.2281,0.9093
187,APEX1,8.9797,1,APEX1,True,1.1975,1.0366,0.7547,0.7681,0.7874,1.1057
187,TNFRSF10C,6.7023,2,APEX1,False,1.1975,1.0366,0.7547,0.7681,0.7874,1.1057
187,ARID5B,6.7023,2,APEX1,False,1.1975,1.0366,0.7547,0.7681,0.7874,1.1057
187,DHFR,6.184,4,APEX1,False,1.1975,1.0366,0.7547,0.7681,0.7874,1.1057
187,BACE1,6.184,4,APEX1,False,1.1975,1.0366,0.7547,0.7681,0.7874,1.1057
187,SEC23B,6.184,4,APEX1,False,1.1975,1.0366,0.7547,0.7681,0.7874,1.1057
187,PADI4,5.6657,7,APEX1,False,1.1975,1.0366,0.7547,0.7681,0.7874,1.1057
187,HADHB,5.6657,7,APEX1,False,1.1975,1.0366,0.7547,0.7681,0.7874,1.1057
187,RFC4,5.6657,7,APEX1,False,1.1975,1.0366,0.7547,0.7681,0.7874,1.1057
187,SF3B3,5.6657,7,APEX1,False,1.1975,1.0366,0.7547,0.7681,0.7874,1.1057
187,PERP,5.1128,11,APEX1,False,1.1975,1.0366,0.7547,0.7681,0.7874,1.1057
187,PRDX2,2.6427,12,APEX1,False,1.1975,1.0366,0.7547,0.7681,0.7874,1.1057
187,KDM1A,0.7874,13,APEX1,False,1.1975,1.0366,0.7547,0.7681,0.7874,1.1057
188,APEX1,7.7397,1,APEX1,True,0.8018,0.8426,0.9341,0.9382,0.903,1.0224
188,TNFRSF10C,4.9332,2,APEX1,False,0.8018,0.8426,0.9341,0.9382,0.903,1.0224
188,ARID5B,4.9332,2,APEX1,False,0.8018,0.8426,0.9341,0.9382,0.903,1.0224
188,DHFR,4.5119,4,APEX1,False,0.8018,0.8426,0.9341,0.9382,0.903,1.0224
188,BACE1,4.5119,4,APEX1,False,0.8018,0.8426,0.9341,0.9382,0.903,1.0224
188,SEC23B,4.5119,4,APEX1,False,0.8018,0.8426,0.9341,0.9382,0.903,1.0224
188,PADI4,4.0905,7,APEX1,False,0.8018,0.8426,0.9341,0.9382,0.903,1.0224
188,HADHB,4.0905,7,APEX1,False,0.8018,0.8426,0.9341,0.9382,0.903,1.0224
188,RFC4,4.0905,7,APEX1,False,0.8018,0.8426,0.9341,0.9382,0.903,1.0224
188,SF3B3,4.0905,7,APEX1,False,0.8018,0.8426,0.9341,0.9382,0.903,1.0224
188,PERP,3.5794,11,APEX1,False,0.8018,0.8426,0.9341,0.9382,0.903,1.0224
188,PRDX2,1.9162,12,APEX1,False,0.8018,0.8426,0.9341,0.9382,0.903,1.0224
188,KDM1A,0.903,13,APEX1,False,0.8018,0.8426,0.9341,0.9382,0.903,1.0224
189,APEX1,9.0536,1,APEX1,True,1.1897,0.99,0.7546,1.0052,1.1098,0.881
189,TNFRSF10C,6.5392,2,APEX1,False,1.1897,0.99,0.7546,1.0052,1.1098,0.881
189,ARID5B,6.5392,2,APEX1,False,1.1897,0.99,0.7546,1.0052,1.1098,0.881
189,DHFR,6.0442,4,APEX1,False,1.1897,0.99,0.7546,1.0052,1.1098,0.881
189,BACE1,6.0442,4,APEX1,False,1.1897,0.99,0.7546,1.0052,1.1098,0.881
189,SEC23B,6.0442,4,APEX1,False,1.1897,0.99,0.7546,1.0052,1.1098,0.881
189,PADI4,5.5492,7,APEX1,False,1.1897,0.99,0.7546,1.0052,1.1098,0.881
189,HADHB,5.5492,7,APEX1,False,1.1897,0.99,0.7546,1.0052,1.1098,0.881
189,RFC4,5.5492,7,APEX1,False,1.1897,0.99,0.7546,1.0052,1.1098,0.881
189,SF3B3,5.5492,7,APEX1,False,1.1897,0.99,0.7546,1.0052,1.1098,0.881
189,PERP,5.1087,11,APEX1,False,1.1897,0.99,0.7546,1.0052,1.1098,0.881
189,PRDX2,2.848,12,APEX1,False,1.1897,0.99,0.7546,1.0052,1.1098,0.881
189,KDM1A,1.1098,13,APEX1,False,1.1897,0.99,0.7546,1.0052,1.1098,0.881
190,APEX1,8.9961,1,APEX1,True,0.9044,1.1256,0.8947,1.1168,0.7784,1.1667
190,TNFRSF10C,6.09,2,APEX1,False,0.9044,1.1256,0.8947,1.1168,0.7784,1.1667
190,ARID5B,6.09,2,APEX1,False,0.9044,1.1256,0.8947,1.1168,0.7784,1.1667
190,DHFR,5.5272,4,APEX1,False,0.9044,1.1256,0.8947,1.1168,0.7784,1.1667
190,BACE1,5.5272,4,APEX1,False,0.9044,1.1256,0.8947,1.1168,0.7784,1.1667
190,SEC23B,5.5272,4,APEX1,False,0.9044,1.1256,0.8947,1.1168,0.7784,1.1667
190,PADI4,4.9644,7,APEX1,False,0.9044,1.1256,0.8947,1.1168,0.7784,1.1667
190,HADHB,4.9644,7,APEX1,False,0.9044,1.1256,0.8947,1.1168,0.7784,1.1667
190,RFC4,4.9644,7,APEX1,False,0.9044,1.1256,0.8947,1.1168,0.7784,1.1667
190,SF3B3,4.9644,7,APEX1,False,0.9044,1.1256,0.8947,1.1168,0.7784,1.1667
190,PERP,4.3811,11,APEX1,False,0.9044,1.1256,0.8947,1.1168,0.7784,1.1667
190,PRDX2,1.989,12,APEX1,False,0.9044,1.1256,0.8947,1.1168,0.7784,1.1667
190,KDM1A,0.7784,13,APEX1,False,0.9044,1.1256,0.8947,1.1168,0.7784,1.1667
191,APEX1,7.9018,1,APEX1,True,0.9499,0.8245,0.8203,0.9382,1.1403,0.966
191,TNFRSF10C,5.3229,2,APEX1,False,0.9499,0.8245,0.8203,0.9382,1.1403,0.966
191,ARID5B,5.3229,2,APEX1,False,0.9499,0.8245,0.8203,0.9382,1.1403,0.966
191,DHFR,4.9107,4,APEX1,False,0.9499,0.8245,0.8203,0.9382,1.1403,0.966
191,BACE1,4.9107,4,APEX1,False,0.9499,0.8245,0.8203,0.9382,1.1403,0.966
191,SEC23B,4.9107,4,APEX1,False,0.9499,0.8245,0.8203,0.9382,1.1403,0.966
191,PADI4,4.4985,7,APEX1,False,0.9499,0.8245,0.8203,0.9382,1.1403,0.966
191,HADHB,4.4985,7,APEX1,False,0.9499,0.8245,0.8203,0.9382,1.1403,0.966
191,RFC4,4.4985,7,APEX1,False,0.9499,0.8245,0.8203,0.9382,1.1403,0.966
191,SF3B3,4.4985,7,APEX1,False,0.9499,0.8245,0.8203,0.9382,1.1403,0.966
191,PERP,4.0155,11,APEX1,False,0.9499,0.8245,0.8203,0.9382,1.1403,0.966
191,PRDX2,2.229,12,APEX1,False,0.9499,0.8245,0.8203,0.9382,1.1403,0.966
191,KDM1A,1.1403,13,APEX1,False,0.9499,0.8245,0.8203,0.9382,1.1403,0.966
192,APEX1,8.049,1,APEX1,True,0.7967,0.9752,0.7606,1.2119,0.9685,0.9972
192,TNFRSF10C,5.3158,2,APEX1,False,0.7967,0.9752,0.7606,1.2119,0.9685,0.9972
192,ARID5B,5.3158,2,APEX1,False,0.7967,0.9752,0.7606,1.2119,0.9685,0.9972
192,DHFR,4.8282,4,APEX1,False,0.7967,0.9752,0.7606,1.2119,0.9685,0.9972
192,BACE1,4.8282,4,APEX1,False,0.7967,0.9752,0.7606,1.2119,0.9685,0.9972
192,SEC23B,4.8282,4,APEX1,False,0.7967,0.9752,0.7606,1.2119,0.9685,0.9972
192,PADI4,4.3406,7,APEX1,False,0.7967,0.9752,0.7606,1.2119,0.9685,0.9972
192,HADHB,4.3406,7,APEX1,False,0.7967,0.9752,0.7606,1.2119,0.9685,0.9972
192,RFC4,4.3406,7,APEX1,False,0.7967,0.9752,0.7606,1.2119,0.9685,0.9972
192,SF3B3,4.3406,7,APEX1,False,0.7967,0.9752,0.7606,1.2119,0.9685,0.9972
192,PERP,3.842,11,APEX1,False,0.7967,0.9752,0.7606,1.2119,0.9685,0.9972
192,PRDX2,1.7553,12,APEX1,False,0.7967,0.9752,0.7606,1.2119,0.9685,0.9972
192,KDM1A,0.9685,13,APEX1,False,0.7967,0.9752,0.7606,1.2119,0.9685,0.9972
193,APEX1,10.5196,1,APEX1,True,1.2318,1.181,1.0714,1.1387,1.0003,0.9029
193,TNFRSF10C,7.2381,2,APEX1,False,1.2318,1.181,1.0714,1.1387,1.0003,0.9029
193,ARID5B,7.2381,2,APEX1,False,1.2318,1.181,1.0714,1.1387,1.0003,0.9029
193,DHFR,6.6477,4,APEX1,False,1.2318,1.181,1.0714,1.1387,1.0003,0.9029
193,BACE1,6.6477,4,APEX1,False,1.2318,1.181,1.0714,1.1387,1.0003,0.9029
193,SEC23B,6.6477,4,APEX1,False,1.2318,1.181,1.0714,1.1387,1.0003,0.9029
193,PADI4,6.0572,7,APEX1,False,1.2318,1.181,1.0714,1.1387,1.0003,0.9029
193,HADHB,6.0572,7,APEX1,False,1.2318,1.181,1.0714,1.1387,1.0003,0.9029
193,RFC4,6.0572,7,APEX1,False,1.2318,1.181,1.0714,1.1387,1.0003,0.9029
193,SF3B3,6.0572,7,APEX1,False,1.2318,1.181,1.0714,1.1387,1.0003,0.9029
193,PERP,5.6057,11,APEX1,False,1.2318,1.181,1.0714,1.1387,1.0003,0.9029
193,PRDX2,3.2478,12,APEX1,False,1.2318,1.181,1.0714,1.1387,1.0003,0.9029
193,KDM1A,1.0003,13,APEX1,False,1.2318,1.181,1.0714,1.1387,1.0003,0.9029
194,APEX1,9.5344,1,APEX1,True,0.9624,0.9791,1.2331,1.2439,1.1294,1.2209
194,TNFRSF10C,5.8244,2,APEX1,False,0.9624,0.9791,1.2331,1.2439,1.1294,1.2209
194,ARID5B,5.8244,2,APEX1,False,0.9624,0.9791,1.2331,1.2439,1.1294,1.2209
194,DHFR,5.3348,4,APEX1,False,0.9624,0.9791,1.2331,1.2439,1.1294,1.2209
194,BACE1,5.3348,4,APEX1,False,0.9624,0.9791,1.2331,1.2439,1.1294,1.2209
194,SEC23B,5.3348,4,APEX1,False,0.9624,0.9791,1.2331,1.2439,1.1294,1.2209
194,PADI4,4.8453,7,APEX1,False,0.9624,0.9791,1.2331,1.2439,1.1294,1.2209
194,HADHB,4.8453,7,APEX1,False,0.9624,0.9791,1.2331,1.2439,1.1294,1.2209
194,RFC4,4.8453,7,APEX1,False,0.9624,0.9791,1.2331,1.2439,1.1294,1.2209
194,SF3B3,4.8453,7,APEX1,False,0.9624,0.9791,1.2331,1.2439,1.1294,1.2209
194,PERP,4.2348,11,APEX1,False,0.9624,0.9791,1.2331,1.2439,1.1294,1.2209
194,PRDX2,2.4181,12,APEX1,False,0.9624,0.9791,1.2331,1.2439,1.1294,1.2209
194,KDM1A,1.1294,13,APEX1,False,0.9624,0.9791,1.2331,1.2439,1.1294,1.2209
195,APEX1,8.3101,1,APEX1,True,0.9645,0.9759,0.8052,0.8786,0.7807,0.9406
195,TNFRSF10C,5.8212,2,APEX1,False,0.9645,0.9759,0.8052,0.8786,0.7807,0.9406
195,ARID5B,5.8212,2,APEX1,False,0.9645,0.9759,0.8052,0.8786,0.7807,0.9406
195,DHFR,5.3333,4,APEX1,False,0.9645,0.9759,0.8052,0.8786,0.7807,0.9406
195,BACE1,5.3333,4,APEX1,False,0.9645,0.9759,0.8052,0.8786,0.7807,0.9406
195,SEC23B,5.3333,4,APEX1,False,0.9645,0.9759,0.8052,0.8786,0.7807,0.9406
195,PADI4,4.8453,7,APEX1,False,0.9645,0.9759,0.8052,0.8786,0.7807,0.9406
195,HADHB,4.8453,7,APEX1,False,0.9645,0.9759,0.8052,0.8786,0.7807,0.9406
195,RFC4,4.8453,7,APEX1,False,0.9645,0.9759,0.8052,0.8786,0.7807,0.9406
195,SF3B3,4.8453,7,APEX1,False,0.9645,0.9759,0.8052,0.8786,0.7807,0.9406
195,PERP,4.375,11,APEX1,False,0.9645,0.9759,0.8052,0.8786,0.7807,0.9406
195,PRDX2,2.2758,12,APEX1,False,0.9645,0.9759,0.8052,0.8786,0.7807,0.9406
195,KDM1A,0.7807,13,APEX1,False,0.9645,0.9759,0.8052,0.8786,0.7807,0.9406
196,APEX1,8.7957,1,APEX1,True,0.7908,1.1632,1.006,0.9216,1.1457,0.9459
196,TNFRSF10C,5.862,2,APEX1,False,0.7908,1.1632,1.006,0.9216,1.1457,0.9459
196,ARID5B,5.862,2,APEX1,False,0.7908,1.1632,1.006,0.9216,1.1457,0.9459
196,DHFR,5.2804,4,APEX1,False,0.7908,1.1632,1.006,0.9216,1.1457,0.9459
196,BACE1,5.2804,4,APEX1,False,0.7908,1.1632,1.006,0.9216,1.1457,0.9459
196,SEC23B,5.2804,4,APEX1,False,0.7908,1.1632,1.006,0.9216,1.1457,0.9459
196,PADI4,4.6988,7,APEX1,False,0.7908,1.1632,1.006,0.9216,1.1457,0.9459
196,HADHB,4.6988,7,APEX1,False,0.7908,1.1632,1.006,0.9216,1.1457,0.9459
196,RFC4,4.6988,7,APEX1,False,0.7908,1.1632,1.006,0.9216,1.1457,0.9459
196,SF3B3,4.6988,7,APEX1,False,0.7908,1.1632,1.006,0.9216,1.1457,0.9459
196,PERP,4.2258,11,APEX1,False,0.7908,1.1632,1.006,0.9216,1.1457,0.9459
196,PRDX2,2.037,12,APEX1,False,0.7908,1.1632,1.006,0.9216,1.1457,0.9459
196,KDM1A,1.1457,13,APEX1,False,0.7908,1.1632,1.006,0.9216,1.1457,0.9459
197,APEX1,10.0731,1,APEX1,True,1.1036,1.0935,1.23,1.0216,0.9259,1.1209
197,TNFRSF10C,6.5914,2,APEX1,False,1.1036,1.0935,1.23,1.0216,0.9259,1.1209
197,ARID5B,6.5914,2,APEX1,False,1.1036,1.0935,1.23,1.0216,0.9259,1.1209
197,DHFR,6.0446,4,APEX1,False,1.1036,1.0935,1.23,1.0216,0.9259,1.1209
197,BACE1,6.0446,4,APEX1,False,1.1036,1.0935,1.23,1.0216,0.9259,1.1209
197,SEC23B,6.0446,4,APEX1,False,1.1036,1.0935,1.23,1.0216,0.9259,1.1209
197,PADI4,5.4979,7,APEX1,False,1.1036,1.0935,1.23,1.0216,0.9259,1.1209
197,HADHB,5.4979,7,APEX1,False,1.1036,1.0935,1.23,1.0216,0.9259,1.1209
197,RFC4,5.4979,7,APEX1,False,1.1036,1.0935,1.23,1.0216,0.9259,1.1209
197,SF3B3,5.4979,7,APEX1,False,1.1036,1.0935,1.23,1.0216,0.9259,1.1209
197,PERP,4.9374,11,APEX1,False,1.1036,1.0935,1.23,1.0216,0.9259,1.1209
197,PRDX2,2.8682,12,APEX1,False,1.1036,1.0935,1.23,1.0216,0.9259,1.1209
197,KDM1A,0.9259,13,APEX1,False,1.1036,1.0935,1.23,1.0216,0.9259,1.1209
198,APEX1,8.1525,1,APEX1,True,0.8088,0.8076,1.0676,1.1678,0.9806,0.8317
198,TNFRSF10C,4.8494,2,APEX1,False,0.8088,0.8076,1.0676,1.1678,0.9806,0.8317
198,ARID5B,4.8494,2,APEX1,False,0.8088,0.8076,1.0676,1.1678,0.9806,0.8317
198,DHFR,4.4456,4,APEX1,False,0.8088,0.8076,1.0676,1.1678,0.9806,0.8317
198,BACE1,4.4456,4,APEX1,False,0.8088,0.8076,1.0676,1.1678,0.9806,0.8317
198,SEC23B,4.4456,4,APEX1,False,0.8088,0.8076,1.0676,1.1678,0.9806,0.8317
198,PADI4,4.0418,7,APEX1,False,0.8088,0.8076,1.0676,1.1678,0.9806,0.8317
198,HADHB,4.0418,7,APEX1,False,0.8088,0.8076,1.0676,1.1678,0.9806,0.8317
198,RFC4,4.0418,7,APEX1,False,0.8088,0.8076,1.0676,1.1678,0.9806,0.8317
198,SF3B3,4.0418,7,APEX1,False,0.8088,0.8076,1.0676,1.1678,0.9806,0.8317
198,PERP,3.6259,11,APEX1,False,0.8088,0.8076,1.0676,1.1678,0.9806,0.8317
198,PRDX2,2.258,12,APEX1,False,0.8088,0.8076,1.0676,1.1678,0.9806,0.8317
198,KDM1A,0.9806,13,APEX1,False,0.8088,0.8076,1.0676,1.1678,0.9806,0.8317
199,APEX1,8.5756,1,APEX1,True,1.1713,0.7776,0.887,0.9548,1.0676,1.2316
199,TNFRSF10C,5.8468,2,APEX1,False,1.1713,0.7776,0.887,0.9548,1.0676,1.2316
199,ARID5B,5.8468,2,APEX1,False,1.1713,0.7776,0.887,0.9548,1.0676,1.2316
199,DHFR,5.458,4,APEX1,False,1.1713,0.7776,0.887,0.9548,1.0676,1.2316
199,BACE1,5.458,4,APEX1,False,1.1713,0.7776,0.887,0.9548,1.0676,1.2316
199,SEC23B,5.458,4,APEX1,False,1.1713,0.7776,0.887,0.9548,1.0676,1.2316
199,PADI4,5.0692,7,APEX1,False,1.1713,0.7776,0.887,0.9548,1.0676,1.2316
199,HADHB,5.0692,7,APEX1,False,1.1713,0.7776,0.887,0.9548,1.0676,1.2316
199,RFC4,5.0692,7,APEX1,False,1.1713,0.7776,0.887,0.9548,1.0676,1.2316
199,SF3B3,5.0692,7,APEX1,False,1.1713,0.7776,0.887,0.9548,1.0676,1.2316
199,PERP,4.4534,11,APEX1,False,1.1713,0.7776,0.887,0.9548,1.0676,1.2316
199,PRDX2,2.5837,12,APEX1,False,1.1713,0.7776,0.887,0.9548,1.0676,1.2316
199,KDM1A,1.0676,13,APEX1,False,1.1713,0.7776,0.887,0.9548,1.0676,1.2316
200,APEX1,8.8371,1,APEX1,True,1.1796,0.7899,0.8993,1.13,0.8359,1.085
200,TNFRSF10C,5.9084,2,APEX1,False,1.1796,0.7899,0.8993,1.13,0.8359,1.085
200,ARID5B,5.9084,2,APEX1,False,1.1796,0.7899,0.8993,1.13,0.8359,1.085
200,DHFR,5.5134,4,APEX1,False,1.1796,0.7899,0.8993,1.13,0.8359,1.085
200,BACE1,5.5134,4,APEX1,False,1.1796,0.7899,0.8993,1.13,0.8359,1.085
200,SEC23B,5.5134,4,APEX1,False,1.1796,0.7899,0.8993,1.13,0.8359,1.085
200,PADI4,5.1185,7,APEX1,False,1.1796,0.7899,0.8993,1.13,0.8359,1.085
200,HADHB,5.1185,7,APEX1,False,1.1796,0.7899,0.8993,1.13,0.8359,1.085
200,RFC4,5.1185,7,APEX1,False,1.1796,0.7899,0.8993,1.13,0.8359,1.085
200,SF3B3,5.1185,7,APEX1,False,1.1796,0.7899,0.8993,1.13,0.8359,1.085
200,PERP,4.576,11,APEX1,False,1.1796,0.7899,0.8993,1.13,0.8359,1.085
200,PRDX2,2.7634,12,APEX1,False,1.1796,0.7899,0.8993,1.13,0.8359,1.085
200,KDM1A,0.8359,13,APEX1,False,1.1796,0.7899,0.8993,1.13,0.8359,1.085
201,APEX1,9.0801,1,APEX1,True,1.0243,0.9193,1.172,0.9053,1.1102,1.1332
201,TNFRSF10C,5.8309,2,APEX1,False,1.0243,0.9193,1.172,0.9053,1.1102,1.1332
201,ARID5B,5.8309,2,APEX1,False,1.0243,0.9193,1.172,0.9053,1.1102,1.1332
201,DHFR,5.3712,4,APEX1,False,1.0243,0.9193,1.172,0.9053,1.1102,1.1332
201,BACE1,5.3712,4,APEX1,False,1.0243,0.9193,1.172,0.9053,1.1102,1.1332
201,SEC23B,5.3712,4,APEX1,False,1.0243,0.9193,1.172,0.9053,1.1102,1.1332
201,PADI4,4.9115,7,APEX1,False,1.0243,0.9193,1.172,0.9053,1.1102,1.1332
201,HADHB,4.9115,7,APEX1,False,1.0243,0.9193,1.172,0.9053,1.1102,1.1332
201,RFC4,4.9115,7,APEX1,False,1.0243,0.9193,1.172,0.9053,1.1102,1.1332
201,SF3B3,4.9115,7,APEX1,False,1.0243,0.9193,1.172,0.9053,1.1102,1.1332
201,PERP,4.3449,11,APEX1,False,1.0243,0.9193,1.172,0.9053,1.1102,1.1332
201,PRDX2,2.5995,12,APEX1,False,1.0243,0.9193,1.172,0.9053,1.1102,1.1332
201,KDM1A,1.1102,13,APEX1,False,1.0243,0.9193,1.172,0.9053,1.1102,1.1332
202,APEX1,9.4737,1,APEX1,True,1.0743,0.9754,1.1257,1.0732,0.9644,0.8384
202,TNFRSF10C,6.1491,2,APEX1,False,1.0743,0.9754,1.1257,1.0732,0.9644,0.8384
202,ARID5B,6.1491,2,APEX1,False,1.0743,0.9754,1.1257,1.0732,0.9644,0.8384
202,DHFR,5.6614,4,APEX1,False,1.0743,0.9754,1.1257,1.0732,0.9644,0.8384
202,BACE1,5.6614,4,APEX1,False,1.0743,0.9754,1.1257,1.0732,0.9644,0.8384
202,SEC23B,5.6614,4,APEX1,False,1.0743,0.9754,1.1257,1.0732,0.9644,0.8384
202,PADI4,5.1737,7,APEX1,False,1.0743,0.9754,1.1257,1.0732,0.9644,0.8384
202,HADHB,5.1737,7,APEX1,False,1.0743,0.9754,1.1257,1.0732,0.9644,0.8384
202,RFC4,5.1737,7,APEX1,False,1.0743,0.9754,1.1257,1.0732,0.9644,0.8384
202,SF3B3,5.1737,7,APEX1,False,1.0743,0.9754,1.1257,1.0732,0.9644,0.8384
202,PERP,4.7545,11,APEX1,False,1.0743,0.9754,1.1257,1.0732,0.9644,0.8384
202,PRDX2,2.973,12,APEX1,False,1.0743,0.9754,1.1257,1.0732,0.9644,0.8384
202,KDM1A,0.9644,13,APEX1,False,1.0743,0.9754,1.1257,1.0732,0.9644,0.8384
203,APEX1,9.7324,1,APEX1,True,1.0713,1.1583,1.0557,0.9321,0.9152,0.7759
203,TNFRSF10C,6.6888,2,APEX1,False,1.0713,1.1583,1.0557,0.9321,0.9152,0.7759
203,ARID5B,6.6888,2,APEX1,False,1.0713,1.1583,1.0557,0.9321,0.9152,0.7759
203,DHFR,6.1096,4,APEX1,False,1.0713,1.1583,1.0557,0.9321,0.9152,0.7759
203,BACE1,6.1096,4,APEX1,False,1.0713,1.1583,1.0557,0.9321,0.9152,0.7759
203,SEC23B,6.1096,4,APEX1,False,1.0713,1.1583,1.0557,0.9321,0.9152,0.7759
203,PADI4,5.5304,7,APEX1,False,1.0713,1.1583,1.0557,0.9321,0.9152,0.7759
203,HADHB,5.5304,7,APEX1,False,1.0713,1.1583,1.0557,0.9321,0.9152,0.7759
203,RFC4,5.5304,7,APEX1,False,1.0713,1.1583,1.0557,0.9321,0.9152,0.7759
203,SF3B3,5.5304,7,APEX1,False,1.0713,1.1583,1.0557,0.9321,0.9152,0.7759
203,PERP,5.1425,11,APEX1,False,1.0713,1.1583,1.0557,0.9321,0.9152,0.7759
203,PRDX2,2.958,12,APEX1,False,1.0713,1.1583,1.0557,0.9321,0.9152,0.7759
203,KDM1A,0.9152,13,APEX1,False,1.0713,1.1583,1.0557,0.9321,0.9152,0.7759
204,APEX1,8.6866,1,APEX1,True,1.0245,0.9622,0.8636,0.9992,0.9451,1.1827
204,TNFRSF10C,5.9601,2,APEX1,False,1.0245,0.9622,0.8636,0.9992,0.9451,1.1827
204,ARID5B,5.9601,2,APEX1,False,1.0245,0.9622,0.8636,0.9992,0.9451,1.1827
204,DHFR,5.479,4,APEX1,False,1.0245,0.9622,0.8636,0.9992,0.9451,1.1827
204,BACE1,5.479,4,APEX1,False,1.0245,0.9622,0.8636,0.9992,0.9451,1.1827
204,SEC23B,5.479,4,APEX1,False,1.0245,0.9622,0.8636,0.9992,0.9451,1.1827
204,PADI4,4.9978,7,APEX1,False,1.0245,0.9622,0.8636,0.9992,0.9451,1.1827
204,HADHB,4.9978,7,APEX1,False,1.0245,0.9622,0.8636,0.9992,0.9451,1.1827
204,RFC4,4.9978,7,APEX1,False,1.0245,0.9622,0.8636,0.9992,0.9451,1.1827
204,SF3B3,4.9978,7,APEX1,False,1.0245,0.9622,0.8636,0.9992,0.9451,1.1827
204,PERP,4.4065,11,APEX1,False,1.0245,0.9622,0.8636,0.9992,0.9451,1.1827
204,PRDX2,2.2421,12,APEX1,False,1.0245,0.9622,0.8636,0.9992,0.9451,1.1827
204,KDM1A,0.9451,13,APEX1,False,1.0245,0.9622,0.8636,0.9992,0.9451,1.1827
205,APEX1,8.3661,1,APEX1,True,0.7964,1.0949,0.8114,1.0696,0.9449,1.1662
205,TNFRSF10C,5.6736,2,APEX1,False,0.7964,1.0949,0.8114,1.0696,0.9449,1.1662
205,ARID5B,5.6736,2,APEX1,False,0.7964,1.0949,0.8114,1.0696,0.9449,1.1662
205,DHFR,5.1262,4,APEX1,False,0.7964,1.0949,0.8114,1.0696,0.9449,1.1662
205,BACE1,5.1262,4,APEX1,False,0.7964,1.0949,0.8114,1.0696,0.9449,1.1662
205,SEC23B,5.1262,4,APEX1,False,0.7964,1.0949,0.8114,1.0696,0.9449,1.1662
205,PADI4,4.5788,7,APEX1,False,0.7964,1.0949,0.8114,1.0696,0.9449,1.1662
205,HADHB,4.5788,7,APEX1,False,0.7964,1.0949,0.8114,1.0696,0.9449,1.1662
205,RFC4,4.5788,7,APEX1,False,0.7964,1.0949,0.8114,1.0696,0.9449,1.1662
205,SF3B3,4.5788,7,APEX1,False,0.7964,1.0949,0.8114,1.0696,0.9449,1.1662
205,PERP,3.9957,11,APEX1,False,0.7964,1.0949,0.8114,1.0696,0.9449,1.1662
205,PRDX2,1.6361,12,APEX1,False,0.7964,1.0949,0.8114,1.0696,0.9449,1.1662
205,KDM1A,0.9449,13,APEX1,False,0.7964,1.0949,0.8114,1.0696,0.9449,1.1662
206,APEX1,10.4933,1,APEX1,True,1.1985,1.0995,1.2178,1.1635,0.9839,1.1948
206,TNFRSF10C,6.8941,2,APEX1,False,1.1985,1.0995,1.2178,1.1635,0.9839,1.1948
206,ARID5B,6.8941,2,APEX1,False,1.1985,1.0995,1.2178,1.1635,0.9839,1.1948
206,DHFR,6.3444,4,APEX1,False,1.1985,1.0995,1.2178,1.1635,0.9839,1.1948
206,BACE1,6.3444,4,APEX1,False,1.1985,1.0995,1.2178,1.1635,0.9839,1.1948
206,SEC23B,6.3444,4,APEX1,False,1.1985,1.0995,1.2178,1.1635,0.9839,1.1948
206,PADI4,5.7946,7,APEX1,False,1.1985,1.0995,1.2178,1.1635,0.9839,1.1948
206,HADHB,5.7946,7,APEX1,False,1.1985,1.0995,1.2178,1.1635,0.9839,1.1948
206,RFC4,5.7946,7,APEX1,False,1.1985,1.0995,1.2178,1.1635,0.9839,1.1948
206,SF3B3,5.7946,7,APEX1,False,1.1985,1.0995,1.2178,1.1635,0.9839,1.1948
206,PERP,5.1972,11,APEX1,False,1.1985,1.0995,1.2178,1.1635,0.9839,1.1948
206,PRDX2,3.0193,12,APEX1,False,1.1985,1.0995,1.2178,1.1635,0.9839,1.1948
206,KDM1A,0.9839,13,APEX1,False,1.1985,1.0995,1.2178,1.1635,0.9839,1.1948
207,APEX1,8.8281,1,APEX1,True,0.8296,1.2282,0.9364,0.7819,1.0319,0.7923
207,TNFRSF10C,6.1734,2,APEX1,False,0.8296,1.2282,0.9364,0.7819,1.0319,0.7923
207,ARID5B,6.1734,2,APEX1,False,0.8296,1.2282,0.9364,0.7819,1.0319,0.7923
207,DHFR,5.5593,4,APEX1,False,0.8296,1.2282,0.9364,0.7819,1.0319,0.7923
207,BACE1,5.5593,4,APEX1,False,0.8296,1.2282,0.9364,0.7819,1.0319,0.7923
207,SEC23B,5.5593,4,APEX1,False,0.8296,1.2282,0.9364,0.7819,1.0319,0.7923
207,PADI4,4.9452,7,APEX1,False,0.8296,1.2282,0.9364,0.7819,1.0319,0.7923
207,HADHB,4.9452,7,APEX1,False,0.8296,1.2282,0.9364,0.7819,1.0319,0.7923
207,RFC4,4.9452,7,APEX1,False,0.8296,1.2282,0.9364,0.7819,1.0319,0.7923
207,SF3B3,4.9452,7,APEX1,False,0.8296,1.2282,0.9364,0.7819,1.0319,0.7923
207,PERP,4.5491,11,APEX1,False,0.8296,1.2282,0.9364,0.7819,1.0319,0.7923
207,PRDX2,2.2181,12,APEX1,False,0.8296,1.2282,0.9364,0.7819,1.0319,0.7923
207,KDM1A,1.0319,13,APEX1,False,0.8296,1.2282,0.9364,0.7819,1.0319,0.7923
208,APEX1,9.6669,1,APEX1,True,1.2028,1.0469,1.0629,0.7918,1.0756,0.8843
208,TNFRSF10C,6.7492,2,APEX1,False,1.2028,1.0469,1.0629,0.7918,1.0756,0.8843
208,ARID5B,6.7492,2,APEX1,False,1.2028,1.0469,1.0629,0.7918,1.0756,0.8843
208,DHFR,6.2257,4,APEX1,False,1.2028,1.0469,1.0629,0.7918,1.0756,0.8843
208,BACE1,6.2257,4,APEX1,False,1.2028,1.0469,1.0629,0.7918,1.0756,0.8843
208,SEC23B,6.2257,4,APEX1,False,1.2028,1.0469,1.0629,0.7918,1.0756,0.8843
208,PADI4,5.7023,7,APEX1,False,1.2028,1.0469,1.0629,0.7918,1.0756,0.8843
208,HADHB,5.7023,7,APEX1,False,1.2028,1.0469,1.0629,0.7918,1.0756,0.8843
208,RFC4,5.7023,7,APEX1,False,1.2028,1.0469,1.0629,0.7918,1.0756,0.8843
208,SF3B3,5.7023,7,APEX1,False,1.2028,1.0469,1.0629,0.7918,1.0756,0.8843
208,PERP,5.2601,11,APEX1,False,1.2028,1.0469,1.0629,0.7918,1.0756,0.8843
208,PRDX2,3.1857,12,APEX1,False,1.2028,1.0469,1.0629,0.7918,1.0756,0.8843
208,KDM1A,1.0756,13,APEX1,False,1.2028,1.0469,1.0629,0.7918,1.0756,0.8843
209,APEX1,8.4043,1,APEX1,True,0.8415,1.0128,0.9171,1.0071,1.0933,0.8291
209,TNFRSF10C,5.5629,2,APEX1,False,0.8415,1.0128,0.9171,1.0071,1.0933,0.8291
209,ARID5B,5.5629,2,APEX1,False,0.8415,1.0128,0.9171,1.0071,1.0933,0.8291
209,DHFR,5.0565,4,APEX1,False,0.8415,1.0128,0.9171,1.0071,1.0933,0.8291
209,BACE1,5.0565,4,APEX1,False,0.8415,1.0128,0.9171,1.0071,1.0933,0.8291
209,SEC23B,5.0565,4,APEX1,False,0.8415,1.0128,0.9171,1.0071,1.0933,0.8291
209,PADI4,4.5501,7,APEX1,False,0.8415,1.0128,0.9171,1.0071,1.0933,0.8291
209,HADHB,4.5501,7,APEX1,False,0.8415,1.0128,0.9171,1.0071,1.0933,0.8291
209,RFC4,4.5501,7,APEX1,False,0.8415,1.0128,0.9171,1.0071,1.0933,0.8291
209,SF3B3,4.5501,7,APEX1,False,0.8415,1.0128,0.9171,1.0071,1.0933,0.8291
209,PERP,4.1356,11,APEX1,False,0.8415,1.0128,0.9171,1.0071,1.0933,0.8291
209,PRDX2,2.1918,12,APEX1,False,0.8415,1.0128,0.9171,1.0071,1.0933,0.8291
209,KDM1A,1.0933,13,APEX1,False,0.8415,1.0128,0.9171,1.0071,1.0933,0.8291
210,APEX1,9.0503,1,APEX1,True,1.0106,1.0959,0.7958,1.1394,1.0744,0.9327
210,TNFRSF10C,6.3194,2,APEX1,False,1.0106,1.0959,0.7958,1.1394,1.0744,0.9327
210,ARID5B,6.3194,2,APEX1,False,1.0106,1.0959,0.7958,1.1394,1.0744,0.9327
210,DHFR,5.7715,4,APEX1,False,1.0106,1.0959,0.7958,1.1394,1.0744,0.9327
210,BACE1,5.7715,4,APEX1,False,1.0106,1.0959,0.7958,1.1394,1.0744,0.9327
210,SEC23B,5.7715,4,APEX1,False,1.0106,1.0959,0.7958,1.1394,1.0744,0.9327
210,PADI4,5.2235,7,APEX1,False,1.0106,1.0959,0.7958,1.1394,1.0744,0.9327
210,HADHB,5.2235,7,APEX1,False,1.0106,1.0959,0.7958,1.1394,1.0744,0.9327
210,RFC4,5.2235,7,APEX1,False,1.0106,1.0959,0.7958,1.1394,1.0744,0.9327
210,SF3B3,5.2235,7,APEX1,False,1.0106,1.0959,0.7958,1.1394,1.0744,0.9327
210,PERP,4.7572,11,APEX1,False,1.0106,1.0959,0.7958,1.1394,1.0744,0.9327
210,PRDX2,2.3895,12,APEX1,False,1.0106,1.0959,0.7958,1.1394,1.0744,0.9327
210,KDM1A,1.0744,13,APEX1,False,1.0106,1.0959,0.7958,1.1394,1.0744,0.9327
211,APEX1,9.3354,1,APEX1,True,1.1503,1.0492,0.9081,0.9208,1.1363,0.8365
211,TNFRSF10C,6.5984,2,APEX1,False,1.1503,1.0492,0.9081,0.9208,1.1363,0.8365
211,ARID5B,6.5984,2,APEX1,False,1.1503,1.0492,0.9081,0.9208,1.1363,0.8365
211,DHFR,6.0738,4,APEX1,False,1.1503,1.0492,0.9081,0.9208,1.1363,0.8365
211,BACE1,6.0738,4,APEX1,False,1.1503,1.0492,0.9081,0.9208,1.1363,0.8365
211,SEC23B,6.0738,4,APEX1,False,1.1503,1.0492,0.9081,0.9208,1.1363,0.8365
211,PADI4,5.5492,7,APEX1,False,1.1503,1.0492,0.9081,0.9208,1.1363,0.8365
211,HADHB,5.5492,7,APEX1,False,1.1503,1.0492,0.9081,0.9208,1.1363,0.8365
211,RFC4,5.5492,7,APEX1,False,1.1503,1.0492,0.9081,0.9208,1.1363,0.8365
211,SF3B3,5.5492,7,APEX1,False,1.1503,1.0492,0.9081,0.9208,1.1363,0.8365
211,PERP,5.131,11,APEX1,False,1.1503,1.0492,0.9081,0.9208,1.1363,0.8365
211,PRDX2,2.9474,12,APEX1,False,1.1503,1.0492,0.9081,0.9208,1.1363,0.8365
211,KDM1A,1.1363,13,APEX1,False,1.1503,1.0492,0.9081,0.9208,1.1363,0.8365
212,APEX1,10.3997,1,APEX1,True,1.126,1.2442,1.0334,1.2222,0.9635,0.9476
212,TNFRSF10C,7.1107,2,APEX1,False,1.126,1.2442,1.0334,1.2222,0.9635,0.9476
212,ARID5B,7.1107,2,APEX1,False,1.126,1.2442,1.0334,1.2222,0.9635,0.9476
212,DHFR,6.4886,4,APEX1,False,1.126,1.2442,1.0334,1.2222,0.9635,0.9476
212,BACE1,6.4886,4,APEX1,False,1.126,1.2442,1.0334,1.2222,0.9635,0.9476
212,SEC23B,6.4886,4,APEX1,False,1.126,1.2442,1.0334,1.2222,0.9635,0.9476
212,PADI4,5.8665,7,APEX1,False,1.126,1.2442,1.0334,1.2222,0.9635,0.9476
212,HADHB,5.8665,7,APEX1,False,1.126,1.2442,1.0334,1.2222,0.9635,0.9476
212,RFC4,5.8665,7,APEX1,False,1.126,1.2442,1.0334,1.2222,0.9635,0.9476
212,SF3B3,5.8665,7,APEX1,False,1.126,1.2442,1.0334,1.2222,0.9635,0.9476
212,PERP,5.3927,11,APEX1,False,1.126,1.2442,1.0334,1.2222,0.9635,0.9476
212,PRDX2,2.9009,12,APEX1,False,1.126,1.2442,1.0334,1.2222,0.9635,0.9476
212,KDM1A,0.9635,13,APEX1,False,1.126,1.2442,1.0334,1.2222,0.9635,0.9476
213,APEX1,9.0912,1,APEX1,True,1.2468,0.98,0.8226,0.7656,1.048,1.2374
213,TNFRSF10C,6.6804,2,APEX1,False,1.2468,0.98,0.8226,0.7656,1.048,1.2374
213,ARID5B,6.6804,2,APEX1,False,1.2468,0.98,0.8226,0.7656,1.048,1.2374
213,DHFR,6.1904,4,APEX1,False,1.2468,0.98,0.8226,0.7656,1.048,1.2374
213,BACE1,6.1904,4,APEX1,False,1.2468,0.98,0.8226,0.7656,1.048,1.2374
213,SEC23B,6.1904,4,APEX1,False,1.2468,0.98,0.8226,0.7656,1.048,1.2374
213,PADI4,5.7004,7,APEX1,False,1.2468,0.98,0.8226,0.7656,1.048,1.2374
213,HADHB,5.7004,7,APEX1,False,1.2468,0.98,0.8226,0.7656,1.048,1.2374
213,RFC4,5.7004,7,APEX1,False,1.2468,0.98,0.8226,0.7656,1.048,1.2374
213,SF3B3,5.7004,7,APEX1,False,1.2468,0.98,0.8226,0.7656,1.048,1.2374
213,PERP,5.0817,11,APEX1,False,1.2468,0.98,0.8226,0.7656,1.048,1.2374
213,PRDX2,2.7021,12,APEX1,False,1.2468,0.98,0.8226,0.7656,1.048,1.2374
213,KDM1A,1.048,13,APEX1,False,1.2468,0.98,0.8226,0.7656,1.048,1.2374
214,APEX1,8.2642,1,APEX1,True,0.854,0.8136,1.0802,1.1009,1.2205,1.1131
214,TNFRSF10C,5.0027,2,APEX1,False,0.854,0.8136,1.0802,1.1009,1.2205,1.1131
214,ARID5B,5.0027,2,APEX1,False,0.854,0.8136,1.0802,1.1009,1.2205,1.1131
214,DHFR,4.5959,4,APEX1,False,0.854,0.8136,1.0802,1.1009,1.2205,1.1131
214,BACE1,4.5959,4,APEX1,False,0.854,0.8136,1.0802,1.1009,1.2205,1.1131
214,SEC23B,4.5959,4,APEX1,False,0.854,0.8136,1.0802,1.1009,1.2205,1.1131
214,PADI4,4.1891,7,APEX1,False,0.854,0.8136,1.0802,1.1009,1.2205,1.1131
214,HADHB,4.1891,7,APEX1,False,0.854,0.8136,1.0802,1.1009,1.2205,1.1131
214,RFC4,4.1891,7,APEX1,False,0.854,0.8136,1.0802,1.1009,1.2205,1.1131
214,SF3B3,4.1891,7,APEX1,False,0.854,0.8136,1.0802,1.1009,1.2205,1.1131
214,PERP,3.6326,11,APEX1,False,0.854,0.8136,1.0802,1.1009,1.2205,1.1131
214,PRDX2,2.102,12,APEX1,False,0.854,0.8136,1.0802,1.1009,1.2205,1.1131
214,KDM1A,1.2205,13,APEX1,False,0.854,0.8136,1.0802,1.1009,1.2205,1.1131
215,APEX1,9.1431,1,APEX1,True,1.0066,1.2006,0.8823,0.7568,1.2455,0.7914
215,TNFRSF10C,6.6217,2,APEX1,False,1.0066,1.2006,0.8823,0.7568,1.2455,0.7914
215,ARID5B,6.6217,2,APEX1,False,1.0066,1.2006,0.8823,0.7568,1.2455,0.7914
215,DHFR,6.0214,4,APEX1,False,1.0066,1.2006,0.8823,0.7568,1.2455,0.7914
215,BACE1,6.0214,4,APEX1,False,1.0066,1.2006,0.8823,0.7568,1.2455,0.7914
215,SEC23B,6.0214,4,APEX1,False,1.0066,1.2006,0.8823,0.7568,1.2455,0.7914
215,PADI4,5.4211,7,APEX1,False,1.0066,1.2006,0.8823,0.7568,1.2455,0.7914
215,HADHB,5.4211,7,APEX1,False,1.0066,1.2006,0.8823,0.7568,1.2455,0.7914
215,RFC4,5.4211,7,APEX1,False,1.0066,1.2006,0.8823,0.7568,1.2455,0.7914
215,SF3B3,5.4211,7,APEX1,False,1.0066,1.2006,0.8823,0.7568,1.2455,0.7914
215,PERP,5.0254,11,APEX1,False,1.0066,1.2006,0.8823,0.7568,1.2455,0.7914
215,PRDX2,2.6075,12,APEX1,False,1.0066,1.2006,0.8823,0.7568,1.2455,0.7914
215,KDM1A,1.2455,13,APEX1,False,1.0066,1.2006,0.8823,0.7568,1.2455,0.7914
216,APEX1,9.7355,1,APEX1,True,1.2344,1.0451,0.8525,1.1921,1.1393,1.1382
216,TNFRSF10C,6.8384,2,APEX1,False,1.2344,1.0451,0.8525,1.1921,1.1393,1.1382
216,ARID5B,6.8384,2,APEX1,False,1.2344,1.0451,0.8525,1.1921,1.1393,1.1382
216,DHFR,6.3158,4,APEX1,False,1.2344,1.0451,0.8525,1.1921,1.1393,1.1382
216,BACE1,6.3158,4,APEX1,False,1.2344,1.0451,0.8525,1.1921,1.1393,1.1382
216,SEC23B,6.3158,4,APEX1,False,1.2344,1.0451,0.8525,1.1921,1.1393,1.1382
216,PADI4,5.7933,7,APEX1,False,1.2344,1.0451,0.8525,1.1921,1.1393,1.1382
216,HADHB,5.7933,7,APEX1,False,1.2344,1.0451,0.8525,1.1921,1.1393,1.1382
216,RFC4,5.7933,7,APEX1,False,1.2344,1.0451,0.8525,1.1921,1.1393,1.1382
216,SF3B3,5.7933,7,APEX1,False,1.2344,1.0451,0.8525,1.1921,1.1393,1.1382
216,PERP,5.2242,11,APEX1,False,1.2344,1.0451,0.8525,1.1921,1.1393,1.1382
216,PRDX2,2.8002,12,APEX1,False,1.2344,1.0451,0.8525,1.1921,1.1393,1.1382
216,KDM1A,1.1393,13,APEX1,False,1.2344,1.0451,0.8525,1.1921,1.1393,1.1382
217,APEX1,8.9449,1,APEX1,True,0.9025,0.9584,1.2191,0.924,0.7553,1.2157
217,TNFRSF10C,5.5827,2,APEX1,False,0.9025,0.9584,1.2191,0.924,0.7553,1.2157
217,ARID5B,5.5827,2,APEX1,False,0.9025,0.9584,1.2191,0.924,0.7553,1.2157
217,DHFR,5.1035,4,APEX1,False,0.9025,0.9584,1.2191,0.924,0.7553,1.2157
217,BACE1,5.1035,4,APEX1,False,0.9025,0.9584,1.2191,0.924,0.7553,1.2157
217,SEC23B,5.1035,4,APEX1,False,0.9025,0.9584,1.2191,0.924,0.7553,1.2157
217,PADI4,4.6243,7,APEX1,False,0.9025,0.9584,1.2191,0.924,0.7553,1.2157
217,HADHB,4.6243,7,APEX1,False,0.9025,0.9584,1.2191,0.924,0.7553,1.2157
217,RFC4,4.6243,7,APEX1,False,0.9025,0.9584,1.2191,0.924,0.7553,1.2157
217,SF3B3,4.6243,7,APEX1,False,0.9025,0.9584,1.2191,0.924,0.7553,1.2157
217,PERP,4.0164,11,APEX1,False,0.9025,0.9584,1.2191,0.924,0.7553,1.2157
217,PRDX2,2.2598,12,APEX1,False,0.9025,0.9584,1.2191,0.924,0.7553,1.2157
217,KDM1A,0.7553,13,APEX1,False,0.9025,0.9584,1.2191,0.924,0.7553,1.2157
218,APEX1,10.0283,1,APEX1,True,1.0576,1.096,1.2025,1.1626,0.7729,1.1695
218,TNFRSF10C,6.4607,2,APEX1,False,1.0576,1.096,1.2025,1.1626,0.7729,1.1695
218,ARID5B,6.4607,2,APEX1,False,1.0576,1.096,1.2025,1.1626,0.7729,1.1695
218,DHFR,5.9127,4,APEX1,False,1.0576,1.096,1.2025,1.1626,0.7729,1.1695
218,BACE1,5.9127,4,APEX1,False,1.0576,1.096,1.2025,1.1626,0.7729,1.1695
218,SEC23B,5.9127,4,APEX1,False,1.0576,1.096,1.2025,1.1626,0.7729,1.1695
218,PADI4,5.3647,7,APEX1,False,1.0576,1.096,1.2025,1.1626,0.7729,1.1695
218,HADHB,5.3647,7,APEX1,False,1.0576,1.096,1.2025,1.1626,0.7729,1.1695
218,RFC4,5.3647,7,APEX1,False,1.0576,1.096,1.2025,1.1626,0.7729,1.1695
218,SF3B3,5.3647,7,APEX1,False,1.0576,1.096,1.2025,1.1626,0.7729,1.1695
218,PERP,4.7799,11,APEX1,False,1.0576,1.096,1.2025,1.1626,0.7729,1.1695
218,PRDX2,2.6769,12,APEX1,False,1.0576,1.096,1.2025,1.1626,0.7729,1.1695
218,KDM1A,0.7729,13,APEX1,False,1.0576,1.096,1.2025,1.1626,0.7729,1.1695
219,APEX1,9.3819,1,APEX1,True,1.2419,0.7525,1.2141,0.9704,1.2176,1.1143
219,TNFRSF10C,5.9833,2,APEX1,False,1.2419,0.7525,1.2141,0.9704,1.2176,1.1143
219,ARID5B,5.9833,2,APEX1,False,1.2419,0.7525,1.2141,0.9704,1.2176,1.1143
219,DHFR,5.607,4,APEX1,False,1.2419,0.7525,1.2141,0.9704,1.2176,1.1143
219,BACE1,5.607,4,APEX1,False,1.2419,0.7525,1.2141,0.9704,1.2176,1.1143
219,SEC23B,5.607,4,APEX1,False,1.2419,0.7525,1.2141,0.9704,1.2176,1.1143
219,PADI4,5.2308,7,APEX1,False,1.2419,0.7525,1.2141,0.9704,1.2176,1.1143
219,HADHB,5.2308,7,APEX1,False,1.2419,0.7525,1.2141,0.9704,1.2176,1.1143
219,RFC4,5.2308,7,APEX1,False,1.2419,0.7525,1.2141,0.9704,1.2176,1.1143
219,SF3B3,5.2308,7,APEX1,False,1.2419,0.7525,1.2141,0.9704,1.2176,1.1143
219,PERP,4.6736,11,APEX1,False,1.2419,0.7525,1.2141,0.9704,1.2176,1.1143
219,PRDX2,3.2047,12,APEX1,False,1.2419,0.7525,1.2141,0.9704,1.2176,1.1143
219,KDM1A,1.2176,13,APEX1,False,1.2419,0.7525,1.2141,0.9704,1.2176,1.1143
220,APEX1,8.4609,1,APEX1,True,0.7789,1.1671,0.802,1.019,0.9939,1.198
220,TNFRSF10C,5.8378,2,APEX1,False,0.7789,1.1671,0.802,1.019,0.9939,1.198
220,ARID5B,5.8378,2,APEX1,False,0.7789,1.1671,0.802,1.019,0.9939,1.198
220,DHFR,5.2543,4,APEX1,False,0.7789,1.1671,0.802,1.019,0.9939,1.198
220,BACE1,5.2543,4,APEX1,False,0.7789,1.1671,0.802,1.019,0.9939,1.198
220,SEC23B,5.2543,4,APEX1,False,0.7789,1.1671,0.802,1.019,0.9939,1.198
220,PADI4,4.6708,7,APEX1,False,0.7789,1.1671,0.802,1.019,0.9939,1.198
220,HADHB,4.6708,7,APEX1,False,0.7789,1.1671,0.802,1.019,0.9939,1.198
220,RFC4,4.6708,7,APEX1,False,0.7789,1.1671,0.802,1.019,0.9939,1.198
220,SF3B3,4.6708,7,APEX1,False,0.7789,1.1671,0.802,1.019,0.9939,1.198
220,PERP,4.0718,11,APEX1,False,0.7789,1.1671,0.802,1.019,0.9939,1.198
220,PRDX2,1.5512,12,APEX1,False,0.7789,1.1671,0.802,1.019,0.9939,1.198
220,KDM1A,0.9939,13,APEX1,False,0.7789,1.1671,0.802,1.019,0.9939,1.198
221,APEX1,9.3366,1,APEX1,True,1.0751,1.0667,0.8454,1.2203,1.0005,1.077
221,TNFRSF10C,6.4255,2,APEX1,False,1.0751,1.0667,0.8454,1.2203,1.0005,1.077
221,ARID5B,6.4255,2,APEX1,False,1.0751,1.0667,0.8454,1.2203,1.0005,1.077
221,DHFR,5.8921,4,APEX1,False,1.0751,1.0667,0.8454,1.2203,1.0005,1.077
221,BACE1,5.8921,4,APEX1,False,1.0751,1.0667,0.8454,1.2203,1.0005,1.077
221,SEC23B,5.8921,4,APEX1,False,1.0751,1.0667,0.8454,1.2203,1.0005,1.077
221,PADI4,5.3588,7,APEX1,False,1.0751,1.0667,0.8454,1.2203,1.0005,1.077
221,HADHB,5.3588,7,APEX1,False,1.0751,1.0667,0.8454,1.2203,1.0005,1.077
221,RFC4,5.3588,7,APEX1,False,1.0751,1.0667,0.8454,1.2203,1.0005,1.077
221,SF3B3,5.3588,7,APEX1,False,1.0751,1.0667,0.8454,1.2203,1.0005,1.077
221,PERP,4.8203,11,APEX1,False,1.0751,1.0667,0.8454,1.2203,1.0005,1.077
221,PRDX2,2.4562,12,APEX1,False,1.0751,1.0667,0.8454,1.2203,1.0005,1.077
221,KDM1A,1.0005,13,APEX1,False,1.0751,1.0667,0.8454,1.2203,1.0005,1.077
222,APEX1,9.4902,1,APEX1,True,1.1934,0.9788,1.0867,0.7999,0.9626,0.8401
222,TNFRSF10C,6.5168,2,APEX1,False,1.1934,0.9788,1.0867,0.7999,0.9626,0.8401
222,ARID5B,6.5168,2,APEX1,False,1.1934,0.9788,1.0867,0.7999,0.9626,0.8401
222,DHFR,6.0274,4,APEX1,False,1.1934,0.9788,1.0867,0.7999,0.9626,0.8401
222,BACE1,6.0274,4,APEX1,False,1.1934,0.9788,1.0867,0.7999,0.9626,0.8401
222,SEC23B,6.0274,4,APEX1,False,1.1934,0.9788,1.0867,0.7999,0.9626,0.8401
222,PADI4,5.538,7,APEX1,False,1.1934,0.9788,1.0867,0.7999,0.9626,0.8401
222,HADHB,5.538,7,APEX1,False,1.1934,0.9788,1.0867,0.7999,0.9626,0.8401
222,RFC4,5.538,7,APEX1,False,1.1934,0.9788,1.0867,0.7999,0.9626,0.8401
222,SF3B3,5.538,7,APEX1,False,1.1934,0.9788,1.0867,0.7999,0.9626,0.8401
222,PERP,5.118,11,APEX1,False,1.1934,0.9788,1.0867,0.7999,0.9626,0.8401
222,PRDX2,3.2303,12,APEX1,False,1.1934,0.9788,1.0867,0.7999,0.9626,0.8401
222,KDM1A,0.9626,13,APEX1,False,1.1934,0.9788,1.0867,0.7999,0.9626,0.8401
223,APEX1,8.5527,1,APEX1,True,0.9098,0.7801,1.15,1.1831,1.0013,0.9462
223,TNFRSF10C,5.0695,2,APEX1,False,0.9098,0.7801,1.15,1.1831,1.0013,0.9462
223,ARID5B,5.0695,2,APEX1,False,0.9098,0.7801,1.15,1.1831,1.0013,0.9462
223,DHFR,4.6795,4,APEX1,False,0.9098,0.7801,1.15,1.1831,1.0013,0.9462
223,BACE1,4.6795,4,APEX1,False,0.9098,0.7801,1.15,1.1831,1.0013,0.9462
223,SEC23B,4.6795,4,APEX1,False,0.9098,0.7801,1.15,1.1831,1.0013,0.9462
223,PADI4,4.2894,7,APEX1,False,0.9098,0.7801,1.15,1.1831,1.0013,0.9462
223,HADHB,4.2894,7,APEX1,False,0.9098,0.7801,1.15,1.1831,1.0013,0.9462
223,RFC4,4.2894,7,APEX1,False,0.9098,0.7801,1.15,1.1831,1.0013,0.9462
223,SF3B3,4.2894,7,APEX1,False,0.9098,0.7801,1.15,1.1831,1.0013,0.9462
223,PERP,3.8163,11,APEX1,False,0.9098,0.7801,1.15,1.1831,1.0013,0.9462
223,PRDX2,2.4782,12,APEX1,False,0.9098,0.7801,1.15,1.1831,1.0013,0.9462
223,KDM1A,1.0013,13,APEX1,False,0.9098,0.7801,1.15,1.1831,1.0013,0.9462
224,APEX1,8.8272,1,APEX1,True,0.9062,1.0722,0.9292,1.0335,0.9828,1.2038
224,TNFRSF10C,5.9352,2,APEX1,False,0.9062,1.0722,0.9292,1.0335,0.9828,1.2038
224,ARID5B,5.9352,2,APEX1,False,0.9062,1.0722,0.9292,1.0335,0.9828,1.2038
224,DHFR,5.3991,4,APEX1,False,0.9062,1.0722,0.9292,1.0335,0.9828,1.2038
224,BACE1,5.3991,4,APEX1,False,0.9062,1.0722,0.9292,1.0335,0.9828,1.2038
224,SEC23B,5.3991,4,APEX1,False,0.9062,1.0722,0.9292,1.0335,0.9828,1.2038
224,PADI4,4.863,7,APEX1,False,0.9062,1.0722,0.9292,1.0335,0.9828,1.2038
224,HADHB,4.863,7,APEX1,False,0.9062,1.0722,0.9292,1.0335,0.9828,1.2038
224,RFC4,4.863,7,APEX1,False,0.9062,1.0722,0.9292,1.0335,0.9828,1.2038
224,SF3B3,4.863,7,APEX1,False,0.9062,1.0722,0.9292,1.0335,0.9828,1.2038
224,PERP,4.2611,11,APEX1,False,0.9062,1.0722,0.9292,1.0335,0.9828,1.2038
224,PRDX2,1.991,12,APEX1,False,0.9062,1.0722,0.9292,1.0335,0.9828,1.2038
224,KDM1A,0.9828,13,APEX1,False,0.9062,1.0722,0.9292,1.0335,0.9828,1.2038
225,APEX1,9.6533,1,APEX1,True,1.1416,1.2301,0.8406,0.8569,1.073,1.2433
225,TNFRSF10C,7.1151,2,APEX1,False,1.1416,1.2301,0.8406,0.8569,1.073,1.2433
225,ARID5B,7.1151,2,APEX1,False,1.1416,1.2301,0.8406,0.8569,1.073,1.2433
225,DHFR,6.5001,4,APEX1,False,1.1416,1.2301,0.8406,0.8569,1.073,1.2433
225,BACE1,6.5001,4,APEX1,False,1.1416,1.2301,0.8406,0.8569,1.073,1.2433
225,SEC23B,6.5001,4,APEX1,False,1.1416,1.2301,0.8406,0.8569,1.073,1.2433
225,PADI4,5.885,7,APEX1,False,1.1416,1.2301,0.8406,0.8569,1.073,1.2433
225,HADHB,5.885,7,APEX1,False,1.1416,1.2301,0.8406,0.8569,1.073,1.2433
225,RFC4,5.885,7,APEX1,False,1.1416,1.2301,0.8406,0.8569,1.073,1.2433
225,SF3B3,5.885,7,APEX1,False,1.1416,1.2301,0.8406,0.8569,1.073,1.2433
225,PERP,5.2634,11,APEX1,False,1.1416,1.2301,0.8406,0.8569,1.073,1.2433
225,PRDX2,2.4514,12,APEX1,False,1.1416,1.2301,0.8406,0.8569,1.073,1.2433
225,KDM1A,1.073,13,APEX1,False,1.1416,1.2301,0.8406,0.8569,1.073,1.2433
226,APEX1,8.5457,1,APEX1,True,1.1322,0.773,1.0263,0.7773,0.8692,1.2216
226,TNFRSF10C,5.7157,2,APEX1,False,1.1322,0.773,1.0263,0.7773,0.8692,1.2216
226,ARID5B,5.7157,2,APEX1,False,1.1322,0.773,1.0263,0.7773,0.8692,1.2216
226,DHFR,5.3292,4,APEX1,False,1.1322,0.773,1.0263,0.7773,0.8692,1.2216
226,BACE1,5.3292,4,APEX1,False,1.1322,0.773,1.0263,0.7773,0.8692,1.2216
226,SEC23B,5.3292,4,APEX1,False,1.1322,0.773,1.0263,0.7773,0.8692,1.2216
226,PADI4,4.9427,7,APEX1,False,1.1322,0.773,1.0263,0.7773,0.8692,1.2216
226,HADHB,4.9427,7,APEX1,False,1.1322,0.773,1.0263,0.7773,0.8692,1.2216
226,RFC4,4.9427,7,APEX1,False,1.1322,0.773,1.0263,0.7773,0.8692,1.2216
226,SF3B3,4.9427,7,APEX1,False,1.1322,0.773,1.0263,0.7773,0.8692,1.2216
226,PERP,4.3319,11,APEX1,False,1.1322,0.773,1.0263,0.7773,0.8692,1.2216
226,PRDX2,2.6353,12,APEX1,False,1.1322,0.773,1.0263,0.7773,0.8692,1.2216
226,KDM1A,0.8692,13,APEX1,False,1.1322,0.773,1.0263,0.7773,0.8692,1.2216
227,APEX1,10.2403,1,APEX1,True,1.0475,1.1577,1.2335,1.1579,1.192,1.2078
227,TNFRSF10C,6.6154,2,APEX1,False,1.0475,1.1577,1.2335,1.1579,1.192,1.2078
227,ARID5B,6.6154,2,APEX1,False,1.0475,1.1577,1.2335,1.1579,1.192,1.2078
227,DHFR,6.0366,4,APEX1,False,1.0475,1.1577,1.2335,1.1579,1.192,1.2078
227,BACE1,6.0366,4,APEX1,False,1.0475,1.1577,1.2335,1.1579,1.192,1.2078
227,SEC23B,6.0366,4,APEX1,False,1.0475,1.1577,1.2335,1.1579,1.192,1.2078
227,PADI4,5.4578,7,APEX1,False,1.0475,1.1577,1.2335,1.1579,1.192,1.2078
227,HADHB,5.4578,7,APEX1,False,1.0475,1.1577,1.2335,1.1579,1.192,1.2078
227,RFC4,5.4578,7,APEX1,False,1.0475,1.1577,1.2335,1.1579,1.192,1.2078
227,SF3B3,5.4578,7,APEX1,False,1.0475,1.1577,1.2335,1.1579,1.192,1.2078
227,PERP,4.8539,11,APEX1,False,1.0475,1.1577,1.2335,1.1579,1.192,1.2078
227,PRDX2,2.6445,12,APEX1,False,1.0475,1.1577,1.2335,1.1579,1.192,1.2078
227,KDM1A,1.192,13,APEX1,False,1.0475,1.1577,1.2335,1.1579,1.192,1.2078
228,APEX1,7.5525,1,APEX1,True,0.8252,0.8817,0.8281,0.7754,1.0864,1.2264
228,TNFRSF10C,5.1209,2,APEX1,False,0.8252,0.8817,0.8281,0.7754,1.0864,1.2264
228,ARID5B,5.1209,2,APEX1,False,0.8252,0.8817,0.8281,0.7754,1.0864,1.2264
228,DHFR,4.68,4,APEX1,False,0.8252,0.8817,0.8281,0.7754,1.0864,1.2264
228,BACE1,4.68,4,APEX1,False,0.8252,0.8817,0.8281,0.7754,1.0864,1.2264
228,SEC23B,4.68,4,APEX1,False,0.8252,0.8817,0.8281,0.7754,1.0864,1.2264
228,PADI4,4.2392,7,APEX1,False,0.8252,0.8817,0.8281,0.7754,1.0864,1.2264
228,HADHB,4.2392,7,APEX1,False,0.8252,0.8817,0.8281,0.7754,1.0864,1.2264
228,RFC4,4.2392,7,APEX1,False,0.8252,0.8817,0.8281,0.7754,1.0864,1.2264
228,SF3B3,4.2392,7,APEX1,False,0.8252,0.8817,0.8281,0.7754,1.0864,1.2264
228,PERP,3.626,11,APEX1,False,0.8252,0.8817,0.8281,0.7754,1.0864,1.2264
228,PRDX2,1.6648,12,APEX1,False,0.8252,0.8817,0.8281,0.7754,1.0864,1.2264
228,KDM1A,1.0864,13,APEX1,False,0.8252,0.8817,0.8281,0.7754,1.0864,1.2264
229,APEX1,9.5394,1,APEX1,True,0.8812,1.1485,1.1446,1.1611,1.0914,0.9413
229,TNFRSF10C,6.089,2,APEX1,False,0.8812,1.1485,1.1446,1.1611,1.0914,0.9413
229,ARID5B,6.089,2,APEX1,False,0.8812,1.1485,1.1446,1.1611,1.0914,0.9413
229,DHFR,5.5148,4,APEX1,False,0.8812,1.1485,1.1446,1.1611,1.0914,0.9413
229,BACE1,5.5148,4,APEX1,False,0.8812,1.1485,1.1446,1.1611,1.0914,0.9413
229,SEC23B,5.5148,4,APEX1,False,0.8812,1.1485,1.1446,1.1611,1.0914,0.9413
229,PADI4,4.9406,7,APEX1,False,0.8812,1.1485,1.1446,1.1611,1.0914,0.9413
229,HADHB,4.9406,7,APEX1,False,0.8812,1.1485,1.1446,1.1611,1.0914,0.9413
229,RFC4,4.9406,7,APEX1,False,0.8812,1.1485,1.1446,1.1611,1.0914,0.9413
229,SF3B3,4.9406,7,APEX1,False,0.8812,1.1485,1.1446,1.1611,1.0914,0.9413
229,PERP,4.4699,11,APEX1,False,0.8812,1.1485,1.1446,1.1611,1.0914,0.9413
229,PRDX2,2.4063,12,APEX1,False,0.8812,1.1485,1.1446,1.1611,1.0914,0.9413
229,KDM1A,1.0914,13,APEX1,False,0.8812,1.1485,1.1446,1.1611,1.0914,0.9413
230,APEX1,9.0036,1,APEX1,True,0.8485,1.2271,1.0114,0.7538,0.93,1.0055
230,TNFRSF10C,6.227,2,APEX1,False,0.8485,1.2271,1.0114,0.7538,0.93,1.0055
230,ARID5B,6.227,2,APEX1,False,0.8485,1.2271,1.0114,0.7538,0.93,1.0055
230,DHFR,5.6134,4,APEX1,False,0.8485,1.2271,1.0114,0.7538,0.93,1.0055
230,BACE1,5.6134,4,APEX1,False,0.8485,1.2271,1.0114,0.7538,0.93,1.0055
230,SEC23B,5.6134,4,APEX1,False,0.8485,1.2271,1.0114,0.7538,0.93,1.0055
230,PADI4,4.9998,7,APEX1,False,0.8485,1.2271,1.0114,0.7538,0.93,1.0055
230,HADHB,4.9998,7,APEX1,False,0.8485,1.2271,1.0114,0.7538,0.93,1.0055
230,RFC4,4.9998,7,APEX1,False,0.8485,1.2271,1.0114,0.7538,0.93,1.0055
230,SF3B3,4.9998,7,APEX1,False,0.8485,1.2271,1.0114,0.7538,0.93,1.0055
230,PERP,4.4971,11,APEX1,False,0.8485,1.2271,1.0114,0.7538,0.93,1.0055
230,PRDX2,2.1272,12,APEX1,False,0.8485,1.2271,1.0114,0.7538,0.93,1.0055
230,KDM1A,0.93,13,APEX1,False,0.8485,1.2271,1.0114,0.7538,0.93,1.0055
231,APEX1,9.445,1,APEX1,True,1.0719,1.1094,0.8899,1.1213,0.89,1.2169
231,TNFRSF10C,6.5439,2,APEX1,False,1.0719,1.1094,0.8899,1.1213,0.89,1.2169
231,ARID5B,6.5439,2,APEX1,False,1.0719,1.1094,0.8899,1.1213,0.89,1.2169
231,DHFR,5.9892,4,APEX1,False,1.0719,1.1094,0.8899,1.1213,0.89,1.2169
231,BACE1,5.9892,4,APEX1,False,1.0719,1.1094,0.8899,1.1213,0.89,1.2169
231,SEC23B,5.9892,4,APEX1,False,1.0719,1.1094,0.8899,1.1213,0.89,1.2169
231,PADI4,5.4345,7,APEX1,False,1.0719,1.1094,0.8899,1.1213,0.89,1.2169
231,HADHB,5.4345,7,APEX1,False,1.0719,1.1094,0.8899,1.1213,0.89,1.2169
231,RFC4,5.4345,7,APEX1,False,1.0719,1.1094,0.8899,1.1213,0.89,1.2169
231,SF3B3,5.4345,7,APEX1,False,1.0719,1.1094,0.8899,1.1213,0.89,1.2169
231,PERP,4.8261,11,APEX1,False,1.0719,1.1094,0.8899,1.1213,0.89,1.2169
231,PRDX2,2.3528,12,APEX1,False,1.0719,1.1094,0.8899,1.1213,0.89,1.2169
231,KDM1A,0.89,13,APEX1,False,1.0719,1.1094,0.8899,1.1213,0.89,1.2169
232,APEX1,8.6637,1,APEX1,True,0.9274,0.8919,1.0899,1.0261,0.9318,0.8694
232,TNFRSF10C,5.4579,2,APEX1,False,0.9274,0.8919,1.0899,1.0261,0.9318,0.8694
232,ARID5B,5.4579,2,APEX1,False,0.9274,0.8919,1.0899,1.0261,0.9318,0.8694
232,DHFR,5.0119,4,APEX1,False,0.9274,0.8919,1.0899,1.0261,0.9318,0.8694
232,BACE1,5.0119,4,APEX1,False,0.9274,0.8919,1.0899,1.0261,0.9318,0.8694
232,SEC23B,5.0119,4,APEX1,False,0.9274,0.8919,1.0899,1.0261,0.9318,0.8694
232,PADI4,4.566,7,APEX1,False,0.9274,0.8919,1.0899,1.0261,0.9318,0.8694
232,HADHB,4.566,7,APEX1,False,0.9274,0.8919,1.0899,1.0261,0.9318,0.8694
232,RFC4,4.566,7,APEX1,False,0.9274,0.8919,1.0899,1.0261,0.9318,0.8694
232,SF3B3,4.566,7,APEX1,False,0.9274,0.8919,1.0899,1.0261,0.9318,0.8694
232,PERP,4.1313,11,APEX1,False,0.9274,0.8919,1.0899,1.0261,0.9318,0.8694
232,PRDX2,2.539,12,APEX1,False,0.9274,0.8919,1.0899,1.0261,0.9318,0.8694
232,KDM1A,0.9318,13,APEX1,False,0.9274,0.8919,1.0899,1.0261,0.9318,0.8694
233,APEX1,8.4889,1,APEX1,True,0.9628,0.7895,1.209,0.814,1.1304,1.0214
233,TNFRSF10C,5.257,2,APEX1,False,0.9628,0.7895,1.209,0.814,1.1304,1.0214
233,ARID5B,5.257,2,APEX1,False,0.9628,0.7895,1.209,0.814,1.1304,1.0214
233,DHFR,4.8622,4,APEX1,False,0.9628,0.7895,1.209,0.814,1.1304,1.0214
233,BACE1,4.8622,4,APEX1,False,0.9628,0.7895,1.209,0.814,1.1304,1.0214
233,SEC23B,4.8622,4,APEX1,False,0.9628,0.7895,1.209,0.814,1.1304,1.0214
233,PADI4,4.4675,7,APEX1,False,0.9628,0.7895,1.209,0.814,1.1304,1.0214
233,HADHB,4.4675,7,APEX1,False,0.9628,0.7895,1.209,0.814,1.1304,1.0214
233,RFC4,4.4675,7,APEX1,False,0.9628,0.7895,1.209,0.814,1.1304,1.0214
233,SF3B3,4.4675,7,APEX1,False,0.9628,0.7895,1.209,0.814,1.1304,1.0214
233,PERP,3.9568,11,APEX1,False,0.9628,0.7895,1.209,0.814,1.1304,1.0214
233,PRDX2,2.5947,12,APEX1,False,0.9628,0.7895,1.209,0.814,1.1304,1.0214
233,KDM1A,1.1304,13,APEX1,False,0.9628,0.7895,1.209,0.814,1.1304,1.0214
234,APEX1,8.5459,1,APEX1,True,1.0794,0.8818,0.9079,0.8464,1.1139,0.9367
234,TNFRSF10C,5.8838,2,APEX1,False,1.0794,0.8818,0.9079,0.8464,1.1139,0.9367
234,ARID5B,5.8838,2,APEX1,False,1.0794,0.8818,0.9079,0.8464,1.1139,0.9367
234,DHFR,5.4429,4,APEX1,False,1.0794,0.8818,0.9079,0.8464,1.1139,0.9367
234,BACE1,5.4429,4,APEX1,False,1.0794,0.8818,0.9079,0.8464,1.1139,0.9367
234,SEC23B,5.4429,4,APEX1,False,1.0794,0.8818,0.9079,0.8464,1.1139,0.9367
234,PADI4,5.0019,7,APEX1,False,1.0794,0.8818,0.9079,0.8464,1.1139,0.9367
234,HADHB,5.0019,7,APEX1,False,1.0794,0.8818,0.9079,0.8464,1.1139,0.9367
234,RFC4,5.0019,7,APEX1,False,1.0794,0.8818,0.9079,0.8464,1.1139,0.9367
234,SF3B3,5.0019,7,APEX1,False,1.0794,0.8818,0.9079,0.8464,1.1139,0.9367
234,PERP,4.5336,11,APEX1,False,1.0794,0.8818,0.9079,0.8464,1.1139,0.9367
234,PRDX2,2.6698,12,APEX1,False,1.0794,0.8818,0.9079,0.8464,1.1139,0.9367
234,KDM1A,1.1139,13,APEX1,False,1.0794,0.8818,0.9079,0.8464,1.1139,0.9367
235,APEX1,9.259,1,APEX1,True,1.0049,1.1398,0.8937,1.0375,0.8731,0.8104
235,TNFRSF10C,6.4341,2,APEX1,False,1.0049,1.1398,0.8937,1.0375,0.8731,0.8104
235,ARID5B,6.4341,2,APEX1,False,1.0049,1.1398,0.8937,1.0375,0.8731,0.8104
235,DHFR,5.8642,4,APEX1,False,1.0049,1.1398,0.8937,1.0375,0.8731,0.8104
235,BACE1,5.8642,4,APEX1,False,1.0049,1.1398,0.8937,1.0375,0.8731,0.8104
235,SEC23B,5.8642,4,APEX1,False,1.0049,1.1398,0.8937,1.0375,0.8731,0.8104
235,PADI4,5.2943,7,APEX1,False,1.0049,1.1398,0.8937,1.0375,0.8731,0.8104
235,HADHB,5.2943,7,APEX1,False,1.0049,1.1398,0.8937,1.0375,0.8731,0.8104
235,RFC4,5.2943,7,APEX1,False,1.0049,1.1398,0.8937,1.0375,0.8731,0.8104
235,SF3B3,5.2943,7,APEX1,False,1.0049,1.1398,0.8937,1.0375,0.8731,0.8104
235,PERP,4.889,11,APEX1,False,1.0049,1.1398,0.8937,1.0375,0.8731,0.8104
235,PRDX2,2.5955,12,APEX1,False,1.0049,1.1398,0.8937,1.0375,0.8731,0.8104
235,KDM1A,0.8731,13,APEX1,False,1.0049,1.1398,0.8937,1.0375,0.8731,0.8104
236,APEX1,8.8628,1,APEX1,True,1.0561,0.9798,0.8139,1.1272,0.7815,1.0523
236,TNFRSF10C,6.1079,2,APEX1,False,1.0561,0.9798,0.8139,1.1272,0.7815,1.0523
236,ARID5B,6.1079,2,APEX1,False,1.0561,0.9798,0.8139,1.1272,0.7815,1.0523
236,DHFR,5.618,4,APEX1,False,1.0561,0.9798,0.8139,1.1272,0.7815,1.0523
236,BACE1,5.618,4,APEX1,False,1.0561,0.9798,0.8139,1.1272,0.7815,1.0523
236,SEC23B,5.618,4,APEX1,False,1.0561,0.9798,0.8139,1.1272,0.7815,1.0523
236,PADI4,5.128,7,APEX1,False,1.0561,0.9798,0.8139,1.1272,0.7815,1.0523
236,HADHB,5.128,7,APEX1,False,1.0561,0.9798,0.8139,1.1272,0.7815,1.0523
236,RFC4,5.128,7,APEX1,False,1.0561,0.9798,0.8139,1.1272,0.7815,1.0523
236,SF3B3,5.128,7,APEX1,False,1.0561,0.9798,0.8139,1.1272,0.7815,1.0523
236,PERP,4.6019,11,APEX1,False,1.0561,0.9798,0.8139,1.1272,0.7815,1.0523
236,PRDX2,2.4018,12,APEX1,False,1.0561,0.9798,0.8139,1.1272,0.7815,1.0523
236,KDM1A,0.7815,13,APEX1,False,1.0561,0.9798,0.8139,1.1272,0.7815,1.0523
237,APEX1,7.6438,1,APEX1,True,0.8072,0.8668,0.9354,0.7508,0.8027,0.9512
237,TNFRSF10C,5.0221,2,APEX1,False,0.8072,0.8668,0.9354,0.7508,0.8027,0.9512
237,ARID5B,5.0221,2,APEX1,False,0.8072,0.8668,0.9354,0.7508,0.8027,0.9512
237,DHFR,4.5887,4,APEX1,False,0.8072,0.8668,0.9354,0.7508,0.8027,0.9512
237,BACE1,4.5887,4,APEX1,False,0.8072,0.8668,0.9354,0.7508,0.8027,0.9512
237,SEC23B,4.5887,4,APEX1,False,0.8072,0.8668,0.9354,0.7508,0.8027,0.9512
237,PADI4,4.1553,7,APEX1,False,0.8072,0.8668,0.9354,0.7508,0.8027,0.9512
237,HADHB,4.1553,7,APEX1,False,0.8072,0.8668,0.9354,0.7508,0.8027,0.9512
237,RFC4,4.1553,7,APEX1,False,0.8072,0.8668,0.9354,0.7508,0.8027,0.9512
237,SF3B3,4.1553,7,APEX1,False,0.8072,0.8668,0.9354,0.7508,0.8027,0.9512
237,PERP,3.6797,11,APEX1,False,0.8072,0.8668,0.9354,0.7508,0.8027,0.9512
237,PRDX2,2.0023,12,APEX1,False,0.8072,0.8668,0.9354,0.7508,0.8027,0.9512
237,KDM1A,0.8027,13,APEX1,False,0.8072,0.8668,0.9354,0.7508,0.8027,0.9512
238,APEX1,8.7338,1,APEX1,True,1.1598,0.9298,0.8323,0.8004,1.1585,1.1291
238,TNFRSF10C,6.2689,2,APEX1,False,1.1598,0.9298,0.8323,0.8004,1.1585,1.1291
238,ARID5B,6.2689,2,APEX1,False,1.1598,0.9298,0.8323,0.8004,1.1585,1.1291
238,DHFR,5.804,4,APEX1,False,1.1598,0.9298,0.8323,0.8004,1.1585,1.1291
238,BACE1,5.804,4,APEX1,False,1.1598,0.9298,0.8323,0.8004,1.1585,1.1291
238,SEC23B,5.804,4,APEX1,False,1.1598,0.9298,0.8323,0.8004,1.1585,1.1291
238,PADI4,5.339,7,APEX1,False,1.1598,0.9298,0.8323,0.8004,1.1585,1.1291
238,HADHB,5.339,7,APEX1,False,1.1598,0.9298,0.8323,0.8004,1.1585,1.1291
238,RFC4,5.339,7,APEX1,False,1.1598,0.9298,0.8323,0.8004,1.1585,1.1291
238,SF3B3,5.339,7,APEX1,False,1.1598,0.9298,0.8323,0.8004,1.1585,1.1291
238,PERP,4.7745,11,APEX1,False,1.1598,0.9298,0.8323,0.8004,1.1585,1.1291
238,PRDX2,2.6027,12,APEX1,False,1.1598,0.9298,0.8323,0.8004,1.1585,1.1291
238,KDM1A,1.1585,13,APEX1,False,1.1598,0.9298,0.8323,0.8004,1.1585,1.1291
239,APEX1,7.7301,1,APEX1,True,0.8799,0.8313,0.776,1.0445,1.0736,0.8484
239,TNFRSF10C,5.1335,2,APEX1,False,0.8799,0.8313,0.776,1.0445,1.0736,0.8484
239,ARID5B,5.1335,2,APEX1,False,0.8799,0.8313,0.776,1.0445,1.0736,0.8484
239,DHFR,4.7179,4,APEX1,False,0.8799,0.8313,0.776,1.0445,1.0736,0.8484
239,BACE1,4.7179,4,APEX1,False,0.8799,0.8313,0.776,1.0445,1.0736,0.8484
239,SEC23B,4.7179,4,APEX1,False,0.8799,0.8313,0.776,1.0445,1.0736,0.8484
239,PADI4,4.3022,7,APEX1,False,0.8799,0.8313,0.776,1.0445,1.0736,0.8484
239,HADHB,4.3022,7,APEX1,False,0.8799,0.8313,0.776,1.0445,1.0736,0.8484
239,RFC4,4.3022,7,APEX1,False,0.8799,0.8313,0.776,1.0445,1.0736,0.8484
239,SF3B3,4.3022,7,APEX1,False,0.8799,0.8313,0.776,1.0445,1.0736,0.8484
239,PERP,3.878,11,APEX1,False,0.8799,0.8313,0.776,1.0445,1.0736,0.8484
239,PRDX2,2.1273,12,APEX1,False,0.8799,0.8313,0.776,1.0445,1.0736,0.8484
239,KDM1A,1.0736,13,APEX1,False,0.8799,0.8313,0.776,1.0445,1.0736,0.8484
240,APEX1,8.5519,1,APEX1,True,1.0352,0.8506,0.9121,1.0704,1.226,0.8918
240,TNFRSF10C,5.6574,2,APEX1,False,1.0352,0.8506,0.9121,1.0704,1.226,0.8918
240,ARID5B,5.6574,2,APEX1,False,1.0352,0.8506,0.9121,1.0704,1.226,0.8918
240,DHFR,5.2321,4,APEX1,False,1.0352,0.8506,0.9121,1.0704,1.226,0.8918
240,BACE1,5.2321,4,APEX1,False,1.0352,0.8506,0.9121,1.0704,1.226,0.8918
240,SEC23B,5.2321,4,APEX1,False,1.0352,0.8506,0.9121,1.0704,1.226,0.8918
240,PADI4,4.8068,7,APEX1,False,1.0352,0.8506,0.9121,1.0704,1.226,0.8918
240,HADHB,4.8068,7,APEX1,False,1.0352,0.8506,0.9121,1.0704,1.226,0.8918
240,RFC4,4.8068,7,APEX1,False,1.0352,0.8506,0.9121,1.0704,1.226,0.8918
240,SF3B3,4.8068,7,APEX1,False,1.0352,0.8506,0.9121,1.0704,1.226,0.8918
240,PERP,4.3609,11,APEX1,False,1.0352,0.8506,0.9121,1.0704,1.226,0.8918
240,PRDX2,2.6082,12,APEX1,False,1.0352,0.8506,0.9121,1.0704,1.226,0.8918
240,KDM1A,1.226,13,APEX1,False,1.0352,0.8506,0.9121,1.0704,1.226,0.8918
241,APEX1,8.4969,1,APEX1,True,1.1307,0.7926,0.8244,1.0784,1.1075,1.1728
241,TNFRSF10C,5.7699,2,APEX1,False,1.1307,0.7926,0.8244,1.0784,1.1075,1.1728
241,ARID5B,5.7699,2,APEX1,False,1.1307,0.7926,0.8244,1.0784,1.1075,1.1728
241,DHFR,5.3736,4,APEX1,False,1.1307,0.7926,0.8244,1.0784,1.1075,1.1728
241,BACE1,5.3736,4,APEX1,False,1.1307,0.7926,0.8244,1.0784,1.1075,1.1728
241,SEC23B,5.3736,4,APEX1,False,1.1307,0.7926,0.8244,1.0784,1.1075,1.1728
241,PADI4,4.9772,7,APEX1,False,1.1307,0.7926,0.8244,1.0784,1.1075,1.1728
241,HADHB,4.9772,7,APEX1,False,1.1307,0.7926,0.8244,1.0784,1.1075,1.1728
241,RFC4,4.9772,7,APEX1,False,1.1307,0.7926,0.8244,1.0784,1.1075,1.1728
241,SF3B3,4.9772,7,APEX1,False,1.1307,0.7926,0.8244,1.0784,1.1075,1.1728
241,PERP,4.3908,11,APEX1,False,1.1307,0.7926,0.8244,1.0784,1.1075,1.1728
241,PRDX2,2.4782,12,APEX1,False,1.1307,0.7926,0.8244,1.0784,1.1075,1.1728
241,KDM1A,1.1075,13,APEX1,False,1.1307,0.7926,0.8244,1.0784,1.1075,1.1728
242,APEX1,8.468,1,APEX1,True,0.9854,0.8431,1.0728,0.8368,1.0816,1.1136
242,TNFRSF10C,5.4855,2,APEX1,False,0.9854,0.8431,1.0728,0.8368,1.0816,1.1136
242,ARID5B,5.4855,2,APEX1,False,0.9854,0.8431,1.0728,0.8368,1.0816,1.1136
242,DHFR,5.064,4,APEX1,False,0.9854,0.8431,1.0728,0.8368,1.0816,1.1136
242,BACE1,5.064,4,APEX1,False,0.9854,0.8431,1.0728,0.8368,1.0816,1.1136
242,SEC23B,5.064,4,APEX1,False,0.9854,0.8431,1.0728,0.8368,1.0816,1.1136
242,PADI4,4.6424,7,APEX1,False,0.9854,0.8431,1.0728,0.8368,1.0816,1.1136
242,HADHB,4.6424,7,APEX1,False,0.9854,0.8431,1.0728,0.8368,1.0816,1.1136
242,RFC4,4.6424,7,APEX1,False,0.9854,0.8431,1.0728,0.8368,1.0816,1.1136
242,SF3B3,4.6424,7,APEX1,False,0.9854,0.8431,1.0728,0.8368,1.0816,1.1136
242,PERP,4.0856,11,APEX1,False,0.9854,0.8431,1.0728,0.8368,1.0816,1.1136
242,PRDX2,2.4228,12,APEX1,False,0.9854,0.8431,1.0728,0.8368,1.0816,1.1136
242,KDM1A,1.0816,13,APEX1,False,0.9854,0.8431,1.0728,0.8368,1.0816,1.1136
243,APEX1,9.6738,1,APEX1,True,1.2313,0.9141,1.1498,0.9379,0.8657,1.1
243,TNFRSF10C,6.4362,2,APEX1,False,1.2313,0.9141,1.1498,0.9379,0.8657,1.1
243,ARID5B,6.4362,2,APEX1,False,1.2313,0.9141,1.1498,0.9379,0.8657,1.1
243,DHFR,5.9792,4,APEX1,False,1.2313,0.9141,1.1498,0.9379,0.8657,1.1
243,BACE1,5.9792,4,APEX1,False,1.2313,0.9141,1.1498,0.9379,0.8657,1.1
243,SEC23B,5.9792,4,APEX1,False,1.2313,0.9141,1.1498,0.9379,0.8657,1.1
243,PADI4,5.5222,7,APEX1,False,1.2313,0.9141,1.1498,0.9379,0.8657,1.1
243,HADHB,5.5222,7,APEX1,False,1.2313,0.9141,1.1498,0.9379,0.8657,1.1
243,RFC4,5.5222,7,APEX1,False,1.2313,0.9141,1.1498,0.9379,0.8657,1.1
243,SF3B3,5.5222,7,APEX1,False,1.2313,0.9141,1.1498,0.9379,0.8657,1.1
243,PERP,4.9722,11,APEX1,False,1.2313,0.9141,1.1498,0.9379,0.8657,1.1
243,PRDX2,3.1282,12,APEX1,False,1.2313,0.9141,1.1498,0.9379,0.8657,1.1
243,KDM1A,0.8657,13,APEX1,False,1.2313,0.9141,1.1498,0.9379,0.8657,1.1
244,APEX1,8.9824,1,APEX1,True,0.7916,1.0932,1.1662,0.9956,0.7878,1.0775
244,TNFRSF10C,5.6544,2,APEX1,False,0.7916,1.0932,1.1662,0.9956,0.7878,1.0775
244,ARID5B,5.6544,2,APEX1,False,0.7916,1.0932,1.1662,0.9956,0.7878,1.0775
244,DHFR,5.1078,4,APEX1,False,0.7916,1.0932,1.1662,0.9956,0.7878,1.0775
244,BACE1,5.1078,4,APEX1,False,0.7916,1.0932,1.1662,0.9956,0.7878,1.0775
244,SEC23B,5.1078,4,APEX1,False,0.7916,1.0932,1.1662,0.9956,0.7878,1.0775
244,PADI4,4.5612,7,APEX1,False,0.7916,1.0932,1.1662,0.9956,0.7878,1.0775
244,HADHB,4.5612,7,APEX1,False,0.7916,1.0932,1.1662,0.9956,0.7878,1.0775
244,RFC4,4.5612,7,APEX1,False,0.7916,1.0932,1.1662,0.9956,0.7878,1.0775
244,SF3B3,4.5612,7,APEX1,False,0.7916,1.0932,1.1662,0.9956,0.7878,1.0775
244,PERP,4.0225,11,APEX1,False,0.7916,1.0932,1.1662,0.9956,0.7878,1.0775
244,PRDX2,2.0676,12,APEX1,False,0.7916,1.0932,1.1662,0.9956,0.7878,1.0775
244,KDM1A,0.7878,13,APEX1,False,0.7916,1.0932,1.1662,0.9956,0.7878,1.0775
245,APEX1,9.0562,1,APEX1,True,0.8121,1.0084,1.193,1.2085,1.2036,1.0682
245,TNFRSF10C,5.4617,2,APEX1,False,0.8121,1.0084,1.193,1.2085,1.2036,1.0682
245,ARID5B,5.4617,2,APEX1,False,0.8121,1.0084,1.193,1.2085,1.2036,1.0682
245,DHFR,4.9575,4,APEX1,False,0.8121,1.0084,1.193,1.2085,1.2036,1.0682
245,BACE1,4.9575,4,APEX1,False,0.8121,1.0084,1.193,1.2085,1.2036,1.0682
245,SEC23B,4.9575,4,APEX1,False,0.8121,1.0084,1.193,1.2085,1.2036,1.0682
245,PADI4,4.4532,7,APEX1,False,0.8121,1.0084,1.193,1.2085,1.2036,1.0682
245,HADHB,4.4532,7,APEX1,False,0.8121,1.0084,1.193,1.2085,1.2036,1.0682
245,RFC4,4.4532,7,APEX1,False,0.8121,1.0084,1.193,1.2085,1.2036,1.0682
245,SF3B3,4.4532,7,APEX1,False,0.8121,1.0084,1.193,1.2085,1.2036,1.0682
245,PERP,3.9191,11,APEX1,False,0.8121,1.0084,1.193,1.2085,1.2036,1.0682
245,PRDX2,2.1551,12,APEX1,False,0.8121,1.0084,1.193,1.2085,1.2036,1.0682
245,KDM1A,1.2036,13,APEX1,False,0.8121,1.0084,1.193,1.2085,1.2036,1.0682
246,APEX1,9.2871,1,APEX1,True,1.1106,0.9427,1.075,0.9772,1.1992,0.884
246,TNFRSF10C,6.1599,2,APEX1,False,1.1106,0.9427,1.075,0.9772,1.1992,0.884
246,ARID5B,6.1599,2,APEX1,False,1.1106,0.9427,1.075,0.9772,1.1992,0.884
246,DHFR,5.6885,4,APEX1,False,1.1106,0.9427,1.075,0.9772,1.1992,0.884
246,BACE1,5.6885,4,APEX1,False,1.1106,0.9427,1.075,0.9772,1.1992,0.884
246,SEC23B,5.6885,4,APEX1,False,1.1106,0.9427,1.075,0.9772,1.1992,0.884
246,PADI4,5.2172,7,APEX1,False,1.1106,0.9427,1.075,0.9772,1.1992,0.884
246,HADHB,5.2172,7,APEX1,False,1.1106,0.9427,1.075,0.9772,1.1992,0.884
246,RFC4,5.2172,7,APEX1,False,1.1106,0.9427,1.075,0.9772,1.1992,0.884
246,SF3B3,5.2172,7,APEX1,False,1.1106,0.9427,1.075,0.9772,1.1992,0.884
246,PERP,4.7752,11,APEX1,False,1.1106,0.9427,1.075,0.9772,1.1992,0.884
246,PRDX2,2.9674,12,APEX1,False,1.1106,0.9427,1.075,0.9772,1.1992,0.884
246,KDM1A,1.1992,13,APEX1,False,1.1106,0.9427,1.075,0.9772,1.1992,0.884
247,APEX1,8.6626,1,APEX1,True,0.7829,1.0873,1.0498,0.9523,1.137,0.9934
247,TNFRSF10C,5.6107,2,APEX1,False,0.7829,1.0873,1.0498,0.9523,1.137,0.9934
247,ARID5B,5.6107,2,APEX1,False,0.7829,1.0873,1.0498,0.9523,1.137,0.9934
247,DHFR,5.067,4,APEX1,False,0.7829,1.0873,1.0498,0.9523,1.137,0.9934
247,BACE1,5.067,4,APEX1,False,0.7829,1.0873,1.0498,0.9523,1.137,0.9934
247,SEC23B,5.067,4,APEX1,False,0.7829,1.0873,1.0498,0.9523,1.137,0.9934
247,PADI4,4.5234,7,APEX1,False,0.7829,1.0873,1.0498,0.9523,1.137,0.9934
247,HADHB,4.5234,7,APEX1,False,0.7829,1.0873,1.0498,0.9523,1.137,0.9934
247,RFC4,4.5234,7,APEX1,False,0.7829,1.0873,1.0498,0.9523,1.137,0.9934
247,SF3B3,4.5234,7,APEX1,False,0.7829,1.0873,1.0498,0.9523,1.137,0.9934
247,PERP,4.0267,11,APEX1,False,0.7829,1.0873,1.0498,0.9523,1.137,0.9934
247,PRDX2,2.0137,12,APEX1,False,0.7829,1.0873,1.0498,0.9523,1.137,0.9934
247,KDM1A,1.137,13,APEX1,False,0.7829,1.0873,1.0498,0.9523,1.137,0.9934
248,APEX1,9.0122,1,APEX1,True,1.0642,1.1767,0.7554,0.7786,0.8063,1.0375
248,TNFRSF10C,6.7227,2,APEX1,False,1.0642,1.1767,0.7554,0.7786,0.8063,1.0375
248,ARID5B,6.7227,2,APEX1,False,1.0642,1.1767,0.7554,0.7786,0.8063,1.0375
248,DHFR,6.1343,4,APEX1,False,1.0642,1.1767,0.7554,0.7786,0.8063,1.0375
248,BACE1,6.1343,4,APEX1,False,1.0642,1.1767,0.7554,0.7786,0.8063,1.0375
248,SEC23B,6.1343,4,APEX1,False,1.0642,1.1767,0.7554,0.7786,0.8063,1.0375
248,PADI4,5.546,7,APEX1,False,1.0642,1.1767,0.7554,0.7786,0.8063,1.0375
248,HADHB,5.546,7,APEX1,False,1.0642,1.1767,0.7554,0.7786,0.8063,1.0375
248,RFC4,5.546,7,APEX1,False,1.0642,1.1767,0.7554,0.7786,0.8063,1.0375
248,SF3B3,5.546,7,APEX1,False,1.0642,1.1767,0.7554,0.7786,0.8063,1.0375
248,PERP,5.0272,11,APEX1,False,1.0642,1.1767,0.7554,0.7786,0.8063,1.0375
248,PRDX2,2.3784,12,APEX1,False,1.0642,1.1767,0.7554,0.7786,0.8063,1.0375
248,KDM1A,0.8063,13,APEX1,False,1.0642,1.1767,0.7554,0.7786,0.8063,1.0375
249,APEX1,9.6634,1,APEX1,True,1.1694,1.0525,0.9448,1.1082,1.1727,0.8445
249,TNFRSF10C,6.6655,2,APEX1,False,1.1694,1.0525,0.9448,1.1082,1.1727,0.8445
249,ARID5B,6.6655,2,APEX1,False,1.1694,1.0525,0.9448,1.1082,1.1727,0.8445
249,DHFR,6.1393,4,APEX1,False,1.1694,1.0525,0.9448,1.1082,1.1727,0.8445
249,BACE1,6.1393,4,APEX1,False,1.1694,1.0525,0.9448,1.1082,1.1727,0.8445
249,SEC23B,6.1393,4,APEX1,False,1.1694,1.0525,0.9448,1.1082,1.1727,0.8445
249,PADI4,5.6131,7,APEX1,False,1.1694,1.0525,0.9448,1.1082,1.1727,0.8445
249,HADHB,5.6131,7,APEX1,False,1.1694,1.0525,0.9448,1.1082,1.1727,0.8445
249,RFC4,5.6131,7,APEX1,False,1.1694,1.0525,0.9448,1.1082,1.1727,0.8445
249,SF3B3,5.6131,7,APEX1,False,1.1694,1.0525,0.9448,1.1082,1.1727,0.8445
249,PERP,5.1908,11,APEX1,False,1.1694,1.0525,0.9448,1.1082,1.1727,0.8445
249,PRDX2,3.0237,12,APEX1,False,1.1694,1.0525,0.9448,1.1082,1.1727,0.8445
249,KDM1A,1.1727,13,APEX1,False,1.1694,1.0525,0.9448,1.1082,1.1727,0.8445
250,APEX1,8.9443,1,APEX1,True,1.1503,0.9858,0.86,0.816,0.7635,0.7745
250,TNFRSF10C,6.4083,2,APEX1,False,1.1503,0.9858,0.86,0.816,0.7635,0.7745
250,ARID5B,6.4083,2,APEX1,False,1.1503,0.9858,0.86,0.816,0.7635,0.7745
250,DHFR,5.9154,4,APEX1,False,1.1503,0.9858,0.86,0.816,0.7635,0.7745
250,BACE1,5.9154,4,APEX1,False,1.1503,0.9858,0.86,0.816,0.7635,0.7745
250,SEC23B,5.9154,4,APEX1,False,1.1503,0.9858,0.86,0.816,0.7635,0.7745
250,PADI4,5.4225,7,APEX1,False,1.1503,0.9858,0.86,0.816,0.7635,0.7745
250,HADHB,5.4225,7,APEX1,False,1.1503,0.9858,0.86,0.816,0.7635,0.7745
250,RFC4,5.4225,7,APEX1,False,1.1503,0.9858,0.86,0.816,0.7635,0.7745
250,SF3B3,5.4225,7,APEX1,False,1.1503,0.9858,0.86,0.816,0.7635,0.7745
250,PERP,5.0352,11,APEX1,False,1.1503,0.9858,0.86,0.816,0.7635,0.7745
250,PRDX2,2.9613,12,APEX1,False,1.1503,0.9858,0.86,0.816,0.7635,0.7745
250,KDM1A,0.7635,13,APEX1,False,1.1503,0.9858,0.86,0.816,0.7635,0.7745
251,APEX1,7.4451,1,APEX1,True,0.7587,0.7602,0.8693,1.1499,1.184,0.7897
251,TNFRSF10C,4.5567,2,APEX1,False,0.7587,0.7602,0.8693,1.1499,1.184,0.7897
251,ARID5B,4.5567,2,APEX1,False,0.7587,0.7602,0.8693,1.1499,1.184,0.7897
251,DHFR,4.1766,4,APEX1,False,0.7587,0.7602,0.8693,1.1499,1.184,0.7897
251,BACE1,4.1766,4,APEX1,False,0.7587,0.7602,0.8693,1.1499,1.184,0.7897
251,SEC23B,4.1766,4,APEX1,False,0.7587,0.7602,0.8693,1.1499,1.184,0.7897
251,PADI4,3.7965,7,APEX1,False,0.7587,0.7602,0.8693,1.1499,1.184,0.7897
251,HADHB,3.7965,7,APEX1,False,0.7587,0.7602,0.8693,1.1499,1.184,0.7897
251,RFC4,3.7965,7,APEX1,False,0.7587,0.7602,0.8693,1.1499,1.184,0.7897
251,SF3B3,3.7965,7,APEX1,False,0.7587,0.7602,0.8693,1.1499,1.184,0.7897
251,PERP,3.4017,11,APEX1,False,0.7587,0.7602,0.8693,1.1499,1.184,0.7897
251,PRDX2,1.9764,12,APEX1,False,0.7587,0.7602,0.8693,1.1499,1.184,0.7897
251,KDM1A,1.184,13,APEX1,False,0.7587,0.7602,0.8693,1.1499,1.184,0.7897
252,APEX1,9.039,1,APEX1,True,0.9412,0.8963,1.1815,1.1634,1.2337,1.069
252,TNFRSF10C,5.5125,2,APEX1,False,0.9412,0.8963,1.1815,1.1634,1.2337,1.069
252,ARID5B,5.5125,2,APEX1,False,0.9412,0.8963,1.1815,1.1634,1.2337,1.069
252,DHFR,5.0643,4,APEX1,False,0.9412,0.8963,1.1815,1.1634,1.2337,1.069
252,BACE1,5.0643,4,APEX1,False,0.9412,0.8963,1.1815,1.1634,1.2337,1.069
252,SEC23B,5.0643,4,APEX1,False,0.9412,0.8963,1.1815,1.1634,1.2337,1.069
252,PADI4,4.6162,7,APEX1,False,0.9412,0.8963,1.1815,1.1634,1.2337,1.069
252,HADHB,4.6162,7,APEX1,False,0.9412,0.8963,1.1815,1.1634,1.2337,1.069
252,RFC4,4.6162,7,APEX1,False,0.9412,0.8963,1.1815,1.1634,1.2337,1.069
252,SF3B3,4.6162,7,APEX1,False,0.9412,0.8963,1.1815,1.1634,1.2337,1.069
252,PERP,4.0817,11,APEX1,False,0.9412,0.8963,1.1815,1.1634,1.2337,1.069
252,PRDX2,2.4656,12,APEX1,False,0.9412,0.8963,1.1815,1.1634,1.2337,1.069
252,KDM1A,1.2337,13,APEX1,False,0.9412,0.8963,1.1815,1.1634,1.2337,1.069
253,APEX1,8.7702,1,APEX1,True,1.1228,0.8335,0.9657,0.9697,0.9701,0.9972
253,TNFRSF10C,5.869,2,APEX1,False,1.1228,0.8335,0.9657,0.9697,0.9701,0.9972
253,ARID5B,5.869,2,APEX1,False,1.1228,0.8335,0.9657,0.9697,0.9701,0.9972
253,DHFR,5.4522,4,APEX1,False,1.1228,0.8335,0.9657,0.9697,0.9701,0.9972
253,BACE1,5.4522,4,APEX1,False,1.1228,0.8335,0.9657,0.9697,0.9701,0.9972
253,SEC23B,5.4522,4,APEX1,False,1.1228,0.8335,0.9657,0.9697,0.9701,0.9972
253,PADI4,5.0355,7,APEX1,False,1.1228,0.8335,0.9657,0.9697,0.9701,0.9972
253,HADHB,5.0355,7,APEX1,False,1.1228,0.8335,0.9657,0.9697,0.9701,0.9972
253,RFC4,5.0355,7,APEX1,False,1.1228,0.8335,0.9657,0.9697,0.9701,0.9972
253,SF3B3,5.0355,7,APEX1,False,1.1228,0.8335,0.9657,0.9697,0.9701,0.9972
253,PERP,4.5369,11,APEX1,False,1.1228,0.8335,0.9657,0.9697,0.9701,0.9972
253,PRDX2,2.7756,12,APEX1,False,1.1228,0.8335,0.9657,0.9697,0.9701,0.9972
253,KDM1A,0.9701,13,APEX1,False,1.1228,0.8335,0.9657,0.9697,0.9701,0.9972
254,APEX1,8.5934,1,APEX1,True,1.0388,0.9232,0.8374,1.0325,1.1819,0.8031
254,TNFRSF10C,5.8861,2,APEX1,False,1.0388,0.9232,0.8374,1.0325,1.1819,0.8031
254,ARID5B,5.8861,2,APEX1,False,1.0388,0.9232,0.8374,1.0325,1.1819,0.8031
254,DHFR,5.4245,4,APEX1,False,1.0388,0.9232,0.8374,1.0325,1.1819,0.8031
254,BACE1,5.4245,4,APEX1,False,1.0388,0.9232,0.8374,1.0325,1.1819,0.8031
254,SEC23B,5.4245,4,APEX1,False,1.0388,0.9232,0.8374,1.0325,1.1819,0.8031
254,PADI4,4.9629,7,APEX1,False,1.0388,0.9232,0.8374,1.0325,1.1819,0.8031
254,HADHB,4.9629,7,APEX1,False,1.0388,0.9232,0.8374,1.0325,1.1819,0.8031
254,RFC4,4.9629,7,APEX1,False,1.0388,0.9232,0.8374,1.0325,1.1819,0.8031
254,SF3B3,4.9629,7,APEX1,False,1.0388,0.9232,0.8374,1.0325,1.1819,0.8031
254,PERP,4.5614,11,APEX1,False,1.0388,0.9232,0.8374,1.0325,1.1819,0.8031
254,PRDX2,2.6314,12,APEX1,False,1.0388,0.9232,0.8374,1.0325,1.1819,0.8031
254,KDM1A,1.1819,13,APEX1,False,1.0388,0.9232,0.8374,1.0325,1.1819,0.8031
255,APEX1,9.3373,1,APEX1,True,1.1777,0.8461,1.0519,1.1618,0.905,0.9262
255,TNFRSF10C,6.0717,2,APEX1,False,1.1777,0.8461,1.0519,1.1618,0.905,0.9262
255,ARID5B,6.0717,2,APEX1,False,1.1777,0.8461,1.0519,1.1618,0.905,0.9262
255,DHFR,5.6486,4,APEX1,False,1.1777,0.8461,1.0519,1.1618,0.905,0.9262
255,BACE1,5.6486,4,APEX1,False,1.1777,0.8461,1.0519,1.1618,0.905,0.9262
255,SEC23B,5.6486,4,APEX1,False,1.1777,0.8461,1.0519,1.1618,0.905,0.9262
255,PADI4,5.2255,7,APEX1,False,1.1777,0.8461,1.0519,1.1618,0.905,0.9262
255,HADHB,5.2255,7,APEX1,False,1.1777,0.8461,1.0519,1.1618,0.905,0.9262
255,RFC4,5.2255,7,APEX1,False,1.1777,0.8461,1.0519,1.1618,0.905,0.9262
255,SF3B3,5.2255,7,APEX1,False,1.1777,0.8461,1.0519,1.1618,0.905,0.9262
255,PERP,4.7624,11,APEX1,False,1.1777,0.8461,1.0519,1.1618,0.905,0.9262
255,PRDX2,3.07,12,APEX1,False,1.1777,0.8461,1.0519,1.1618,0.905,0.9262
255,KDM1A,0.905,13,APEX1,False,1.1777,0.8461,1.0519,1.1618,0.905,0.9262
256,APEX1,9.4878,1,APEX1,True,1.1742,0.9314,1.1266,0.9176,1.0045,1.0894
256,TNFRSF10C,6.3169,2,APEX1,False,1.1742,0.9314,1.1266,0.9176,1.0045,1.0894
256,ARID5B,6.3169,2,APEX1,False,1.1742,0.9314,1.1266,0.9176,1.0045,1.0894
256,DHFR,5.8512,4,APEX1,False,1.1742,0.9314,1.1266,0.9176,1.0045,1.0894
256,BACE1,5.8512,4,APEX1,False,1.1742,0.9314,1.1266,0.9176,1.0045,1.0894
256,SEC23B,5.8512,4,APEX1,False,1.1742,0.9314,1.1266,0.9176,1.0045,1.0894
256,PADI4,5.3855,7,APEX1,False,1.1742,0.9314,1.1266,0.9176,1.0045,1.0894
256,HADHB,5.3855,7,APEX1,False,1.1742,0.9314,1.1266,0.9176,1.0045,1.0894
256,RFC4,5.3855,7,APEX1,False,1.1742,0.9314,1.1266,0.9176,1.0045,1.0894
256,SF3B3,5.3855,7,APEX1,False,1.1742,0.9314,1.1266,0.9176,1.0045,1.0894
256,PERP,4.8408,11,APEX1,False,1.1742,0.9314,1.1266,0.9176,1.0045,1.0894
256,PRDX2,2.9727,12,APEX1,False,1.1742,0.9314,1.1266,0.9176,1.0045,1.0894
256,KDM1A,1.0045,13,APEX1,False,1.1742,0.9314,1.1266,0.9176,1.0045,1.0894
257,APEX1,8.6642,1,APEX1,True,1.0974,0.7576,0.9975,1.1042,1.1627,1.2054
257,TNFRSF10C,5.5649,2,APEX1,False,1.0974,0.7576,0.9975,1.1042,1.1627,1.2054
257,ARID5B,5.5649,2,APEX1,False,1.0974,0.7576,0.9975,1.1042,1.1627,1.2054
257,DHFR,5.1861,4,APEX1,False,1.0974,0.7576,0.9975,1.1042,1.1627,1.2054
257,BACE1,5.1861,4,APEX1,False,1.0974,0.7576,0.9975,1.1042,1.1627,1.2054
257,SEC23B,5.1861,4,APEX1,False,1.0974,0.7576,0.9975,1.1042,1.1627,1.2054
257,PADI4,4.8073,7,APEX1,False,1.0974,0.7576,0.9975,1.1042,1.1627,1.2054
257,HADHB,4.8073,7,APEX1,False,1.0974,0.7576,0.9975,1.1042,1.1627,1.2054
257,RFC4,4.8073,7,APEX1,False,1.0974,0.7576,0.9975,1.1042,1.1627,1.2054
257,SF3B3,4.8073,7,APEX1,False,1.0974,0.7576,0.9975,1.1042,1.1627,1.2054
257,PERP,4.2046,11,APEX1,False,1.0974,0.7576,0.9975,1.1042,1.1627,1.2054
257,PRDX2,2.5356,12,APEX1,False,1.0974,0.7576,0.9975,1.1042,1.1627,1.2054
257,KDM1A,1.1627,13,APEX1,False,1.0974,0.7576,0.9975,1.1042,1.1627,1.2054
258,APEX1,9.0416,1,APEX1,True,1.1178,0.9666,0.9615,0.8654,0.8094,0.8499
258,TNFRSF10C,6.2533,2,APEX1,False,1.1178,0.9666,0.9615,0.8654,0.8094,0.8499
258,ARID5B,6.2533,2,APEX1,False,1.1178,0.9666,0.9615,0.8654,0.8094,0.8499
258,DHFR,5.77,4,APEX1,False,1.1178,0.9666,0.9615,0.8654,0.8094,0.8499
258,BACE1,5.77,4,APEX1,False,1.1178,0.9666,0.9615,0.8654,0.8094,0.8499
258,SEC23B,5.77,4,APEX1,False,1.1178,0.9666,0.9615,0.8654,0.8094,0.8499
258,PADI4,5.2867,7,APEX1,False,1.1178,0.9666,0.9615,0.8654,0.8094,0.8499
258,HADHB,5.2867,7,APEX1,False,1.1178,0.9666,0.9615,0.8654,0.8094,0.8499
258,RFC4,5.2867,7,APEX1,False,1.1178,0.9666,0.9615,0.8654,0.8094,0.8499
258,SF3B3,5.2867,7,APEX1,False,1.1178,0.9666,0.9615,0.8654,0.8094,0.8499
258,PERP,4.8617,11,APEX1,False,1.1178,0.9666,0.9615,0.8654,0.8094,0.8499
258,PRDX2,2.9061,12,APEX1,False,1.1178,0.9666,0.9615,0.8654,0.8094,0.8499
258,KDM1A,0.8094,13,APEX1,False,1.1178,0.9666,0.9615,0.8654,0.8094,0.8499
259,APEX1,7.8005,1,APEX1,True,0.8187,0.905,0.8239,0.9818,1.067,1.1144
259,TNFRSF10C,5.171,2,APEX1,False,0.8187,0.905,0.8239,0.9818,1.067,1.1144
259,ARID5B,5.171,2,APEX1,False,0.8187,0.905,0.8239,0.9818,1.067,1.1144
259,DHFR,4.7185,4,APEX1,False,0.8187,0.905,0.8239,0.9818,1.067,1.1144
259,BACE1,4.7185,4,APEX1,False,0.8187,0.905,0.8239,0.9818,1.067,1.1144
259,SEC23B,4.7185,4,APEX1,False,0.8187,0.905,0.8239,0.9818,1.067,1.1144
259,PADI4,4.266,7,APEX1,False,0.8187,0.905,0.8239,0.9818,1.067,1.1144
259,HADHB,4.266,7,APEX1,False,0.8187,0.905,0.8239,0.9818,1.067,1.1144
259,RFC4,4.266,7,APEX1,False,0.8187,0.905,0.8239,0.9818,1.067,1.1144
259,SF3B3,4.266,7,APEX1,False,0.8187,0.905,0.8239,0.9818,1.067,1.1144
259,PERP,3.7088,11,APEX1,False,0.8187,0.905,0.8239,0.9818,1.067,1.1144
259,PRDX2,1.7562,12,APEX1,False,0.8187,0.905,0.8239,0.9818,1.067,1.1144
259,KDM1A,1.067,13,APEX1,False,0.8187,0.905,0.8239,0.9818,1.067,1.1144
260,APEX1,9.741,1,APEX1,True,1.2353,0.9642,1.0759,0.9907,0.8257,1.1904
260,TNFRSF10C,6.5986,2,APEX1,False,1.2353,0.9642,1.0759,0.9907,0.8257,1.1904
260,ARID5B,6.5986,2,APEX1,False,1.2353,0.9642,1.0759,0.9907,0.8257,1.1904
260,DHFR,6.1165,4,APEX1,False,1.2353,0.9642,1.0759,0.9907,0.8257,1.1904
260,BACE1,6.1165,4,APEX1,False,1.2353,0.9642,1.0759,0.9907,0.8257,1.1904
260,SEC23B,6.1165,4,APEX1,False,1.2353,0.9642,1.0759,0.9907,0.8257,1.1904
260,PADI4,5.6344,7,APEX1,False,1.2353,0.9642,1.0759,0.9907,0.8257,1.1904
260,HADHB,5.6344,7,APEX1,False,1.2353,0.9642,1.0759,0.9907,0.8257,1.1904
260,RFC4,5.6344,7,APEX1,False,1.2353,0.9642,1.0759,0.9907,0.8257,1.1904
260,SF3B3,5.6344,7,APEX1,False,1.2353,0.9642,1.0759,0.9907,0.8257,1.1904
260,PERP,5.0392,11,APEX1,False,1.2353,0.9642,1.0759,0.9907,0.8257,1.1904
260,PRDX2,2.9738,12,APEX1,False,1.2353,0.9642,1.0759,0.9907,0.8257,1.1904
260,KDM1A,0.8257,13,APEX1,False,1.2353,0.9642,1.0759,0.9907,0.8257,1.1904
261,APEX1,9.0646,1,APEX1,True,1.1421,0.9826,0.9002,0.8901,0.8546,0.8903
261,TNFRSF10C,6.374,2,APEX1,False,1.1421,0.9826,0.9002,0.8901,0.8546,0.8903
261,ARID5B,6.374,2,APEX1,False,1.1421,0.9826,0.9002,0.8901,0.8546,0.8903
261,DHFR,5.8828,4,APEX1,False,1.1421,0.9826,0.9002,0.8901,0.8546,0.8903
261,BACE1,5.8828,4,APEX1,False,1.1421,0.9826,0.9002,0.8901,0.8546,0.8903
261,SEC23B,5.8828,4,APEX1,False,1.1421,0.9826,0.9002,0.8901,0.8546,0.8903
261,PADI4,5.3915,7,APEX1,False,1.1421,0.9826,0.9002,0.8901,0.8546,0.8903
261,HADHB,5.3915,7,APEX1,False,1.1421,0.9826,0.9002,0.8901,0.8546,0.8903
261,RFC4,5.3915,7,APEX1,False,1.1421,0.9826,0.9002,0.8901,0.8546,0.8903
261,SF3B3,5.3915,7,APEX1,False,1.1421,0.9826,0.9002,0.8901,0.8546,0.8903
261,PERP,4.9463,11,APEX1,False,1.1421,0.9826,0.9002,0.8901,0.8546,0.8903
261,PRDX2,2.8652,12,APEX1,False,1.1421,0.9826,0.9002,0.8901,0.8546,0.8903
261,KDM1A,0.8546,13,APEX1,False,1.1421,0.9826,0.9002,0.8901,0.8546,0.8903
262,APEX1,8.6778,1,APEX1,True,0.8456,0.9573,1.1972,0.8746,0.7927,1.2233
262,TNFRSF10C,5.4087,2,APEX1,False,0.8456,0.9573,1.1972,0.8746,0.7927,1.2233
262,ARID5B,5.4087,2,APEX1,False,0.8456,0.9573,1.1972,0.8746,0.7927,1.2233
262,DHFR,4.93,4,APEX1,False,0.8456,0.9573,1.1972,0.8746,0.7927,1.2233
262,BACE1,4.93,4,APEX1,False,0.8456,0.9573,1.1972,0.8746,0.7927,1.2233
262,SEC23B,4.93,4,APEX1,False,0.8456,0.9573,1.1972,0.8746,0.7927,1.2233
262,PADI4,4.4514,7,APEX1,False,0.8456,0.9573,1.1972,0.8746,0.7927,1.2233
262,HADHB,4.4514,7,APEX1,False,0.8456,0.9573,1.1972,0.8746,0.7927,1.2233
262,RFC4,4.4514,7,APEX1,False,0.8456,0.9573,1.1972,0.8746,0.7927,1.2233
262,SF3B3,4.4514,7,APEX1,False,0.8456,0.9573,1.1972,0.8746,0.7927,1.2233
262,PERP,3.8397,11,APEX1,False,0.8456,0.9573,1.1972,0.8746,0.7927,1.2233
262,PRDX2,2.0879,12,APEX1,False,0.8456,0.9573,1.1972,0.8746,0.7927,1.2233
262,KDM1A,0.7927,13,APEX1,False,0.8456,0.9573,1.1972,0.8746,0.7927,1.2233
263,APEX1,10.1102,1,APEX1,True,1.1645,1.1941,0.8967,1.241,0.9782,1.1256
263,TNFRSF10C,7.0758,2,APEX1,False,1.1645,1.1941,0.8967,1.241,0.9782,1.1256
263,ARID5B,7.0758,2,APEX1,False,1.1645,1.1941,0.8967,1.241,0.9782,1.1256
263,DHFR,6.4787,4,APEX1,False,1.1645,1.1941,0.8967,1.241,0.9782,1.1256
263,BACE1,6.4787,4,APEX1,False,1.1645,1.1941,0.8967,1.241,0.9782,1.1256
263,SEC23B,6.4787,4,APEX1,False,1.1645,1.1941,0.8967,1.241,0.9782,1.1256
263,PADI4,5.8817,7,APEX1,False,1.1645,1.1941,0.8967,1.241,0.9782,1.1256
263,HADHB,5.8817,7,APEX1,False,1.1645,1.1941,0.8967,1.241,0.9782,1.1256
263,RFC4,5.8817,7,APEX1,False,1.1645,1.1941,0.8967,1.241,0.9782,1.1256
263,SF3B3,5.8817,7,APEX1,False,1.1645,1.1941,0.8967,1.241,0.9782,1.1256
263,PERP,5.3189,11,APEX1,False,1.1645,1.1941,0.8967,1.241,0.9782,1.1256
263,PRDX2,2.6823,12,APEX1,False,1.1645,1.1941,0.8967,1.241,0.9782,1.1256
263,KDM1A,0.9782,13,APEX1,False,1.1645,1.1941,0.8967,1.241,0.9782,1.1256
264,APEX1,9.2746,1,APEX1,True,0.9262,1.1961,0.8497,1.2082,1.1602,0.9176
264,TNFRSF10C,6.3671,2,APEX1,False,0.9262,1.1961,0.8497,1.2082,1.1602,0.9176
264,ARID5B,6.3671,2,APEX1,False,0.9262,1.1961,0.8497,1.2082,1.1602,0.9176
264,DHFR,5.7691,4,APEX1,False,0.9262,1.1961,0.8497,1.2082,1.1602,0.9176
264,BACE1,5.7691,4,APEX1,False,0.9262,1.1961,0.8497,1.2082,1.1602,0.9176
264,SEC23B,5.7691,4,APEX1,False,0.9262,1.1961,0.8497,1.2082,1.1602,0.9176
264,PADI4,5.171,7,APEX1,False,0.9262,1.1961,0.8497,1.2082,1.1602,0.9176
264,HADHB,5.171,7,APEX1,False,0.9262,1.1961,0.8497,1.2082,1.1602,0.9176
264,RFC4,5.171,7,APEX1,False,0.9262,1.1961,0.8497,1.2082,1.1602,0.9176
264,SF3B3,5.171,7,APEX1,False,0.9262,1.1961,0.8497,1.2082,1.1602,0.9176
264,PERP,4.7122,11,APEX1,False,0.9262,1.1961,0.8497,1.2082,1.1602,0.9176
264,PRDX2,2.2477,12,APEX1,False,0.9262,1.1961,0.8497,1.2082,1.1602,0.9176
264,KDM1A,1.1602,13,APEX1,False,0.9262,1.1961,0.8497,1.2082,1.1602,0.9176
265,APEX1,8.8788,1,APEX1,True,1.2265,0.8069,0.7925,1.1938,0.9729,1.2006
265,TNFRSF10C,6.0999,2,APEX1,False,1.2265,0.8069,0.7925,1.1938,0.9729,1.2006
265,ARID5B,6.0999,2,APEX1,False,1.2265,0.8069,0.7925,1.1938,0.9729,1.2006
265,DHFR,5.6965,4,APEX1,False,1.2265,0.8069,0.7925,1.1938,0.9729,1.2006
265,BACE1,5.6965,4,APEX1,False,1.2265,0.8069,0.7925,1.1938,0.9729,1.2006
265,SEC23B,5.6965,4,APEX1,False,1.2265,0.8069,0.7925,1.1938,0.9729,1.2006
265,PADI4,5.2931,7,APEX1,False,1.2265,0.8069,0.7925,1.1938,0.9729,1.2006
265,HADHB,5.2931,7,APEX1,False,1.2265,0.8069,0.7925,1.1938,0.9729,1.2006
265,RFC4,5.2931,7,APEX1,False,1.2265,0.8069,0.7925,1.1938,0.9729,1.2006
265,SF3B3,5.2931,7,APEX1,False,1.2265,0.8069,0.7925,1.1938,0.9729,1.2006
265,PERP,4.6928,11,APEX1,False,1.2265,0.8069,0.7925,1.1938,0.9729,1.2006
265,PRDX2,2.6581,12,APEX1,False,1.2265,0.8069,0.7925,1.1938,0.9729,1.2006
265,KDM1A,0.9729,13,APEX1,False,1.2265,0.8069,0.7925,1.1938,0.9729,1.2006
266,APEX1,10.2113,1,APEX1,True,1.1743,1.1659,1.0032,1.1841,0.8007,1.0681
266,TNFRSF10C,7.0207,2,APEX1,False,1.1743,1.1659,1.0032,1.1841,0.8007,1.0681
266,ARID5B,7.0207,2,APEX1,False,1.1743,1.1659,1.0032,1.1841,0.8007,1.0681
266,DHFR,6.4378,4,APEX1,False,1.1743,1.1659,1.0032,1.1841,0.8007,1.0681
266,BACE1,6.4378,4,APEX1,False,1.1743,1.1659,1.0032,1.1841,0.8007,1.0681
266,SEC23B,6.4378,4,APEX1,False,1.1743,1.1659,1.0032,1.1841,0.8007,1.0681
266,PADI4,5.8548,7,APEX1,False,1.1743,1.1659,1.0032,1.1841,0.8007,1.0681
266,HADHB,5.8548,7,APEX1,False,1.1743,1.1659,1.0032,1.1841,0.8007,1.0681
266,RFC4,5.8548,7,APEX1,False,1.1743,1.1659,1.0032,1.1841,0.8007,1.0681
266,SF3B3,5.8548,7,APEX1,False,1.1743,1.1659,1.0032,1.1841,0.8007,1.0681
266,PERP,5.3208,11,APEX1,False,1.1743,1.1659,1.0032,1.1841,0.8007,1.0681
266,PRDX2,2.871,12,APEX1,False,1.1743,1.1659,1.0032,1.1841,0.8007,1.0681
266,KDM1A,0.8007,13,APEX1,False,1.1743,1.1659,1.0032,1.1841,0.8007,1.0681
267,APEX1,9.7613,1,APEX1,True,0.976,1.2091,1.2192,0.7675,0.881,1.047
267,TNFRSF10C,6.5554,2,APEX1,False,0.976,1.2091,1.2192,0.7675,0.881,1.047
267,ARID5B,6.5554,2,APEX1,False,0.976,1.2091,1.2192,0.7675,0.881,1.047
267,DHFR,5.9508,4,APEX1,False,0.976,1.2091,1.2192,0.7675,0.881,1.047
267,BACE1,5.9508,4,APEX1,False,0.976,1.2091,1.2192,0.7675,0.881,1.047
267,SEC23B,5.9508,4,APEX1,False,0.976,1.2091,1.2192,0.7675,0.881,1.047
267,PADI4,5.3463,7,APEX1,False,0.976,1.2091,1.2192,0.7675,0.881,1.047
267,HADHB,5.3463,7,APEX1,False,0.976,1.2091,1.2192,0.7675,0.881,1.047
267,RFC4,5.3463,7,APEX1,False,0.976,1.2091,1.2192,0.7675,0.881,1.047
267,SF3B3,5.3463,7,APEX1,False,0.976,1.2091,1.2192,0.7675,0.881,1.047
267,PERP,4.8228,11,APEX1,False,0.976,1.2091,1.2192,0.7675,0.881,1.047
267,PRDX2,2.6122,12,APEX1,False,0.976,1.2091,1.2192,0.7675,0.881,1.047
267,KDM1A,0.881,13,APEX1,False,0.976,1.2091,1.2192,0.7675,0.881,1.047
268,APEX1,8.2267,1,APEX1,True,0.7794,1.0469,0.9528,0.8422,0.9334,0.9285
268,TNFRSF10C,5.4789,2,APEX1,False,0.7794,1.0469,0.9528,0.8422,0.9334,0.9285
268,ARID5B,5.4789,2,APEX1,False,0.7794,1.0469,0.9528,0.8422,0.9334,0.9285
268,DHFR,4.9554,4,APEX1,False,0.7794,1.0469,0.9528,0.8422,0.9334,0.9285
268,BACE1,4.9554,4,APEX1,False,0.7794,1.0469,0.9528,0.8422,0.9334,0.9285
268,SEC23B,4.9554,4,APEX1,False,0.7794,1.0469,0.9528,0.8422,0.9334,0.9285
268,PADI4,4.432,7,APEX1,False,0.7794,1.0469,0.9528,0.8422,0.9334,0.9285
268,HADHB,4.432,7,APEX1,False,0.7794,1.0469,0.9528,0.8422,0.9334,0.9285
268,RFC4,4.432,7,APEX1,False,0.7794,1.0469,0.9528,0.8422,0.9334,0.9285
268,SF3B3,4.432,7,APEX1,False,0.7794,1.0469,0.9528,0.8422,0.9334,0.9285
268,PERP,3.9677,11,APEX1,False,0.7794,1.0469,0.9528,0.8422,0.9334,0.9285
268,PRDX2,1.9728,12,APEX1,False,0.7794,1.0469,0.9528,0.8422,0.9334,0.9285
268,KDM1A,0.9334,13,APEX1,False,0.7794,1.0469,0.9528,0.8422,0.9334,0.9285
269,APEX1,9.4638,1,APEX1,True,1.2499,0.9701,0.7904,1.223,0.8274,0.8723
269,TNFRSF10C,6.66,2,APEX1,False,1.2499,0.9701,0.7904,1.223,0.8274,0.8723
269,ARID5B,6.66,2,APEX1,False,1.2499,0.9701,0.7904,1.223,0.8274,0.8723
269,DHFR,6.175,4,APEX1,False,1.2499,0.9701,0.7904,1.223,0.8274,0.8723
269,BACE1,6.175,4,APEX1,False,1.2499,0.9701,0.7904,1.223,0.8274,0.8723
269,SEC23B,6.175,4,APEX1,False,1.2499,0.9701,0.7904,1.223,0.8274,0.8723
269,PADI4,5.6899,7,APEX1,False,1.2499,0.9701,0.7904,1.223,0.8274,0.8723
269,HADHB,5.6899,7,APEX1,False,1.2499,0.9701,0.7904,1.223,0.8274,0.8723
269,RFC4,5.6899,7,APEX1,False,1.2499,0.9701,0.7904,1.223,0.8274,0.8723
269,SF3B3,5.6899,7,APEX1,False,1.2499,0.9701,0.7904,1.223,0.8274,0.8723
269,PERP,5.2538,11,APEX1,False,1.2499,0.9701,0.7904,1.223,0.8274,0.8723
269,PRDX2,3.0428,12,APEX1,False,1.2499,0.9701,0.7904,1.223,0.8274,0.8723
269,KDM1A,0.8274,13,APEX1,False,1.2499,0.9701,0.7904,1.223,0.8274,0.8723
270,APEX1,8.7033,1,APEX1,True,0.9001,0.8921,1.0979,1.1309,1.2306,1.1027
270,TNFRSF10C,5.3766,2,APEX1,False,0.9001,0.8921,1.0979,1.1309,1.2306,1.1027
270,ARID5B,5.3766,2,APEX1,False,0.9001,0.8921,1.0979,1.1309,1.2306,1.1027
270,DHFR,4.9305,4,APEX1,False,0.9001,0.8921,1.0979,1.1309,1.2306,1.1027
270,BACE1,4.9305,4,APEX1,False,0.9001,0.8921,1.0979,1.1309,1.2306,1.1027
270,SEC23B,4.9305,4,APEX1,False,0.9001,0.8921,1.0979,1.1309,1.2306,1.1027
270,PADI4,4.4845,7,APEX1,False,0.9001,0.8921,1.0979,1.1309,1.2306,1.1027
270,HADHB,4.4845,7,APEX1,False,0.9001,0.8921,1.0979,1.1309,1.2306,1.1027
270,RFC4,4.4845,7,APEX1,False,0.9001,0.8921,1.0979,1.1309,1.2306,1.1027
270,SF3B3,4.4845,7,APEX1,False,0.9001,0.8921,1.0979,1.1309,1.2306,1.1027
270,PERP,3.9331,11,APEX1,False,0.9001,0.8921,1.0979,1.1309,1.2306,1.1027
270,PRDX2,2.2454,12,APEX1,False,0.9001,0.8921,1.0979,1.1309,1.2306,1.1027
270,KDM1A,1.2306,13,APEX1,False,0.9001,0.8921,1.0979,1.1309,1.2306,1.1027
271,APEX1,9.1906,1,APEX1,True,0.8162,1.0753,1.2472,1.0218,1.2264,1.0724
271,TNFRSF10C,5.6745,2,APEX1,False,0.8162,1.0753,1.2472,1.0218,1.2264,1.0724
271,ARID5B,5.6745,2,APEX1,False,0.8162,1.0753,1.2472,1.0218,1.2264,1.0724
271,DHFR,5.1369,4,APEX1,False,0.8162,1.0753,1.2472,1.0218,1.2264,1.0724
271,BACE1,5.1369,4,APEX1,False,0.8162,1.0753,1.2472,1.0218,1.2264,1.0724
271,SEC23B,5.1369,4,APEX1,False,0.8162,1.0753,1.2472,1.0218,1.2264,1.0724
271,PADI4,4.5992,7,APEX1,False,0.8162,1.0753,1.2472,1.0218,1.2264,1.0724
271,HADHB,4.5992,7,APEX1,False,0.8162,1.0753,1.2472,1.0218,1.2264,1.0724
271,RFC4,4.5992,7,APEX1,False,0.8162,1.0753,1.2472,1.0218,1.2264,1.0724
271,SF3B3,4.5992,7,APEX1,False,0.8162,1.0753,1.2472,1.0218,1.2264,1.0724
271,PERP,4.063,11,APEX1,False,0.8162,1.0753,1.2472,1.0218,1.2264,1.0724
271,PRDX2,2.2152,12,APEX1,False,0.8162,1.0753,1.2472,1.0218,1.2264,1.0724
271,KDM1A,1.2264,13,APEX1,False,0.8162,1.0753,1.2472,1.0218,1.2264,1.0724
272,APEX1,9.8778,1,APEX1,True,0.9703,1.2338,1.0093,1.2468,0.7654,1.1711
272,TNFRSF10C,6.6123,2,APEX1,False,0.9703,1.2338,1.0093,1.2468,0.7654,1.1711
272,ARID5B,6.6123,2,APEX1,False,0.9703,1.2338,1.0093,1.2468,0.7654,1.1711
272,DHFR,5.9954,4,APEX1,False,0.9703,1.2338,1.0093,1.2468,0.7654,1.1711
272,BACE1,5.9954,4,APEX1,False,0.9703,1.2338,1.0093,1.2468,0.7654,1.1711
272,SEC23B,5.9954,4,APEX1,False,0.9703,1.2338,1.0093,1.2468,0.7654,1.1711
272,PADI4,5.3786,7,APEX1,False,0.9703,1.2338,1.0093,1.2468,0.7654,1.1711
272,HADHB,5.3786,7,APEX1,False,0.9703,1.2338,1.0093,1.2468,0.7654,1.1711
272,RFC4,5.3786,7,APEX1,False,0.9703,1.2338,1.0093,1.2468,0.7654,1.1711
272,SF3B3,5.3786,7,APEX1,False,0.9703,1.2338,1.0093,1.2468,0.7654,1.1711
272,PERP,4.793,11,APEX1,False,0.9703,1.2338,1.0093,1.2468,0.7654,1.1711
272,PRDX2,2.264,12,APEX1,False,0.9703,1.2338,1.0093,1.2468,0.7654,1.1711
272,KDM1A,0.7654,13,APEX1,False,0.9703,1.2338,1.0093,1.2468,0.7654,1.1711
273,APEX1,8.4806,1,APEX1,True,0.8694,1.1553,0.7656,0.8752,0.788,0.8501
273,TNFRSF10C,6.0742,2,APEX1,False,0.8694,1.1553,0.7656,0.8752,0.788,0.8501
273,ARID5B,6.0742,2,APEX1,False,0.8694,1.1553,0.7656,0.8752,0.788,0.8501
273,DHFR,5.4965,4,APEX1,False,0.8694,1.1553,0.7656,0.8752,0.788,0.8501
273,BACE1,5.4965,4,APEX1,False,0.8694,1.1553,0.7656,0.8752,0.788,0.8501
273,SEC23B,5.4965,4,APEX1,False,0.8694,1.1553,0.7656,0.8752,0.788,0.8501
273,PADI4,4.9188,7,APEX1,False,0.8694,1.1553,0.7656,0.8752,0.788,0.8501
273,HADHB,4.9188,7,APEX1,False,0.8694,1.1553,0.7656,0.8752,0.788,0.8501
273,RFC4,4.9188,7,APEX1,False,0.8694,1.1553,0.7656,0.8752,0.788,0.8501
273,SF3B3,4.9188,7,APEX1,False,0.8694,1.1553,0.7656,0.8752,0.788,0.8501
273,PERP,4.4938,11,APEX1,False,0.8694,1.1553,0.7656,0.8752,0.788,0.8501
273,PRDX2,2.089,12,APEX1,False,0.8694,1.1553,0.7656,0.8752,0.788,0.8501
273,KDM1A,0.788,13,APEX1,False,0.8694,1.1553,0.7656,0.8752,0.788,0.8501
274,APEX1,9.5793,1,APEX1,True,0.9448,1.2257,1.0421,0.9836,0.7537,1.1837
274,TNFRSF10C,6.5114,2,APEX1,False,0.9448,1.2257,1.0421,0.9836,0.7537,1.1837
274,ARID5B,6.5114,2,APEX1,False,0.9448,1.2257,1.0421,0.9836,0.7537,1.1837
274,DHFR,5.8986,4,APEX1,False,0.9448,1.2257,1.0421,0.9836,0.7537,1.1837
274,BACE1,5.8986,4,APEX1,False,0.9448,1.2257,1.0421,0.9836,0.7537,1.1837
274,SEC23B,5.8986,4,APEX1,False,0.9448,1.2257,1.0421,0.9836,0.7537,1.1837
274,PADI4,5.2857,7,APEX1,False,0.9448,1.2257,1.0421,0.9836,0.7537,1.1837
274,HADHB,5.2857,7,APEX1,False,0.9448,1.2257,1.0421,0.9836,0.7537,1.1837
274,RFC4,5.2857,7,APEX1,False,0.9448,1.2257,1.0421,0.9836,0.7537,1.1837
274,SF3B3,5.2857,7,APEX1,False,0.9448,1.2257,1.0421,0.9836,0.7537,1.1837
274,PERP,4.6939,11,APEX1,False,0.9448,1.2257,1.0421,0.9836,0.7537,1.1837
274,PRDX2,2.2204,12,APEX1,False,0.9448,1.2257,1.0421,0.9836,0.7537,1.1837
274,KDM1A,0.7537,13,APEX1,False,0.9448,1.2257,1.0421,0.9836,0.7537,1.1837
275,APEX1,9.8875,1,APEX1,True,1.2077,1.0279,1.089,1.0027,1.1656,1.0181
275,TNFRSF10C,6.7068,2,APEX1,False,1.2077,1.0279,1.089,1.0027,1.1656,1.0181
275,ARID5B,6.7068,2,APEX1,False,1.2077,1.0279,1.089,1.0027,1.1656,1.0181
275,DHFR,6.1929,4,APEX1,False,1.2077,1.0279,1.089,1.0027,1.1656,1.0181
275,BACE1,6.1929,4,APEX1,False,1.2077,1.0279,1.089,1.0027,1.1656,1.0181
275,SEC23B,6.1929,4,APEX1,False,1.2077,1.0279,1.089,1.0027,1.1656,1.0181
275,PADI4,5.6789,7,APEX1,False,1.2077,1.0279,1.089,1.0027,1.1656,1.0181
275,HADHB,5.6789,7,APEX1,False,1.2077,1.0279,1.089,1.0027,1.1656,1.0181
275,RFC4,5.6789,7,APEX1,False,1.2077,1.0279,1.089,1.0027,1.1656,1.0181
275,SF3B3,5.6789,7,APEX1,False,1.2077,1.0279,1.089,1.0027,1.1656,1.0181
275,PERP,5.1699,11,APEX1,False,1.2077,1.0279,1.089,1.0027,1.1656,1.0181
275,PRDX2,3.0902,12,APEX1,False,1.2077,1.0279,1.089,1.0027,1.1656,1.0181
275,KDM1A,1.1656,13,APEX1,False,1.2077,1.0279,1.089,1.0027,1.1656,1.0181
276,APEX1,10.0439,1,APEX1,True,1.2,0.9608,1.2476,1.0663,1.0283,0.9933
276,TNFRSF10C,6.4824,2,APEX1,False,1.2,0.9608,1.2476,1.0663,1.0283,0.9933
276,ARID5B,6.4824,2,APEX1,False,1.2,0.9608,1.2476,1.0663,1.0283,0.9933
276,DHFR,6.002,4,APEX1,False,1.2,0.9608,1.2476,1.0663,1.0283,0.9933
276,BACE1,6.002,4,APEX1,False,1.2,0.9608,1.2476,1.0663,1.0283,0.9933
276,SEC23B,6.002,4,APEX1,False,1.2,0.9608,1.2476,1.0663,1.0283,0.9933
276,PADI4,5.5216,7,APEX1,False,1.2,0.9608,1.2476,1.0663,1.0283,0.9933
276,HADHB,5.5216,7,APEX1,False,1.2,0.9608,1.2476,1.0663,1.0283,0.9933
276,RFC4,5.5216,7,APEX1,False,1.2,0.9608,1.2476,1.0663,1.0283,0.9933
276,SF3B3,5.5216,7,APEX1,False,1.2,0.9608,1.2476,1.0663,1.0283,0.9933
276,PERP,5.025,11,APEX1,False,1.2,0.9608,1.2476,1.0663,1.0283,0.9933
276,PRDX2,3.2544,12,APEX1,False,1.2,0.9608,1.2476,1.0663,1.0283,0.9933
276,KDM1A,1.0283,13,APEX1,False,1.2,0.9608,1.2476,1.0663,1.0283,0.9933
277,APEX1,9.7097,1,APEX1,True,1.0358,0.9962,1.1846,1.2444,0.9473,0.7798
277,TNFRSF10C,6.0961,2,APEX1,False,1.0358,0.9962,1.1846,1.2444,0.9473,0.7798
277,ARID5B,6.0961,2,APEX1,False,1.0358,0.9962,1.1846,1.2444,0.9473,0.7798
277,DHFR,5.598,4,APEX1,False,1.0358,0.9962,1.1846,1.2444,0.9473,0.7798
277,BACE1,5.598,4,APEX1,False,1.0358,0.9962,1.1846,1.2444,0.9473,0.7798
277,SEC23B,5.598,4,APEX1,False,1.0358,0.9962,1.1846,1.2444,0.9473,0.7798
277,PADI4,5.0999,7,APEX1,False,1.0358,0.9962,1.1846,1.2444,0.9473,0.7798
277,HADHB,5.0999,7,APEX1,False,1.0358,0.9962,1.1846,1.2444,0.9473,0.7798
277,RFC4,5.0999,7,APEX1,False,1.0358,0.9962,1.1846,1.2444,0.9473,0.7798
277,SF3B3,5.0999,7,APEX1,False,1.0358,0.9962,1.1846,1.2444,0.9473,0.7798
277,PERP,4.71,11,APEX1,False,1.0358,0.9962,1.1846,1.2444,0.9473,0.7798
277,PRDX2,2.9943,12,APEX1,False,1.0358,0.9962,1.1846,1.2444,0.9473,0.7798
277,KDM1A,0.9473,13,APEX1,False,1.0358,0.9962,1.1846,1.2444,0.9473,0.7798
278,APEX1,9.7904,1,APEX1,True,1.2424,0.9883,0.9262,1.2458,0.9497,1.1856
278,TNFRSF10C,6.6921,2,APEX1,False,1.2424,0.9883,0.9262,1.2458,0.9497,1.1856
278,ARID5B,6.6921,2,APEX1,False,1.2424,0.9883,0.9262,1.2458,0.9497,1.1856
278,DHFR,6.198,4,APEX1,False,1.2424,0.9883,0.9262,1.2458,0.9497,1.1856
278,BACE1,6.198,4,APEX1,False,1.2424,0.9883,0.9262,1.2458,0.9497,1.1856
278,SEC23B,6.198,4,APEX1,False,1.2424,0.9883,0.9262,1.2458,0.9497,1.1856
278,PADI4,5.7038,7,APEX1,False,1.2424,0.9883,0.9262,1.2458,0.9497,1.1856
278,HADHB,5.7038,7,APEX1,False,1.2424,0.9883,0.9262,1.2458,0.9497,1.1856
278,RFC4,5.7038,7,APEX1,False,1.2424,0.9883,0.9262,1.2458,0.9497,1.1856
278,SF3B3,5.7038,7,APEX1,False,1.2424,0.9883,0.9262,1.2458,0.9497,1.1856
278,PERP,5.111,11,APEX1,False,1.2424,0.9883,0.9262,1.2458,0.9497,1.1856
278,PRDX2,2.8466,12,APEX1,False,1.2424,0.9883,0.9262,1.2458,0.9497,1.1856
278,KDM1A,0.9497,13,APEX1,False,1.2424,0.9883,0.9262,1.2458,0.9497,1.1856
279,APEX1,9.9725,1,APEX1,True,1.2156,1.2222,0.7853,1.0885,0.7872,0.7573
279,TNFRSF10C,7.3135,2,APEX1,False,1.2156,1.2222,0.7853,1.0885,0.7872,0.7573
279,ARID5B,7.3135,2,APEX1,False,1.2156,1.2222,0.7853,1.0885,0.7872,0.7573
279,DHFR,6.7024,4,APEX1,False,1.2156,1.2222,0.7853,1.0885,0.7872,0.7573
279,BACE1,6.7024,4,APEX1,False,1.2156,1.2222,0.7853,1.0885,0.7872,0.7573
279,SEC23B,6.7024,4,APEX1,False,1.2156,1.2222,0.7853,1.0885,0.7872,0.7573
279,PADI4,6.0913,7,APEX1,False,1.2156,1.2222,0.7853,1.0885,0.7872,0.7573
279,HADHB,6.0913,7,APEX1,False,1.2156,1.2222,0.7853,1.0885,0.7872,0.7573
279,RFC4,6.0913,7,APEX1,False,1.2156,1.2222,0.7853,1.0885,0.7872,0.7573
279,SF3B3,6.0913,7,APEX1,False,1.2156,1.2222,0.7853,1.0885,0.7872,0.7573
279,PERP,5.7127,11,APEX1,False,1.2156,1.2222,0.7853,1.0885,0.7872,0.7573
279,PRDX2,3.0671,12,APEX1,False,1.2156,1.2222,0.7853,1.0885,0.7872,0.7573
279,KDM1A,0.7872,13,APEX1,False,1.2156,1.2222,0.7853,1.0885,0.7872,0.7573
280,APEX1,9.6978,1,APEX1,True,1.1662,1.1484,0.989,0.7758,0.999,0.8504
280,TNFRSF10C,6.9439,2,APEX1,False,1.1662,1.1484,0.989,0.7758,0.999,0.8504
280,ARID5B,6.9439,2,APEX1,False,1.1662,1.1484,0.989,0.7758,0.999,0.8504
280,DHFR,6.3697,4,APEX1,False,1.1662,1.1484,0.989,0.7758,0.999,0.8504
280,BACE1,6.3697,4,APEX1,False,1.1662,1.1484,0.989,0.7758,0.999,0.8504
280,SEC23B,6.3697,4,APEX1,False,1.1662,1.1484,0.989,0.7758,0.999,0.8504
280,PADI4,5.7955,7,APEX1,False,1.1662,1.1484,0.989,0.7758,0.999,0.8504
280,HADHB,5.7955,7,APEX1,False,1.1662,1.1484,0.989,0.7758,0.999,0.8504
280,RFC4,5.7955,7,APEX1,False,1.1662,1.1484,0.989,0.7758,0.999,0.8504
280,SF3B3,5.7955,7,APEX1,False,1.1662,1.1484,0.989,0.7758,0.999,0.8504
280,PERP,5.3703,11,APEX1,False,1.1662,1.1484,0.989,0.7758,0.999,0.8504
280,PRDX2,3.0542,12,APEX1,False,1.1662,1.1484,0.989,0.7758,0.999,0.8504
280,KDM1A,0.999,13,APEX1,False,1.1662,1.1484,0.989,0.7758,0.999,0.8504
281,APEX1,10.2095,1,APEX1,True,1.1548,1.1087,1.1755,1.0679,0.7922,1.1184
281,TNFRSF10C,6.7906,2,APEX1,False,1.1548,1.1087,1.1755,1.0679,0.7922,1.1184
281,ARID5B,6.7906,2,APEX1,False,1.1548,1.1087,1.1755,1.0679,0.7922,1.1184
281,DHFR,6.2363,4,APEX1,False,1.1548,1.1087,1.1755,1.0679,0.7922,1.1184
281,BACE1,6.2363,4,APEX1,False,1.1548,1.1087,1.1755,1.0679,0.7922,1.1184
281,SEC23B,6.2363,4,APEX1,False,1.1548,1.1087,1.1755,1.0679,0.7922,1.1184
281,PADI4,5.6819,7,APEX1,False,1.1548,1.1087,1.1755,1.0679,0.7922,1.1184
281,HADHB,5.6819,7,APEX1,False,1.1548,1.1087,1.1755,1.0679,0.7922,1.1184
281,RFC4,5.6819,7,APEX1,False,1.1548,1.1087,1.1755,1.0679,0.7922,1.1184
281,SF3B3,5.6819,7,APEX1,False,1.1548,1.1087,1.1755,1.0679,0.7922,1.1184
281,PERP,5.1227,11,APEX1,False,1.1548,1.1087,1.1755,1.0679,0.7922,1.1184
281,PRDX2,2.9441,12,APEX1,False,1.1548,1.1087,1.1755,1.0679,0.7922,1.1184
281,KDM1A,0.7922,13,APEX1,False,1.1548,1.1087,1.1755,1.0679,0.7922,1.1184
282,APEX1,8.6198,1,APEX1,True,0.8623,0.9203,1.0416,1.1888,0.9625,0.8055
282,TNFRSF10C,5.3479,2,APEX1,False,0.8623,0.9203,1.0416,1.1888,0.9625,0.8055
282,ARID5B,5.3479,2,APEX1,False,0.8623,0.9203,1.0416,1.1888,0.9625,0.8055
282,DHFR,4.8878,4,APEX1,False,0.8623,0.9203,1.0416,1.1888,0.9625,0.8055
282,BACE1,4.8878,4,APEX1,False,0.8623,0.9203,1.0416,1.1888,0.9625,0.8055
282,SEC23B,4.8878,4,APEX1,False,0.8623,0.9203,1.0416,1.1888,0.9625,0.8055
282,PADI4,4.4276,7,APEX1,False,0.8623,0.9203,1.0416,1.1888,0.9625,0.8055
282,HADHB,4.4276,7,APEX1,False,0.8623,0.9203,1.0416,1.1888,0.9625,0.8055
282,RFC4,4.4276,7,APEX1,False,0.8623,0.9203,1.0416,1.1888,0.9625,0.8055
282,SF3B3,4.4276,7,APEX1,False,0.8623,0.9203,1.0416,1.1888,0.9625,0.8055
282,PERP,4.0249,11,APEX1,False,0.8623,0.9203,1.0416,1.1888,0.9625,0.8055
282,PRDX2,2.3919,12,APEX1,False,0.8623,0.9203,1.0416,1.1888,0.9625,0.8055
282,KDM1A,0.9625,13,APEX1,False,0.8623,0.9203,1.0416,1.1888,0.9625,0.8055
283,APEX1,9.4098,1,APEX1,True,0.8958,1.0924,1.1178,1.2096,1.046,1.0669
283,TNFRSF10C,5.9645,2,APEX1,False,0.8958,1.0924,1.1178,1.2096,1.046,1.0669
283,ARID5B,5.9645,2,APEX1,False,0.8958,1.0924,1.1178,1.2096,1.046,1.0669
283,DHFR,5.4184,4,APEX1,False,0.8958,1.0924,1.1178,1.2096,1.046,1.0669
283,BACE1,5.4184,4,APEX1,False,0.8958,1.0924,1.1178,1.2096,1.046,1.0669
283,SEC23B,5.4184,4,APEX1,False,0.8958,1.0924,1.1178,1.2096,1.046,1.0669
283,PADI4,4.8722,7,APEX1,False,0.8958,1.0924,1.1178,1.2096,1.046,1.0669
283,HADHB,4.8722,7,APEX1,False,0.8958,1.0924,1.1178,1.2096,1.046,1.0669
283,RFC4,4.8722,7,APEX1,False,0.8958,1.0924,1.1178,1.2096,1.046,1.0669
283,SF3B3,4.8722,7,APEX1,False,0.8958,1.0924,1.1178,1.2096,1.046,1.0669
283,PERP,4.3387,11,APEX1,False,0.8958,1.0924,1.1178,1.2096,1.046,1.0669
283,PRDX2,2.2905,12,APEX1,False,0.8958,1.0924,1.1178,1.2096,1.046,1.0669
283,KDM1A,1.046,13,APEX1,False,0.8958,1.0924,1.1178,1.2096,1.046,1.0669
284,APEX1,9.0247,1,APEX1,True,0.8272,1.1823,0.9044,1.1874,1.1784,1.0803
284,TNFRSF10C,6.0285,2,APEX1,False,0.8272,1.1823,0.9044,1.1874,1.1784,1.0803
284,ARID5B,6.0285,2,APEX1,False,0.8272,1.1823,0.9044,1.1874,1.1784,1.0803
284,DHFR,5.4373,4,APEX1,False,0.8272,1.1823,0.9044,1.1874,1.1784,1.0803
284,BACE1,5.4373,4,APEX1,False,0.8272,1.1823,0.9044,1.1874,1.1784,1.0803
284,SEC23B,5.4373,4,APEX1,False,0.8272,1.1823,0.9044,1.1874,1.1784,1.0803
284,PADI4,4.8462,7,APEX1,False,0.8272,1.1823,0.9044,1.1874,1.1784,1.0803
284,HADHB,4.8462,7,APEX1,False,0.8272,1.1823,0.9044,1.1874,1.1784,1.0803
284,RFC4,4.8462,7,APEX1,False,0.8272,1.1823,0.9044,1.1874,1.1784,1.0803
284,SF3B3,4.8462,7,APEX1,False,0.8272,1.1823,0.9044,1.1874,1.1784,1.0803
284,PERP,4.306,11,APEX1,False,0.8272,1.1823,0.9044,1.1874,1.1784,1.0803
284,PRDX2,1.892,12,APEX1,False,0.8272,1.1823,0.9044,1.1874,1.1784,1.0803
284,KDM1A,1.1784,13,APEX1,False,0.8272,1.1823,0.9044,1.1874,1.1784,1.0803
285,APEX1,8.2572,1,APEX1,True,0.8325,0.8351,1.0143,1.2258,0.9384,1.1381
285,TNFRSF10C,5.0028,2,APEX1,False,0.8325,0.8351,1.0143,1.2258,0.9384,1.1381
285,ARID5B,5.0028,2,APEX1,False,0.8325,0.8351,1.0143,1.2258,0.9384,1.1381
285,DHFR,4.5852,4,APEX1,False,0.8325,0.8351,1.0143,1.2258,0.9384,1.1381
285,BACE1,4.5852,4,APEX1,False,0.8325,0.8351,1.0143,1.2258,0.9384,1.1381
285,SEC23B,4.5852,4,APEX1,False,0.8325,0.8351,1.0143,1.2258,0.9384,1.1381
285,PADI4,4.1677,7,APEX1,False,0.8325,0.8351,1.0143,1.2258,0.9384,1.1381
285,HADHB,4.1677,7,APEX1,False,0.8325,0.8351,1.0143,1.2258,0.9384,1.1381
285,RFC4,4.1677,7,APEX1,False,0.8325,0.8351,1.0143,1.2258,0.9384,1.1381
285,SF3B3,4.1677,7,APEX1,False,0.8325,0.8351,1.0143,1.2258,0.9384,1.1381
285,PERP,3.5986,11,APEX1,False,0.8325,0.8351,1.0143,1.2258,0.9384,1.1381
285,PRDX2,1.9574,12,APEX1,False,0.8325,0.8351,1.0143,1.2258,0.9384,1.1381
285,KDM1A,0.9384,13,APEX1,False,0.8325,0.8351,1.0143,1.2258,0.9384,1.1381
286,APEX1,10.3749,1,APEX1,True,1.1409,1.1442,1.2207,1.0783,1.1215,1.0085
286,TNFRSF10C,6.8552,2,APEX1,False,1.1409,1.1442,1.2207,1.0783,1.1215,1.0085
286,ARID5B,6.8552,2,APEX1,False,1.1409,1.1442,1.2207,1.0783,1.1215,1.0085
286,DHFR,6.2831,4,APEX1,False,1.1409,1.1442,1.2207,1.0783,1.1215,1.0085
286,BACE1,6.2831,4,APEX1,False,1.1409,1.1442,1.2207,1.0783,1.1215,1.0085
286,SEC23B,6.2831,4,APEX1,False,1.1409,1.1442,1.2207,1.0783,1.1215,1.0085
286,PADI4,5.711,7,APEX1,False,1.1409,1.1442,1.2207,1.0783,1.1215,1.0085
286,HADHB,5.711,7,APEX1,False,1.1409,1.1442,1.2207,1.0783,1.1215,1.0085
286,RFC4,5.711,7,APEX1,False,1.1409,1.1442,1.2207,1.0783,1.1215,1.0085
286,SF3B3,5.711,7,APEX1,False,1.1409,1.1442,1.2207,1.0783,1.1215,1.0085
286,PERP,5.2068,11,APEX1,False,1.1409,1.1442,1.2207,1.0783,1.1215,1.0085
286,PRDX2,3.0644,12,APEX1,False,1.1409,1.1442,1.2207,1.0783,1.1215,1.0085
286,KDM1A,1.1215,13,APEX1,False,1.1409,1.1442,1.2207,1.0783,1.1215,1.0085
287,APEX1,10.3739,1,APEX1,True,1.1819,1.2087,1.1742,0.8537,1.108,1.0155
287,TNFRSF10C,7.1719,2,APEX1,False,1.1819,1.2087,1.1742,0.8537,1.108,1.0155
287,ARID5B,7.1719,2,APEX1,False,1.1819,1.2087,1.1742,0.8537,1.108,1.0155
287,DHFR,6.5675,4,APEX1,False,1.1819,1.2087,1.1742,0.8537,1.108,1.0155
287,BACE1,6.5675,4,APEX1,False,1.1819,1.2087,1.1742,0.8537,1.108,1.0155
287,SEC23B,6.5675,4,APEX1,False,1.1819,1.2087,1.1742,0.8537,1.108,1.0155
287,PADI4,5.9632,7,APEX1,False,1.1819,1.2087,1.1742,0.8537,1.108,1.0155
287,HADHB,5.9632,7,APEX1,False,1.1819,1.2087,1.1742,0.8537,1.108,1.0155
287,RFC4,5.9632,7,APEX1,False,1.1819,1.2087,1.1742,0.8537,1.108,1.0155
287,SF3B3,5.9632,7,APEX1,False,1.1819,1.2087,1.1742,0.8537,1.108,1.0155
287,PERP,5.4554,11,APEX1,False,1.1819,1.2087,1.1742,0.8537,1.108,1.0155
287,PRDX2,3.1135,12,APEX1,False,1.1819,1.2087,1.1742,0.8537,1.108,1.0155
287,KDM1A,1.108,13,APEX1,False,1.1819,1.2087,1.1742,0.8537,1.108,1.0155
288,APEX1,7.8828,1,APEX1,True,0.9423,0.7716,0.7903,1.1605,0.7941,0.9647
288,TNFRSF10C,5.1417,2,APEX1,False,0.9423,0.7716,0.7903,1.1605,0.7941,0.9647
288,ARID5B,5.1417,2,APEX1,False,0.9423,0.7716,0.7903,1.1605,0.7941,0.9647
288,DHFR,4.7559,4,APEX1,False,0.9423,0.7716,0.7903,1.1605,0.7941,0.9647
288,BACE1,4.7559,4,APEX1,False,0.9423,0.7716,0.7903,1.1605,0.7941,0.9647
288,SEC23B,4.7559,4,APEX1,False,0.9423,0.7716,0.7903,1.1605,0.7941,0.9647
288,PADI4,4.3701,7,APEX1,False,0.9423,0.7716,0.7903,1.1605,0.7941,0.9647
288,HADHB,4.3701,7,APEX1,False,0.9423,0.7716,0.7903,1.1605,0.7941,0.9647
288,RFC4,4.3701,7,APEX1,False,0.9423,0.7716,0.7903,1.1605,0.7941,0.9647
288,SF3B3,4.3701,7,APEX1,False,0.9423,0.7716,0.7903,1.1605,0.7941,0.9647
288,PERP,3.8878,11,APEX1,False,0.9423,0.7716,0.7903,1.1605,0.7941,0.9647
288,PRDX2,2.1813,12,APEX1,False,0.9423,0.7716,0.7903,1.1605,0.7941,0.9647
288,KDM1A,0.7941,13,APEX1,False,0.9423,0.7716,0.7903,1.1605,0.7941,0.9647
289,APEX1,8.2811,1,APEX1,True,0.8983,1.0607,0.7556,0.8928,1.1599,1.2114
289,TNFRSF10C,5.8772,2,APEX1,False,0.8983,1.0607,0.7556,0.8928,1.1599,1.2114
289,ARID5B,5.8772,2,APEX1,False,0.8983,1.0607,0.7556,0.8928,1.1599,1.2114
289,DHFR,5.3468,4,APEX1,False,0.8983,1.0607,0.7556,0.8928,1.1599,1.2114
289,BACE1,5.3468,4,APEX1,False,0.8983,1.0607,0.7556,0.8928,1.1599,1.2114
289,SEC23B,5.3468,4,APEX1,False,0.8983,1.0607,0.7556,0.8928,1.1599,1.2114
289,PADI4,4.8165,7,APEX1,False,0.8983,1.0607,0.7556,0.8928,1.1599,1.2114
289,HADHB,4.8165,7,APEX1,False,0.8983,1.0607,0.7556,0.8928,1.1599,1.2114
289,RFC4,4.8165,7,APEX1,False,0.8983,1.0607,0.7556,0.8928,1.1599,1.2114
289,SF3B3,4.8165,7,APEX1,False,0.8983,1.0607,0.7556,0.8928,1.1599,1.2114
289,PERP,4.2108,11,APEX1,False,0.8983,1.0607,0.7556,0.8928,1.1599,1.2114
289,PRDX2,1.79,12,APEX1,False,0.8983,1.0607,0.7556,0.8928,1.1599,1.2114
289,KDM1A,1.1599,13,APEX1,False,0.8983,1.0607,0.7556,0.8928,1.1599,1.2114
290,APEX1,8.9074,1,APEX1,True,1.1784,0.8242,1.0378,0.8242,0.9246,1.2329
290,TNFRSF10C,6.0075,2,APEX1,False,1.1784,0.8242,1.0378,0.8242,0.9246,1.2329
290,ARID5B,6.0075,2,APEX1,False,1.1784,0.8242,1.0378,0.8242,0.9246,1.2329
290,DHFR,5.5955,4,APEX1,False,1.1784,0.8242,1.0378,0.8242,0.9246,1.2329
290,BACE1,5.5955,4,APEX1,False,1.1784,0.8242,1.0378,0.8242,0.9246,1.2329
290,SEC23B,5.5955,4,APEX1,False,1.1784,0.8242,1.0378,0.8242,0.9246,1.2329
290,PADI4,5.1834,7,APEX1,False,1.1784,0.8242,1.0378,0.8242,0.9246,1.2329
290,HADHB,5.1834,7,APEX1,False,1.1784,0.8242,1.0378,0.8242,0.9246,1.2329
290,RFC4,5.1834,7,APEX1,False,1.1784,0.8242,1.0378,0.8242,0.9246,1.2329
290,SF3B3,5.1834,7,APEX1,False,1.1784,0.8242,1.0378,0.8242,0.9246,1.2329
290,PERP,4.5669,11,APEX1,False,1.1784,0.8242,1.0378,0.8242,0.9246,1.2329
290,PRDX2,2.7508,12,APEX1,False,1.1784,0.8242,1.0378,0.8242,0.9246,1.2329
290,KDM1A,0.9246,13,APEX1,False,1.1784,0.8242,1.0378,0.8242,0.9246,1.2329
291,APEX1,9.0181,1,APEX1,True,1.176,0.8569,0.9554,1.0087,0.8976,0.9035
291,TNFRSF10C,6.0984,2,APEX1,False,1.176,0.8569,0.9554,1.0087,0.8976,0.9035
291,ARID5B,6.0984,2,APEX1,False,1.176,0.8569,0.9554,1.0087,0.8976,0.9035
291,DHFR,5.67,4,APEX1,False,1.176,0.8569,0.9554,1.0087,0.8976,0.9035
291,BACE1,5.67,4,APEX1,False,1.176,0.8569,0.9554,1.0087,0.8976,0.9035
291,SEC23B,5.67,4,APEX1,False,1.176,0.8569,0.9554,1.0087,0.8976,0.9035
291,PADI4,5.2416,7,APEX1,False,1.176,0.8569,0.9554,1.0087,0.8976,0.9035
291,HADHB,5.2416,7,APEX1,False,1.176,0.8569,0.9554,1.0087,0.8976,0.9035
291,RFC4,5.2416,7,APEX1,False,1.176,0.8569,0.9554,1.0087,0.8976,0.9035
291,SF3B3,5.2416,7,APEX1,False,1.176,0.8569,0.9554,1.0087,0.8976,0.9035
291,PERP,4.7899,11,APEX1,False,1.176,0.8569,0.9554,1.0087,0.8976,0.9035
291,PRDX2,2.9919,12,APEX1,False,1.176,0.8569,0.9554,1.0087,0.8976,0.9035
291,KDM1A,0.8976,13,APEX1,False,1.176,0.8569,0.9554,1.0087,0.8976,0.9035
292,APEX1,8.6349,1,APEX1,True,0.9681,0.9137,1.0621,0.8652,1.2161,0.9889
292,TNFRSF10C,5.6455,2,APEX1,False,0.9681,0.9137,1.0621,0.8652,1.2161,0.9889
292,ARID5B,5.6455,2,APEX1,False,0.9681,0.9137,1.0621,0.8652,1.2161,0.9889
292,DHFR,5.1887,4,APEX1,False,0.9681,0.9137,1.0621,0.8652,1.2161,0.9889
292,BACE1,5.1887,4,APEX1,False,0.9681,0.9137,1.0621,0.8652,1.2161,0.9889
292,SEC23B,5.1887,4,APEX1,False,0.9681,0.9137,1.0621,0.8652,1.2161,0.9889
292,PADI4,4.7318,7,APEX1,False,0.9681,0.9137,1.0621,0.8652,1.2161,0.9889
292,HADHB,4.7318,7,APEX1,False,0.9681,0.9137,1.0621,0.8652,1.2161,0.9889
292,RFC4,4.7318,7,APEX1,False,0.9681,0.9137,1.0621,0.8652,1.2161,0.9889
292,SF3B3,4.7318,7,APEX1,False,0.9681,0.9137,1.0621,0.8652,1.2161,0.9889
292,PERP,4.2374,11,APEX1,False,0.9681,0.9137,1.0621,0.8652,1.2161,0.9889
292,PRDX2,2.4935,12,APEX1,False,0.9681,0.9137,1.0621,0.8652,1.2161,0.9889
292,KDM1A,1.2161,13,APEX1,False,0.9681,0.9137,1.0621,0.8652,1.2161,0.9889
293,APEX1,9.0464,1,APEX1,True,0.9899,0.9543,1.101,1.0116,1.1659,0.9284
293,TNFRSF10C,5.8327,2,APEX1,False,0.9899,0.9543,1.101,1.0116,1.1659,0.9284
293,ARID5B,5.8327,2,APEX1,False,0.9899,0.9543,1.101,1.0116,1.1659,0.9284
293,DHFR,5.3555,4,APEX1,False,0.9899,0.9543,1.101,1.0116,1.1659,0.9284
293,BACE1,5.3555,4,APEX1,False,0.9899,0.9543,1.101,1.0116,1.1659,0.9284
293,SEC23B,5.3555,4,APEX1,False,0.9899,0.9543,1.101,1.0116,1.1659,0.9284
293,PADI4,4.8783,7,APEX1,False,0.9899,0.9543,1.101,1.0116,1.1659,0.9284
293,HADHB,4.8783,7,APEX1,False,0.9899,0.9543,1.101,1.0116,1.1659,0.9284
293,RFC4,4.8783,7,APEX1,False,0.9899,0.9543,1.101,1.0116,1.1659,0.9284
293,SF3B3,4.8783,7,APEX1,False,0.9899,0.9543,1.101,1.0116,1.1659,0.9284
293,PERP,4.4141,11,APEX1,False,0.9899,0.9543,1.101,1.0116,1.1659,0.9284
293,PRDX2,2.6474,12,APEX1,False,0.9899,0.9543,1.101,1.0116,1.1659,0.9284
293,KDM1A,1.1659,13,APEX1,False,0.9899,0.9543,1.101,1.0116,1.1659,0.9284
294,APEX1,8.1093,1,APEX1,True,0.8189,0.9434,0.9813,0.8596,1.0814,1.0239
294,TNFRSF10C,5.287,2,APEX1,False,0.8189,0.9434,0.9813,0.8596,1.0814,1.0239
294,ARID5B,5.287,2,APEX1,False,0.8189,0.9434,0.9813,0.8596,1.0814,1.0239
294,DHFR,4.8153,4,APEX1,False,0.8189,0.9434,0.9813,0.8596,1.0814,1.0239
294,BACE1,4.8153,4,APEX1,False,0.8189,0.9434,0.9813,0.8596,1.0814,1.0239
294,SEC23B,4.8153,4,APEX1,False,0.8189,0.9434,0.9813,0.8596,1.0814,1.0239
294,PADI4,4.3435,7,APEX1,False,0.8189,0.9434,0.9813,0.8596,1.0814,1.0239
294,HADHB,4.3435,7,APEX1,False,0.8189,0.9434,0.9813,0.8596,1.0814,1.0239
294,RFC4,4.3435,7,APEX1,False,0.8189,0.9434,0.9813,0.8596,1.0814,1.0239
294,SF3B3,4.3435,7,APEX1,False,0.8189,0.9434,0.9813,0.8596,1.0814,1.0239
294,PERP,3.8316,11,APEX1,False,0.8189,0.9434,0.9813,0.8596,1.0814,1.0239
294,PRDX2,2.0047,12,APEX1,False,0.8189,0.9434,0.9813,0.8596,1.0814,1.0239
294,KDM1A,1.0814,13,APEX1,False,0.8189,0.9434,0.9813,0.8596,1.0814,1.0239
295,APEX1,8.5347,1,APEX1,True,0.8349,0.9404,1.1849,0.839,1.2028,1.0034
295,TNFRSF10C,5.326,2,APEX1,False,0.8349,0.9404,1.1849,0.839,1.2028,1.0034
295,ARID5B,5.326,2,APEX1,False,0.8349,0.9404,1.1849,0.839,1.2028,1.0034
295,DHFR,4.8558,4,APEX1,False,0.8349,0.9404,1.1849,0.839,1.2028,1.0034
295,BACE1,4.8558,4,APEX1,False,0.8349,0.9404,1.1849,0.839,1.2028,1.0034
295,SEC23B,4.8558,4,APEX1,False,0.8349,0.9404,1.1849,0.839,1.2028,1.0034
295,PADI4,4.3856,7,APEX1,False,0.8349,0.9404,1.1849,0.839,1.2028,1.0034
295,HADHB,4.3856,7,APEX1,False,0.8349,0.9404,1.1849,0.839,1.2028,1.0034
295,RFC4,4.3856,7,APEX1,False,0.8349,0.9404,1.1849,0.839,1.2028,1.0034
295,SF3B3,4.3856,7,APEX1,False,0.8349,0.9404,1.1849,0.839,1.2028,1.0034
295,PERP,3.8839,11,APEX1,False,0.8349,0.9404,1.1849,0.839,1.2028,1.0034
295,PRDX2,2.2688,12,APEX1,False,0.8349,0.9404,1.1849,0.839,1.2028,1.0034
295,KDM1A,1.2028,13,APEX1,False,0.8349,0.9404,1.1849,0.839,1.2028,1.0034
296,APEX1,9.2057,1,APEX1,True,1.0469,0.8331,1.2452,1.0753,1.0427,0.8756
296,TNFRSF10C,5.64,2,APEX1,False,1.0469,0.8331,1.2452,1.0753,1.0427,0.8756
296,ARID5B,5.64,2,APEX1,False,1.0469,0.8331,1.2452,1.0753,1.0427,0.8756
296,DHFR,5.2235,4,APEX1,False,1.0469,0.8331,1.2452,1.0753,1.0427,0.8756
296,BACE1,5.2235,4,APEX1,False,1.0469,0.8331,1.2452,1.0753,1.0427,0.8756
296,SEC23B,5.2235,4,APEX1,False,1.0469,0.8331,1.2452,1.0753,1.0427,0.8756
296,PADI4,4.8069,7,APEX1,False,1.0469,0.8331,1.2452,1.0753,1.0427,0.8756
296,HADHB,4.8069,7,APEX1,False,1.0469,0.8331,1.2452,1.0753,1.0427,0.8756
296,RFC4,4.8069,7,APEX1,False,1.0469,0.8331,1.2452,1.0753,1.0427,0.8756
296,SF3B3,4.8069,7,APEX1,False,1.0469,0.8331,1.2452,1.0753,1.0427,0.8756
296,PERP,4.3691,11,APEX1,False,1.0469,0.8331,1.2452,1.0753,1.0427,0.8756
296,PRDX2,2.9869,12,APEX1,False,1.0469,0.8331,1.2452,1.0753,1.0427,0.8756
296,KDM1A,1.0427,13,APEX1,False,1.0469,0.8331,1.2452,1.0753,1.0427,0.8756
297,APEX1,8.0156,1,APEX1,True,0.8508,0.8369,0.9518,1.0489,0.9777,1.1928
297,TNFRSF10C,5.0631,2,APEX1,False,0.8508,0.8369,0.9518,1.0489,0.9777,1.1928
297,ARID5B,5.0631,2,APEX1,False,0.8508,0.8369,0.9518,1.0489,0.9777,1.1928
297,DHFR,4.6446,4,APEX1,False,0.8508,0.8369,0.9518,1.0489,0.9777,1.1928
297,BACE1,4.6446,4,APEX1,False,0.8508,0.8369,0.9518,1.0489,0.9777,1.1928
297,SEC23B,4.6446,4,APEX1,False,0.8508,0.8369,0.9518,1.0489,0.9777,1.1928
297,PADI4,4.2262,7,APEX1,False,0.8508,0.8369,0.9518,1.0489,0.9777,1.1928
297,HADHB,4.2262,7,APEX1,False,0.8508,0.8369,0.9518,1.0489,0.9777,1.1928
297,RFC4,4.2262,7,APEX1,False,0.8508,0.8369,0.9518,1.0489,0.9777,1.1928
297,SF3B3,4.2262,7,APEX1,False,0.8508,0.8369,0.9518,1.0489,0.9777,1.1928
297,PERP,3.6298,11,APEX1,False,0.8508,0.8369,0.9518,1.0489,0.9777,1.1928
297,PRDX2,1.886,12,APEX1,False,0.8508,0.8369,0.9518,1.0489,0.9777,1.1928
297,KDM1A,0.9777,13,APEX1,False,0.8508,0.8369,0.9518,1.0489,0.9777,1.1928
298,APEX1,9.2911,1,APEX1,True,1.1962,0.8205,1.0431,1.1551,0.7518,1.2379
298,TNFRSF10C,6.0499,2,APEX1,False,1.1962,0.8205,1.0431,1.1551,0.7518,1.2379
298,ARID5B,6.0499,2,APEX1,False,1.1962,0.8205,1.0431,1.1551,0.7518,1.2379
298,DHFR,5.6397,4,APEX1,False,1.1962,0.8205,1.0431,1.1551,0.7518,1.2379
298,BACE1,5.6397,4,APEX1,False,1.1962,0.8205,1.0431,1.1551,0.7518,1.2379
298,SEC23B,5.6397,4,APEX1,False,1.1962,0.8205,1.0431,1.1551,0.7518,1.2379
298,PADI4,5.2294,7,APEX1,False,1.1962,0.8205,1.0431,1.1551,0.7518,1.2379
298,HADHB,5.2294,7,APEX1,False,1.1962,0.8205,1.0431,1.1551,0.7518,1.2379
298,RFC4,5.2294,7,APEX1,False,1.1962,0.8205,1.0431,1.1551,0.7518,1.2379
298,SF3B3,5.2294,7,APEX1,False,1.1962,0.8205,1.0431,1.1551,0.7518,1.2379
298,PERP,4.6105,11,APEX1,False,1.1962,0.8205,1.0431,1.1551,0.7518,1.2379
298,PRDX2,2.7956,12,APEX1,False,1.1962,0.8205,1.0431,1.1551,0.7518,1.2379
298,KDM1A,0.7518,13,APEX1,False,1.1962,0.8205,1.0431,1.1551,0.7518,1.2379
299,APEX1,9.961,1,APEX1,True,1.0239,1.1548,1.0969,1.2311,0.9354,1.1977
299,TNFRSF10C,6.5362,2,APEX1,False,1.0239,1.1548,1.0969,1.2311,0.9354,1.1977
299,ARID5B,6.5362,2,APEX1,False,1.0239,1.1548,1.0969,1.2311,0.9354,1.1977
299,DHFR,5.9588,4,APEX1,False,1.0239,1.1548,1.0969,1.2311,0.9354,1.1977
299,BACE1,5.9588,4,APEX1,False,1.0239,1.1548,1.0969,1.2311,0.9354,1.1977
299,SEC23B,5.9588,4,APEX1,False,1.0239,1.1548,1.0969,1.2311,0.9354,1.1977
299,PADI4,5.3814,7,APEX1,False,1.0239,1.1548,1.0969,1.2311,0.9354,1.1977
299,HADHB,5.3814,7,APEX1,False,1.0239,1.1548,1.0969,1.2311,0.9354,1.1977
299,RFC4,5.3814,7,APEX1,False,1.0239,1.1548,1.0969,1.2311,0.9354,1.1977
299,SF3B3,5.3814,7,APEX1,False,1.0239,1.1548,1.0969,1.2311,0.9354,1.1977
299,PERP,4.7825,11,APEX1,False,1.0239,1.1548,1.0969,1.2311,0.9354,1.1977
299,PRDX2,2.459,12,APEX1,False,1.0239,1.1548,1.0969,1.2311,0.9354,1.1977
299,KDM1A,0.9354,13,APEX1,False,1.0239,1.1548,1.0969,1.2311,0.9354,1.1977
300,APEX1,9.1462,1,APEX1,True,1.058,1.1126,0.7997,1.0349,0.7837,1.0263
300,TNFRSF10C,6.5119,2,APEX1,False,1.058,1.1126,0.7997,1.0349,0.7837,1.0263
300,ARID5B,6.5119,2,APEX1,False,1.058,1.1126,0.7997,1.0349,0.7837,1.0263
300,DHFR,5.9556,4,APEX1,False,1.058,1.1126,0.7997,1.0349,0.7837,1.0263
300,BACE1,5.9556,4,APEX1,False,1.058,1.1126,0.7997,1.0349,0.7837,1.0263
300,SEC23B,5.9556,4,APEX1,False,1.058,1.1126,0.7997,1.0349,0.7837,1.0263
300,PADI4,5.3993,7,APEX1,False,1.058,1.1126,0.7997,1.0349,0.7837,1.0263
300,HADHB,5.3993,7,APEX1,False,1.058,1.1126,0.7997,1.0349,0.7837,1.0263
300,RFC4,5.3993,7,APEX1,False,1.058,1.1126,0.7997,1.0349,0.7837,1.0263
300,SF3B3,5.3993,7,APEX1,False,1.058,1.1126,0.7997,1.0349,0.7837,1.0263
300,PERP,4.8862,11,APEX1,False,1.058,1.1126,0.7997,1.0349,0.7837,1.0263
300,PRDX2,2.4185,12,APEX1,False,1.058,1.1126,0.7997,1.0349,0.7837,1.0263
300,KDM1A,0.7837,13,APEX1,False,1.058,1.1126,0.7997,1.0349,0.7837,1.0263
301,APEX1,7.9049,1,APEX1,True,0.872,0.8704,0.8657,0.9463,1.0293,1.0154
301,TNFRSF10C,5.2272,2,APEX1,False,0.872,0.8704,0.8657,0.9463,1.0293,1.0154
301,ARID5B,5.2272,2,APEX1,False,0.872,0.8704,0.8657,0.9463,1.0293,1.0154
301,DHFR,4.792,4,APEX1,False,0.872,0.8704,0.8657,0.9463,1.0293,1.0154
301,BACE1,4.792,4,APEX1,False,0.872,0.8704,0.8657,0.9463,1.0293,1.0154
301,SEC23B,4.792,4,APEX1,False,0.872,0.8704,0.8657,0.9463,1.0293,1.0154
301,PADI4,4.3568,7,APEX1,False,0.872,0.8704,0.8657,0.9463,1.0293,1.0154
301,HADHB,4.3568,7,APEX1,False,0.872,0.8704,0.8657,0.9463,1.0293,1.0154
301,RFC4,4.3568,7,APEX1,False,0.872,0.8704,0.8657,0.9463,1.0293,1.0154
301,SF3B3,4.3568,7,APEX1,False,0.872,0.8704,0.8657,0.9463,1.0293,1.0154
301,PERP,3.8491,11,APEX1,False,0.872,0.8704,0.8657,0.9463,1.0293,1.0154
301,PRDX2,2.0303,12,APEX1,False,0.872,0.8704,0.8657,0.9463,1.0293,1.0154
301,KDM1A,1.0293,13,APEX1,False,0.872,0.8704,0.8657,0.9463,1.0293,1.0154
302,APEX1,9.8376,1,APEX1,True,1.2226,0.9571,1.0744,1.15,0.9533,1.1029
302,TNFRSF10C,6.5389,2,APEX1,False,1.2226,0.9571,1.0744,1.15,0.9533,1.1029
302,ARID5B,6.5389,2,APEX1,False,1.2226,0.9571,1.0744,1.15,0.9533,1.1029
302,DHFR,6.0603,4,APEX1,False,1.2226,0.9571,1.0744,1.15,0.9533,1.1029
302,BACE1,6.0603,4,APEX1,False,1.2226,0.9571,1.0744,1.15,0.9533,1.1029
302,SEC23B,6.0603,4,APEX1,False,1.2226,0.9571,1.0744,1.15,0.9533,1.1029
302,PADI4,5.5818,7,APEX1,False,1.2226,0.9571,1.0744,1.15,0.9533,1.1029
302,HADHB,5.5818,7,APEX1,False,1.2226,0.9571,1.0744,1.15,0.9533,1.1029
302,RFC4,5.5818,7,APEX1,False,1.2226,0.9571,1.0744,1.15,0.9533,1.1029
302,SF3B3,5.5818,7,APEX1,False,1.2226,0.9571,1.0744,1.15,0.9533,1.1029
302,PERP,5.0303,11,APEX1,False,1.2226,0.9571,1.0744,1.15,0.9533,1.1029
302,PRDX2,3.0278,12,APEX1,False,1.2226,0.9571,1.0744,1.15,0.9533,1.1029
302,KDM1A,0.9533,13,APEX1,False,1.2226,0.9571,1.0744,1.15,0.9533,1.1029
303,APEX1,8.1214,1,APEX1,True,0.8435,0.9942,0.7565,1.0952,0.7761,0.8928
303,TNFRSF10C,5.5131,2,APEX1,False,0.8435,0.9942,0.7565,1.0952,0.7761,0.8928
303,ARID5B,5.5131,2,APEX1,False,0.8435,0.9942,0.7565,1.0952,0.7761,0.8928
303,DHFR,5.016,4,APEX1,False,0.8435,0.9942,0.7565,1.0952,0.7761,0.8928
303,BACE1,5.016,4,APEX1,False,0.8435,0.9942,0.7565,1.0952,0.7761,0.8928
303,SEC23B,5.016,4,APEX1,False,0.8435,0.9942,0.7565,1.0952,0.7761,0.8928
303,PADI4,4.5189,7,APEX1,False,0.8435,0.9942,0.7565,1.0952,0.7761,0.8928
303,HADHB,4.5189,7,APEX1,False,0.8435,0.9942,0.7565,1.0952,0.7761,0.8928
303,RFC4,4.5189,7,APEX1,False,0.8435,0.9942,0.7565,1.0952,0.7761,0.8928
303,SF3B3,4.5189,7,APEX1,False,0.8435,0.9942,0.7565,1.0952,0.7761,0.8928
303,PERP,4.0725,11,APEX1,False,0.8435,0.9942,0.7565,1.0952,0.7761,0.8928
303,PRDX2,1.9724,12,APEX1,False,0.8435,0.9942,0.7565,1.0952,0.7761,0.8928
303,KDM1A,0.7761,13,APEX1,False,0.8435,0.9942,0.7565,1.0952,0.7761,0.8928
304,APEX1,8.7251,1,APEX1,True,0.9476,0.7667,1.206,1.1703,1.1443,1.1351
304,TNFRSF10C,5.1428,2,APEX1,False,0.9476,0.7667,1.206,1.1703,1.1443,1.1351
304,ARID5B,5.1428,2,APEX1,False,0.9476,0.7667,1.206,1.1703,1.1443,1.1351
304,DHFR,4.7595,4,APEX1,False,0.9476,0.7667,1.206,1.1703,1.1443,1.1351
304,BACE1,4.7595,4,APEX1,False,0.9476,0.7667,1.206,1.1703,1.1443,1.1351
304,SEC23B,4.7595,4,APEX1,False,0.9476,0.7667,1.206,1.1703,1.1443,1.1351
304,PADI4,4.3761,7,APEX1,False,0.9476,0.7667,1.206,1.1703,1.1443,1.1351
304,HADHB,4.3761,7,APEX1,False,0.9476,0.7667,1.206,1.1703,1.1443,1.1351
304,RFC4,4.3761,7,APEX1,False,0.9476,0.7667,1.206,1.1703,1.1443,1.1351
304,SF3B3,4.3761,7,APEX1,False,0.9476,0.7667,1.206,1.1703,1.1443,1.1351
304,PERP,3.8086,11,APEX1,False,0.9476,0.7667,1.206,1.1703,1.1443,1.1351
304,PRDX2,2.4399,12,APEX1,False,0.9476,0.7667,1.206,1.1703,1.1443,1.1351
304,KDM1A,1.1443,13,APEX1,False,0.9476,0.7667,1.206,1.1703,1.1443,1.1351
305,APEX1,9.7353,1,APEX1,True,1.04,1.1549,0.9863,1.1782,1.2087,1.1127
305,TNFRSF10C,6.5846,2,APEX1,False,1.04,1.1549,0.9863,1.1782,1.2087,1.1127
305,ARID5B,6.5846,2,APEX1,False,1.04,1.1549,0.9863,1.1782,1.2087,1.1127
305,DHFR,6.0072,4,APEX1,False,1.04,1.1549,0.9863,1.1782,1.2087,1.1127
305,BACE1,6.0072,4,APEX1,False,1.04,1.1549,0.9863,1.1782,1.2087,1.1127
305,SEC23B,6.0072,4,APEX1,False,1.04,1.1549,0.9863,1.1782,1.2087,1.1127
305,PADI4,5.4298,7,APEX1,False,1.04,1.1549,0.9863,1.1782,1.2087,1.1127
305,HADHB,5.4298,7,APEX1,False,1.04,1.1549,0.9863,1.1782,1.2087,1.1127
305,RFC4,5.4298,7,APEX1,False,1.04,1.1549,0.9863,1.1782,1.2087,1.1127
305,SF3B3,5.4298,7,APEX1,False,1.04,1.1549,0.9863,1.1782,1.2087,1.1127
305,PERP,4.8734,11,APEX1,False,1.04,1.1549,0.9863,1.1782,1.2087,1.1127
305,PRDX2,2.4736,12,APEX1,False,1.04,1.1549,0.9863,1.1782,1.2087,1.1127
305,KDM1A,1.2087,13,APEX1,False,1.04,1.1549,0.9863,1.1782,1.2087,1.1127
306,APEX1,8.6781,1,APEX1,True,1.0531,1.013,0.7849,0.9099,1.049,1.0798
306,TNFRSF10C,6.1985,2,APEX1,False,1.0531,1.013,0.7849,0.9099,1.049,1.0798
306,ARID5B,6.1985,2,APEX1,False,1.0531,1.013,0.7849,0.9099,1.049,1.0798
306,DHFR,5.692,4,APEX1,False,1.0531,1.013,0.7849,0.9099,1.049,1.0798
306,BACE1,5.692,4,APEX1,False,1.0531,1.013,0.7849,0.9099,1.049,1.0798
306,SEC23B,5.692,4,APEX1,False,1.0531,1.013,0.7849,0.9099,1.049,1.0798
306,PADI4,5.1855,7,APEX1,False,1.0531,1.013,0.7849,0.9099,1.049,1.0798
306,HADHB,5.1855,7,APEX1,False,1.0531,1.013,0.7849,0.9099,1.049,1.0798
306,RFC4,5.1855,7,APEX1,False,1.0531,1.013,0.7849,0.9099,1.049,1.0798
306,SF3B3,5.1855,7,APEX1,False,1.0531,1.013,0.7849,0.9099,1.049,1.0798
306,PERP,4.6456,11,APEX1,False,1.0531,1.013,0.7849,0.9099,1.049,1.0798
306,PRDX2,2.3379,12,APEX1,False,1.0531,1.013,0.7849,0.9099,1.049,1.0798
306,KDM1A,1.049,13,APEX1,False,1.0531,1.013,0.7849,0.9099,1.049,1.0798
307,APEX1,9.7092,1,APEX1,True,1.0924,1.0351,1.103,1.1208,0.9892,1.0131
307,TNFRSF10C,6.3824,2,APEX1,False,1.0924,1.0351,1.103,1.1208,0.9892,1.0131
307,ARID5B,6.3824,2,APEX1,False,1.0924,1.0351,1.103,1.1208,0.9892,1.0131
307,DHFR,5.8649,4,APEX1,False,1.0924,1.0351,1.103,1.1208,0.9892,1.0131
307,BACE1,5.8649,4,APEX1,False,1.0924,1.0351,1.103,1.1208,0.9892,1.0131
307,SEC23B,5.8649,4,APEX1,False,1.0924,1.0351,1.103,1.1208,0.9892,1.0131
307,PADI4,5.3473,7,APEX1,False,1.0924,1.0351,1.103,1.1208,0.9892,1.0131
307,HADHB,5.3473,7,APEX1,False,1.0924,1.0351,1.103,1.1208,0.9892,1.0131
307,RFC4,5.3473,7,APEX1,False,1.0924,1.0351,1.103,1.1208,0.9892,1.0131
307,SF3B3,5.3473,7,APEX1,False,1.0924,1.0351,1.103,1.1208,0.9892,1.0131
307,PERP,4.8408,11,APEX1,False,1.0924,1.0351,1.103,1.1208,0.9892,1.0131
307,PRDX2,2.8209,12,APEX1,False,1.0924,1.0351,1.103,1.1208,0.9892,1.0131
307,KDM1A,0.9892,13,APEX1,False,1.0924,1.0351,1.103,1.1208,0.9892,1.0131
308,APEX1,8.9172,1,APEX1,True,0.9505,1.0134,1.0286,0.9682,0.8518,1.0985
308,TNFRSF10C,5.8917,2,APEX1,False,0.9505,1.0134,1.0286,0.9682,0.8518,1.0985
308,ARID5B,5.8917,2,APEX1,False,0.9505,1.0134,1.0286,0.9682,0.8518,1.0985
308,DHFR,5.385,4,APEX1,False,0.9505,1.0134,1.0286,0.9682,0.8518,1.0985
308,BACE1,5.385,4,APEX1,False,0.9505,1.0134,1.0286,0.9682,0.8518,1.0985
308,SEC23B,5.385,4,APEX1,False,0.9505,1.0134,1.0286,0.9682,0.8518,1.0985
308,PADI4,4.8783,7,APEX1,False,0.9505,1.0134,1.0286,0.9682,0.8518,1.0985
308,HADHB,4.8783,7,APEX1,False,0.9505,1.0134,1.0286,0.9682,0.8518,1.0985
308,RFC4,4.8783,7,APEX1,False,0.9505,1.0134,1.0286,0.9682,0.8518,1.0985
308,SF3B3,4.8783,7,APEX1,False,0.9505,1.0134,1.0286,0.9682,0.8518,1.0985
308,PERP,4.3291,11,APEX1,False,0.9505,1.0134,1.0286,0.9682,0.8518,1.0985
308,PRDX2,2.3064,12,APEX1,False,0.9505,1.0134,1.0286,0.9682,0.8518,1.0985
308,KDM1A,0.8518,13,APEX1,False,0.9505,1.0134,1.0286,0.9682,0.8518,1.0985
309,APEX1,9.9432,1,APEX1,True,1.2316,1.063,1.0444,0.9705,0.8832,1.1381
309,TNFRSF10C,6.8839,2,APEX1,False,1.2316,1.063,1.0444,0.9705,0.8832,1.1381
309,ARID5B,6.8839,2,APEX1,False,1.2316,1.063,1.0444,0.9705,0.8832,1.1381
309,DHFR,6.3524,4,APEX1,False,1.2316,1.063,1.0444,0.9705,0.8832,1.1381
309,BACE1,6.3524,4,APEX1,False,1.2316,1.063,1.0444,0.9705,0.8832,1.1381
309,SEC23B,6.3524,4,APEX1,False,1.2316,1.063,1.0444,0.9705,0.8832,1.1381
309,PADI4,5.8209,7,APEX1,False,1.2316,1.063,1.0444,0.9705,0.8832,1.1381
309,HADHB,5.8209,7,APEX1,False,1.2316,1.063,1.0444,0.9705,0.8832,1.1381
309,RFC4,5.8209,7,APEX1,False,1.2316,1.063,1.0444,0.9705,0.8832,1.1381
309,SF3B3,5.8209,7,APEX1,False,1.2316,1.063,1.0444,0.9705,0.8832,1.1381
309,PERP,5.2518,11,APEX1,False,1.2316,1.063,1.0444,0.9705,0.8832,1.1381
309,PRDX2,2.9852,12,APEX1,False,1.2316,1.063,1.0444,0.9705,0.8832,1.1381
309,KDM1A,0.8832,13,APEX1,False,1.2316,1.063,1.0444,0.9705,0.8832,1.1381
310,APEX1,9.7157,1,APEX1,True,1.1331,1.1622,0.8236,1.1826,1.0309,1.2357
310,TNFRSF10C,6.886,2,APEX1,False,1.1331,1.1622,0.8236,1.1826,1.0309,1.2357
310,ARID5B,6.886,2,APEX1,False,1.1331,1.1622,0.8236,1.1826,1.0309,1.2357
310,DHFR,6.3048,4,APEX1,False,1.1331,1.1622,0.8236,1.1826,1.0309,1.2357
310,BACE1,6.3048,4,APEX1,False,1.1331,1.1622,0.8236,1.1826,1.0309,1.2357
310,SEC23B,6.3048,4,APEX1,False,1.1331,1.1622,0.8236,1.1826,1.0309,1.2357
310,PADI4,5.7237,7,APEX1,False,1.1331,1.1622,0.8236,1.1826,1.0309,1.2357
310,HADHB,5.7237,7,APEX1,False,1.1331,1.1622,0.8236,1.1826,1.0309,1.2357
310,RFC4,5.7237,7,APEX1,False,1.1331,1.1622,0.8236,1.1826,1.0309,1.2357
310,SF3B3,5.7237,7,APEX1,False,1.1331,1.1622,0.8236,1.1826,1.0309,1.2357
310,PERP,5.1059,11,APEX1,False,1.1331,1.1622,0.8236,1.1826,1.0309,1.2357
310,PRDX2,2.4206,12,APEX1,False,1.1331,1.1622,0.8236,1.1826,1.0309,1.2357
310,KDM1A,1.0309,13,APEX1,False,1.1331,1.1622,0.8236,1.1826,1.0309,1.2357
311,APEX1,8.4583,1,APEX1,True,1.0613,0.8895,0.925,0.7561,1.077,0.9663
311,TNFRSF10C,5.8523,2,APEX1,False,1.0613,0.8895,0.925,0.7561,1.077,0.9663
311,ARID5B,5.8523,2,APEX1,False,1.0613,0.8895,0.925,0.7561,1.077,0.9663
311,DHFR,5.4076,4,APEX1,False,1.0613,0.8895,0.925,0.7561,1.077,0.9663
311,BACE1,5.4076,4,APEX1,False,1.0613,0.8895,0.925,0.7561,1.077,0.9663
311,SEC23B,5.4076,4,APEX1,False,1.0613,0.8895,0.925,0.7561,1.077,0.9663
311,PADI4,4.9628,7,APEX1,False,1.0613,0.8895,0.925,0.7561,1.077,0.9663
311,HADHB,4.9628,7,APEX1,False,1.0613,0.8895,0.925,0.7561,1.077,0.9663
311,RFC4,4.9628,7,APEX1,False,1.0613,0.8895,0.925,0.7561,1.077,0.9663
311,SF3B3,4.9628,7,APEX1,False,1.0613,0.8895,0.925,0.7561,1.077,0.9663
311,PERP,4.4797,11,APEX1,False,1.0613,0.8895,0.925,0.7561,1.077,0.9663
311,PRDX2,2.6119,12,APEX1,False,1.0613,0.8895,0.925,0.7561,1.077,0.9663
311,KDM1A,1.077,13,APEX1,False,1.0613,0.8895,0.925,0.7561,1.077,0.9663
312,APEX1,8.7746,1,APEX1,True,0.7699,1.1347,0.9123,1.2364,1.1359,0.9386
312,TNFRSF10C,5.7136,2,APEX1,False,0.7699,1.1347,0.9123,1.2364,1.1359,0.9386
312,ARID5B,5.7136,2,APEX1,False,0.7699,1.1347,0.9123,1.2364,1.1359,0.9386
312,DHFR,5.1463,4,APEX1,False,0.7699,1.1347,0.9123,1.2364,1.1359,0.9386
312,BACE1,5.1463,4,APEX1,False,0.7699,1.1347,0.9123,1.2364,1.1359,0.9386
312,SEC23B,5.1463,4,APEX1,False,0.7699,1.1347,0.9123,1.2364,1.1359,0.9386
312,PADI4,4.5789,7,APEX1,False,0.7699,1.1347,0.9123,1.2364,1.1359,0.9386
312,HADHB,4.5789,7,APEX1,False,0.7699,1.1347,0.9123,1.2364,1.1359,0.9386
312,RFC4,4.5789,7,APEX1,False,0.7699,1.1347,0.9123,1.2364,1.1359,0.9386
312,SF3B3,4.5789,7,APEX1,False,0.7699,1.1347,0.9123,1.2364,1.1359,0.9386
312,PERP,4.1096,11,APEX1,False,0.7699,1.1347,0.9123,1.2364,1.1359,0.9386
312,PRDX2,1.8983,12,APEX1,False,0.7699,1.1347,0.9123,1.2364,1.1359,0.9386
312,KDM1A,1.1359,13,APEX1,False,0.7699,1.1347,0.9123,1.2364,1.1359,0.9386
313,APEX1,10.1423,1,APEX1,True,1.232,0.999,1.2092,1.0306,0.7561,1.1992
313,TNFRSF10C,6.6932,2,APEX1,False,1.232,0.999,1.2092,1.0306,0.7561,1.1992
313,ARID5B,6.6932,2,APEX1,False,1.232,0.999,1.2092,1.0306,0.7561,1.1992
313,DHFR,6.1937,4,APEX1,False,1.232,0.999,1.2092,1.0306,0.7561,1.1992
313,BACE1,6.1937,4,APEX1,False,1.232,0.999,1.2092,1.0306,0.7561,1.1992
313,SEC23B,6.1937,4,APEX1,False,1.232,0.999,1.2092,1.0306,0.7561,1.1992
313,PADI4,5.6941,7,APEX1,False,1.232,0.999,1.2092,1.0306,0.7561,1.1992
313,HADHB,5.6941,7,APEX1,False,1.232,0.999,1.2092,1.0306,0.7561,1.1992
313,RFC4,5.6941,7,APEX1,False,1.232,0.999,1.2092,1.0306,0.7561,1.1992
313,SF3B3,5.6941,7,APEX1,False,1.232,0.999,1.2092,1.0306,0.7561,1.1992
313,PERP,5.0945,11,APEX1,False,1.232,0.999,1.2092,1.0306,0.7561,1.1992
313,PRDX2,3.0901,12,APEX1,False,1.232,0.999,1.2092,1.0306,0.7561,1.1992
313,KDM1A,0.7561,13,APEX1,False,1.232,0.999,1.2092,1.0306,0.7561,1.1992
314,APEX1,8.3337,1,APEX1,True,1.0486,0.77,0.9782,0.9216,0.8993,1.1166
314,TNFRSF10C,5.4557,2,APEX1,False,1.0486,0.77,0.9782,0.9216,0.8993,1.1166
314,ARID5B,5.4557,2,APEX1,False,1.0486,0.77,0.9782,0.9216,0.8993,1.1166
314,DHFR,5.0707,4,APEX1,False,1.0486,0.77,0.9782,0.9216,0.8993,1.1166
314,BACE1,5.0707,4,APEX1,False,1.0486,0.77,0.9782,0.9216,0.8993,1.1166
314,SEC23B,5.0707,4,APEX1,False,1.0486,0.77,0.9782,0.9216,0.8993,1.1166
314,PADI4,4.6857,7,APEX1,False,1.0486,0.77,0.9782,0.9216,0.8993,1.1166
314,HADHB,4.6857,7,APEX1,False,1.0486,0.77,0.9782,0.9216,0.8993,1.1166
314,RFC4,4.6857,7,APEX1,False,1.0486,0.77,0.9782,0.9216,0.8993,1.1166
314,SF3B3,4.6857,7,APEX1,False,1.0486,0.77,0.9782,0.9216,0.8993,1.1166
314,PERP,4.1274,11,APEX1,False,1.0486,0.77,0.9782,0.9216,0.8993,1.1166
314,PRDX2,2.483,12,APEX1,False,1.0486,0.77,0.9782,0.9216,0.8993,1.1166
314,KDM1A,0.8993,13,APEX1,False,1.0486,0.77,0.9782,0.9216,0.8993,1.1166
315,APEX1,9.4041,1,APEX1,True,1.0288,1.2257,0.9291,0.7825,0.9887,0.8599
315,TNFRSF10C,6.7635,2,APEX1,False,1.0288,1.2257,0.9291,0.7825,0.9887,0.8599
315,ARID5B,6.7635,2,APEX1,False,1.0288,1.2257,0.9291,0.7825,0.9887,0.8599
315,DHFR,6.1506,4,APEX1,False,1.0288,1.2257,0.9291,0.7825,0.9887,0.8599
315,BACE1,6.1506,4,APEX1,False,1.0288,1.2257,0.9291,0.7825,0.9887,0.8599
315,SEC23B,6.1506,4,APEX1,False,1.0288,1.2257,0.9291,0.7825,0.9887,0.8599
315,PADI4,5.5378,7,APEX1,False,1.0288,1.2257,0.9291,0.7825,0.9887,0.8599
315,HADHB,5.5378,7,APEX1,False,1.0288,1.2257,0.9291,0.7825,0.9887,0.8599
315,RFC4,5.5378,7,APEX1,False,1.0288,1.2257,0.9291,0.7825,0.9887,0.8599
315,SF3B3,5.5378,7,APEX1,False,1.0288,1.2257,0.9291,0.7825,0.9887,0.8599
315,PERP,5.1078,11,APEX1,False,1.0288,1.2257,0.9291,0.7825,0.9887,0.8599
315,PRDX2,2.6411,12,APEX1,False,1.0288,1.2257,0.9291,0.7825,0.9887,0.8599
315,KDM1A,0.9887,13,APEX1,False,1.0288,1.2257,0.9291,0.7825,0.9887,0.8599
316,APEX1,8.8726,1,APEX1,True,0.773,1.1787,0.9925,1.0323,0.7867,1.1371
316,TNFRSF10C,5.8553,2,APEX1,False,0.773,1.1787,0.9925,1.0323,0.7867,1.1371
316,ARID5B,5.8553,2,APEX1,False,0.773,1.1787,0.9925,1.0323,0.7867,1.1371
316,DHFR,5.2659,4,APEX1,False,0.773,1.1787,0.9925,1.0323,0.7867,1.1371
316,BACE1,5.2659,4,APEX1,False,0.773,1.1787,0.9925,1.0323,0.7867,1.1371
316,SEC23B,5.2659,4,APEX1,False,0.773,1.1787,0.9925,1.0323,0.7867,1.1371
316,PADI4,4.6766,7,APEX1,False,0.773,1.1787,0.9925,1.0323,0.7867,1.1371
316,HADHB,4.6766,7,APEX1,False,0.773,1.1787,0.9925,1.0323,0.7867,1.1371
316,RFC4,4.6766,7,APEX1,False,0.773,1.1787,0.9925,1.0323,0.7867,1.1371
316,SF3B3,4.6766,7,APEX1,False,0.773,1.1787,0.9925,1.0323,0.7867,1.1371
316,PERP,4.108,11,APEX1,False,0.773,1.1787,0.9925,1.0323,0.7867,1.1371
316,PRDX2,1.788,12,APEX1,False,0.773,1.1787,0.9925,1.0323,0.7867,1.1371
316,KDM1A,0.7867,13,APEX1,False,0.773,1.1787,0.9925,1.0323,0.7867,1.1371
317,APEX1,9.3882,1,APEX1,True,1.0707,1.1812,0.7696,1.0932,0.8051,0.9067
317,TNFRSF10C,6.7558,2,APEX1,False,1.0707,1.1812,0.7696,1.0932,0.8051,0.9067
317,ARID5B,6.7558,2,APEX1,False,1.0707,1.1812,0.7696,1.0932,0.8051,0.9067
317,DHFR,6.1652,4,APEX1,False,1.0707,1.1812,0.7696,1.0932,0.8051,0.9067
317,BACE1,6.1652,4,APEX1,False,1.0707,1.1812,0.7696,1.0932,0.8051,0.9067
317,SEC23B,6.1652,4,APEX1,False,1.0707,1.1812,0.7696,1.0932,0.8051,0.9067
317,PADI4,5.5746,7,APEX1,False,1.0707,1.1812,0.7696,1.0932,0.8051,0.9067
317,HADHB,5.5746,7,APEX1,False,1.0707,1.1812,0.7696,1.0932,0.8051,0.9067
317,RFC4,5.5746,7,APEX1,False,1.0707,1.1812,0.7696,1.0932,0.8051,0.9067
317,SF3B3,5.5746,7,APEX1,False,1.0707,1.1812,0.7696,1.0932,0.8051,0.9067
317,PERP,5.1212,11,APEX1,False,1.0707,1.1812,0.7696,1.0932,0.8051,0.9067
317,PRDX2,2.5397,12,APEX1,False,1.0707,1.1812,0.7696,1.0932,0.8051,0.9067
317,KDM1A,0.8051,13,APEX1,False,1.0707,1.1812,0.7696,1.0932,0.8051,0.9067
318,APEX1,8.7729,1,APEX1,True,0.9528,1.0696,0.8782,0.9494,0.9473,1.12
318,TNFRSF10C,6.0672,2,APEX1,False,0.9528,1.0696,0.8782,0.9494,0.9473,1.12
318,ARID5B,6.0672,2,APEX1,False,0.9528,1.0696,0.8782,0.9494,0.9473,1.12
318,DHFR,5.5324,4,APEX1,False,0.9528,1.0696,0.8782,0.9494,0.9473,1.12
318,BACE1,5.5324,4,APEX1,False,0.9528,1.0696,0.8782,0.9494,0.9473,1.12
318,SEC23B,5.5324,4,APEX1,False,0.9528,1.0696,0.8782,0.9494,0.9473,1.12
318,PADI4,4.9976,7,APEX1,False,0.9528,1.0696,0.8782,0.9494,0.9473,1.12
318,HADHB,4.9976,7,APEX1,False,0.9528,1.0696,0.8782,0.9494,0.9473,1.12
318,RFC4,4.9976,7,APEX1,False,0.9528,1.0696,0.8782,0.9494,0.9473,1.12
318,SF3B3,4.9976,7,APEX1,False,0.9528,1.0696,0.8782,0.9494,0.9473,1.12
318,PERP,4.4376,11,APEX1,False,0.9528,1.0696,0.8782,0.9494,0.9473,1.12
318,PRDX2,2.1403,12,APEX1,False,0.9528,1.0696,0.8782,0.9494,0.9473,1.12
318,KDM1A,0.9473,13,APEX1,False,0.9528,1.0696,0.8782,0.9494,0.9473,1.12
319,APEX1,8.5907,1,APEX1,True,1.0485,0.7945,0.9802,1.1014,1.0951,0.7766
319,TNFRSF10C,5.5289,2,APEX1,False,1.0485,0.7945,0.9802,1.1014,1.0951,0.7766
319,ARID5B,5.5289,2,APEX1,False,1.0485,0.7945,0.9802,1.1014,1.0951,0.7766
319,DHFR,5.1317,4,APEX1,False,1.0485,0.7945,0.9802,1.1014,1.0951,0.7766
319,BACE1,5.1317,4,APEX1,False,1.0485,0.7945,0.9802,1.1014,1.0951,0.7766
319,SEC23B,5.1317,4,APEX1,False,1.0485,0.7945,0.9802,1.1014,1.0951,0.7766
319,PADI4,4.7345,7,APEX1,False,1.0485,0.7945,0.9802,1.1014,1.0951,0.7766
319,HADHB,4.7345,7,APEX1,False,1.0485,0.7945,0.9802,1.1014,1.0951,0.7766
319,RFC4,4.7345,7,APEX1,False,1.0485,0.7945,0.9802,1.1014,1.0951,0.7766
319,SF3B3,4.7345,7,APEX1,False,1.0485,0.7945,0.9802,1.1014,1.0951,0.7766
319,PERP,4.3462,11,APEX1,False,1.0485,0.7945,0.9802,1.1014,1.0951,0.7766
319,PRDX2,2.8249,12,APEX1,False,1.0485,0.7945,0.9802,1.1014,1.0951,0.7766
319,KDM1A,1.0951,13,APEX1,False,1.0485,0.7945,0.9802,1.1014,1.0951,0.7766
320,APEX1,9.098,1,APEX1,True,1.0915,0.8087,1.1469,1.1033,1.1381,1.1452
320,TNFRSF10C,5.7008,2,APEX1,False,1.0915,0.8087,1.1469,1.1033,1.1381,1.1452
320,ARID5B,5.7008,2,APEX1,False,1.0915,0.8087,1.1469,1.1033,1.1381,1.1452
320,DHFR,5.2964,4,APEX1,False,1.0915,0.8087,1.1469,1.1033,1.1381,1.1452
320,BACE1,5.2964,4,APEX1,False,1.0915,0.8087,1.1469,1.1033,1.1381,1.1452
320,SEC23B,5.2964,4,APEX1,False,1.0915,0.8087,1.1469,1.1033,1.1381,1.1452
320,PADI4,4.8921,7,APEX1,False,1.0915,0.8087,1.1469,1.1033,1.1381,1.1452
320,HADHB,4.8921,7,APEX1,False,1.0915,0.8087,1.1469,1.1033,1.1381,1.1452
320,RFC4,4.8921,7,APEX1,False,1.0915,0.8087,1.1469,1.1033,1.1381,1.1452
320,SF3B3,4.8921,7,APEX1,False,1.0915,0.8087,1.1469,1.1033,1.1381,1.1452
320,PERP,4.3195,11,APEX1,False,1.0915,0.8087,1.1469,1.1033,1.1381,1.1452
320,PRDX2,2.7305,12,APEX1,False,1.0915,0.8087,1.1469,1.1033,1.1381,1.1452
320,KDM1A,1.1381,13,APEX1,False,1.0915,0.8087,1.1469,1.1033,1.1381,1.1452
321,APEX1,8.7776,1,APEX1,True,1.2297,0.807,0.7944,1.0789,1.0436,0.7971
321,TNFRSF10C,6.1099,2,APEX1,False,1.2297,0.807,0.7944,1.0789,1.0436,0.7971
321,ARID5B,6.1099,2,APEX1,False,1.2297,0.807,0.7944,1.0789,1.0436,0.7971
321,DHFR,5.7064,4,APEX1,False,1.2297,0.807,0.7944,1.0789,1.0436,0.7971
321,BACE1,5.7064,4,APEX1,False,1.2297,0.807,0.7944,1.0789,1.0436,0.7971
321,SEC23B,5.7064,4,APEX1,False,1.2297,0.807,0.7944,1.0789,1.0436,0.7971
321,PADI4,5.3029,7,APEX1,False,1.2297,0.807,0.7944,1.0789,1.0436,0.7971
321,HADHB,5.3029,7,APEX1,False,1.2297,0.807,0.7944,1.0789,1.0436,0.7971
321,RFC4,5.3029,7,APEX1,False,1.2297,0.807,0.7944,1.0789,1.0436,0.7971
321,SF3B3,5.3029,7,APEX1,False,1.2297,0.807,0.7944,1.0789,1.0436,0.7971
321,PERP,4.9044,11,APEX1,False,1.2297,0.807,0.7944,1.0789,1.0436,0.7971
321,PRDX2,3.0715,12,APEX1,False,1.2297,0.807,0.7944,1.0789,1.0436,0.7971
321,KDM1A,1.0436,13,APEX1,False,1.2297,0.807,0.7944,1.0789,1.0436,0.7971
322,APEX1,9.4215,1,APEX1,True,1.0039,1.1858,0.8665,1.1192,0.927,0.9252
322,TNFRSF10C,6.5694,2,APEX1,False,1.0039,1.1858,0.8665,1.1192,0.927,0.9252
322,ARID5B,6.5694,2,APEX1,False,1.0039,1.1858,0.8665,1.1192,0.927,0.9252
322,DHFR,5.9764,4,APEX1,False,1.0039,1.1858,0.8665,1.1192,0.927,0.9252
322,BACE1,5.9764,4,APEX1,False,1.0039,1.1858,0.8665,1.1192,0.927,0.9252
322,SEC23B,5.9764,4,APEX1,False,1.0039,1.1858,0.8665,1.1192,0.927,0.9252
322,PADI4,5.3835,7,APEX1,False,1.0039,1.1858,0.8665,1.1192,0.927,0.9252
322,HADHB,5.3835,7,APEX1,False,1.0039,1.1858,0.8665,1.1192,0.927,0.9252
322,RFC4,5.3835,7,APEX1,False,1.0039,1.1858,0.8665,1.1192,0.927,0.9252
322,SF3B3,5.3835,7,APEX1,False,1.0039,1.1858,0.8665,1.1192,0.927,0.9252
322,PERP,4.9209,11,APEX1,False,1.0039,1.1858,0.8665,1.1192,0.927,0.9252
322,PRDX2,2.4511,12,APEX1,False,1.0039,1.1858,0.8665,1.1192,0.927,0.9252
322,KDM1A,0.927,13,APEX1,False,1.0039,1.1858,0.8665,1.1192,0.927,0.9252
323,APEX1,9.0785,1,APEX1,True,1.1161,0.9039,0.9,1.2185,1.1449,0.9781
323,TNFRSF10C,6.06,2,APEX1,False,1.1161,0.9039,0.9,1.2185,1.1449,0.9781
323,ARID5B,6.06,2,APEX1,False,1.1161,0.9039,0.9,1.2185,1.1449,0.9781
323,DHFR,5.608,4,APEX1,False,1.1161,0.9039,0.9,1.2185,1.1449,0.9781
323,BACE1,5.608,4,APEX1,False,1.1161,0.9039,0.9,1.2185,1.1449,0.9781
323,SEC23B,5.608,4,APEX1,False,1.1161,0.9039,0.9,1.2185,1.1449,0.9781
323,PADI4,5.1561,7,APEX1,False,1.1161,0.9039,0.9,1.2185,1.1449,0.9781
323,HADHB,5.1561,7,APEX1,False,1.1161,0.9039,0.9,1.2185,1.1449,0.9781
323,RFC4,5.1561,7,APEX1,False,1.1161,0.9039,0.9,1.2185,1.1449,0.9781
323,SF3B3,5.1561,7,APEX1,False,1.1161,0.9039,0.9,1.2185,1.1449,0.9781
323,PERP,4.667,11,APEX1,False,1.1161,0.9039,0.9,1.2185,1.1449,0.9781
323,PRDX2,2.7121,12,APEX1,False,1.1161,0.9039,0.9,1.2185,1.1449,0.9781
323,KDM1A,1.1449,13,APEX1,False,1.1161,0.9039,0.9,1.2185,1.1449,0.9781
324,APEX1,10.1013,1,APEX1,True,1.242,1.2353,0.8303,1.0087,1.2122,0.9407
324,TNFRSF10C,7.4319,2,APEX1,False,1.242,1.2353,0.8303,1.0087,1.2122,0.9407
324,ARID5B,7.4319,2,APEX1,False,1.242,1.2353,0.8303,1.0087,1.2122,0.9407
324,DHFR,6.8143,4,APEX1,False,1.242,1.2353,0.8303,1.0087,1.2122,0.9407
324,BACE1,6.8143,4,APEX1,False,1.242,1.2353,0.8303,1.0087,1.2122,0.9407
324,SEC23B,6.8143,4,APEX1,False,1.242,1.2353,0.8303,1.0087,1.2122,0.9407
324,PADI4,6.1966,7,APEX1,False,1.242,1.2353,0.8303,1.0087,1.2122,0.9407
324,HADHB,6.1966,7,APEX1,False,1.242,1.2353,0.8303,1.0087,1.2122,0.9407
324,RFC4,6.1966,7,APEX1,False,1.242,1.2353,0.8303,1.0087,1.2122,0.9407
324,SF3B3,6.1966,7,APEX1,False,1.242,1.2353,0.8303,1.0087,1.2122,0.9407
324,PERP,5.7263,11,APEX1,False,1.242,1.2353,0.8303,1.0087,1.2122,0.9407
324,PRDX2,2.9947,12,APEX1,False,1.242,1.2353,0.8303,1.0087,1.2122,0.9407
324,KDM1A,1.2122,13,APEX1,False,1.242,1.2353,0.8303,1.0087,1.2122,0.9407
325,APEX1,8.4062,1,APEX1,True,0.7509,1.139,0.9178,0.9008,1.0245,1.0381
325,TNFRSF10C,5.6697,2,APEX1,False,0.7509,1.139,0.9178,0.9008,1.0245,1.0381
325,ARID5B,5.6697,2,APEX1,False,0.7509,1.139,0.9178,0.9008,1.0245,1.0381
325,DHFR,5.1003,4,APEX1,False,0.7509,1.139,0.9178,0.9008,1.0245,1.0381
325,BACE1,5.1003,4,APEX1,False,0.7509,1.139,0.9178,0.9008,1.0245,1.0381
325,SEC23B,5.1003,4,APEX1,False,0.7509,1.139,0.9178,0.9008,1.0245,1.0381
325,PADI4,4.5308,7,APEX1,False,0.7509,1.139,0.9178,0.9008,1.0245,1.0381
325,HADHB,4.5308,7,APEX1,False,0.7509,1.139,0.9178,0.9008,1.0245,1.0381
325,RFC4,4.5308,7,APEX1,False,0.7509,1.139,0.9178,0.9008,1.0245,1.0381
325,SF3B3,4.5308,7,APEX1,False,0.7509,1.139,0.9178,0.9008,1.0245,1.0381
325,PERP,4.0117,11,APEX1,False,0.7509,1.139,0.9178,0.9008,1.0245,1.0381
325,PRDX2,1.7571,12,APEX1,False,0.7509,1.139,0.9178,0.9008,1.0245,1.0381
325,KDM1A,1.0245,13,APEX1,False,0.7509,1.139,0.9178,0.9008,1.0245,1.0381
326,APEX1,7.5888,1,APEX1,True,0.8018,0.7798,0.8336,1.1767,1.1622,1.1774
326,TNFRSF10C,4.7448,2,APEX1,False,0.8018,0.7798,0.8336,1.1767,1.1622,1.1774
326,ARID5B,4.7448,2,APEX1,False,0.8018,0.7798,0.8336,1.1767,1.1622,1.1774
326,DHFR,4.3549,4,APEX1,False,0.8018,0.7798,0.8336,1.1767,1.1622,1.1774
326,BACE1,4.3549,4,APEX1,False,0.8018,0.7798,0.8336,1.1767,1.1622,1.1774
326,SEC23B,4.3549,4,APEX1,False,0.8018,0.7798,0.8336,1.1767,1.1622,1.1774
326,PADI4,3.965,7,APEX1,False,0.8018,0.7798,0.8336,1.1767,1.1622,1.1774
326,HADHB,3.965,7,APEX1,False,0.8018,0.7798,0.8336,1.1767,1.1622,1.1774
326,RFC4,3.965,7,APEX1,False,0.8018,0.7798,0.8336,1.1767,1.1622,1.1774
326,SF3B3,3.965,7,APEX1,False,0.8018,0.7798,0.8336,1.1767,1.1622,1.1774
326,PERP,3.3763,11,APEX1,False,0.8018,0.7798,0.8336,1.1767,1.1622,1.1774
326,PRDX2,1.6607,12,APEX1,False,0.8018,0.7798,0.8336,1.1767,1.1622,1.1774
326,KDM1A,1.1622,13,APEX1,False,0.8018,0.7798,0.8336,1.1767,1.1622,1.1774
327,APEX1,9.0542,1,APEX1,True,0.811,1.1848,1.0119,1.0428,0.8799,1.2302
327,TNFRSF10C,5.9876,2,APEX1,False,0.811,1.1848,1.0119,1.0428,0.8799,1.2302
327,ARID5B,5.9876,2,APEX1,False,0.811,1.1848,1.0119,1.0428,0.8799,1.2302
327,DHFR,5.3952,4,APEX1,False,0.811,1.1848,1.0119,1.0428,0.8799,1.2302
327,BACE1,5.3952,4,APEX1,False,0.811,1.1848,1.0119,1.0428,0.8799,1.2302
327,SEC23B,5.3952,4,APEX1,False,0.811,1.1848,1.0119,1.0428,0.8799,1.2302
327,PADI4,4.8028,7,APEX1,False,0.811,1.1848,1.0119,1.0428,0.8799,1.2302
327,HADHB,4.8028,7,APEX1,False,0.811,1.1848,1.0119,1.0428,0.8799,1.2302
327,RFC4,4.8028,7,APEX1,False,0.811,1.1848,1.0119,1.0428,0.8799,1.2302
327,SF3B3,4.8028,7,APEX1,False,0.811,1.1848,1.0119,1.0428,0.8799,1.2302
327,PERP,4.1877,11,APEX1,False,0.811,1.1848,1.0119,1.0428,0.8799,1.2302
327,PRDX2,1.8094,12,APEX1,False,0.811,1.1848,1.0119,1.0428,0.8799,1.2302
327,KDM1A,0.8799,13,APEX1,False,0.811,1.1848,1.0119,1.0428,0.8799,1.2302
328,APEX1,10.0069,1,APEX1,True,1.2353,1.1174,0.9752,0.9986,0.8102,0.7603
328,TNFRSF10C,7.0579,2,APEX1,False,1.2353,1.1174,0.9752,0.9986,0.8102,0.7603
328,ARID5B,7.0579,2,APEX1,False,1.2353,1.1174,0.9752,0.9986,0.8102,0.7603
328,DHFR,6.4992,4,APEX1,False,1.2353,1.1174,0.9752,0.9986,0.8102,0.7603
328,BACE1,6.4992,4,APEX1,False,1.2353,1.1174,0.9752,0.9986,0.8102,0.7603
328,SEC23B,6.4992,4,APEX1,False,1.2353,1.1174,0.9752,0.9986,0.8102,0.7603
328,PADI4,5.9405,7,APEX1,False,1.2353,1.1174,0.9752,0.9986,0.8102,0.7603
328,HADHB,5.9405,7,APEX1,False,1.2353,1.1174,0.9752,0.9986,0.8102,0.7603
328,RFC4,5.9405,7,APEX1,False,1.2353,1.1174,0.9752,0.9986,0.8102,0.7603
328,SF3B3,5.9405,7,APEX1,False,1.2353,1.1174,0.9752,0.9986,0.8102,0.7603
328,PERP,5.5604,11,APEX1,False,1.2353,1.1174,0.9752,0.9986,0.8102,0.7603
328,PRDX2,3.303,12,APEX1,False,1.2353,1.1174,0.9752,0.9986,0.8102,0.7603
328,KDM1A,0.8102,13,APEX1,False,1.2353,1.1174,0.9752,0.9986,0.8102,0.7603
329,APEX1,10.6055,1,APEX1,True,1.2392,1.2367,1.0168,1.1441,1.0586,0.7516
329,TNFRSF10C,7.4277,2,APEX1,False,1.2392,1.2367,1.0168,1.1441,1.0586,0.7516
329,ARID5B,7.4277,2,APEX1,False,1.2392,1.2367,1.0168,1.1441,1.0586,0.7516
329,DHFR,6.8094,4,APEX1,False,1.2392,1.2367,1.0168,1.1441,1.0586,0.7516
329,BACE1,6.8094,4,APEX1,False,1.2392,1.2367,1.0168,1.1441,1.0586,0.7516
329,SEC23B,6.8094,4,APEX1,False,1.2392,1.2367,1.0168,1.1441,1.0586,0.7516
329,PADI4,6.1911,7,APEX1,False,1.2392,1.2367,1.0168,1.1441,1.0586,0.7516
329,HADHB,6.1911,7,APEX1,False,1.2392,1.2367,1.0168,1.1441,1.0586,0.7516
329,RFC4,6.1911,7,APEX1,False,1.2392,1.2367,1.0168,1.1441,1.0586,0.7516
329,SF3B3,6.1911,7,APEX1,False,1.2392,1.2367,1.0168,1.1441,1.0586,0.7516
329,PERP,5.8152,11,APEX1,False,1.2392,1.2367,1.0168,1.1441,1.0586,0.7516
329,PRDX2,3.3632,12,APEX1,False,1.2392,1.2367,1.0168,1.1441,1.0586,0.7516
329,KDM1A,1.0586,13,APEX1,False,1.2392,1.2367,1.0168,1.1441,1.0586,0.7516
330,APEX1,9.3964,1,APEX1,True,0.9139,1.1903,1.086,0.9117,1.1238,1.0947
330,TNFRSF10C,6.3127,2,APEX1,False,0.9139,1.1903,1.086,0.9117,1.1238,1.0947
330,ARID5B,6.3127,2,APEX1,False,0.9139,1.1903,1.086,0.9117,1.1238,1.0947
330,DHFR,5.7175,4,APEX1,False,0.9139,1.1903,1.086,0.9117,1.1238,1.0947
330,BACE1,5.7175,4,APEX1,False,0.9139,1.1903,1.086,0.9117,1.1238,1.0947
330,SEC23B,5.7175,4,APEX1,False,0.9139,1.1903,1.086,0.9117,1.1238,1.0947
330,PADI4,5.1223,7,APEX1,False,0.9139,1.1903,1.086,0.9117,1.1238,1.0947
330,HADHB,5.1223,7,APEX1,False,0.9139,1.1903,1.086,0.9117,1.1238,1.0947
330,RFC4,5.1223,7,APEX1,False,0.9139,1.1903,1.086,0.9117,1.1238,1.0947
330,SF3B3,5.1223,7,APEX1,False,0.9139,1.1903,1.086,0.9117,1.1238,1.0947
330,PERP,4.575,11,APEX1,False,0.9139,1.1903,1.086,0.9117,1.1238,1.0947
330,PRDX2,2.2762,12,APEX1,False,0.9139,1.1903,1.086,0.9117,1.1238,1.0947
330,KDM1A,1.1238,13,APEX1,False,0.9139,1.1903,1.086,0.9117,1.1238,1.0947
331,APEX1,9.2743,1,APEX1,True,0.8366,1.1997,1.051,1.0634,1.1251,1.1282
331,TNFRSF10C,6.1089,2,APEX1,False,0.8366,1.1997,1.051,1.0634,1.1251,1.1282
331,ARID5B,6.1089,2,APEX1,False,0.8366,1.1997,1.051,1.0634,1.1251,1.1282
331,DHFR,5.509,4,APEX1,False,0.8366,1.1997,1.051,1.0634,1.1251,1.1282
331,BACE1,5.509,4,APEX1,False,0.8366,1.1997,1.051,1.0634,1.1251,1.1282
331,SEC23B,5.509,4,APEX1,False,0.8366,1.1997,1.051,1.0634,1.1251,1.1282
331,PADI4,4.9092,7,APEX1,False,0.8366,1.1997,1.051,1.0634,1.1251,1.1282
331,HADHB,4.9092,7,APEX1,False,0.8366,1.1997,1.051,1.0634,1.1251,1.1282
331,RFC4,4.9092,7,APEX1,False,0.8366,1.1997,1.051,1.0634,1.1251,1.1282
331,SF3B3,4.9092,7,APEX1,False,0.8366,1.1997,1.051,1.0634,1.1251,1.1282
331,PERP,4.3451,11,APEX1,False,0.8366,1.1997,1.051,1.0634,1.1251,1.1282
331,PRDX2,2.0142,12,APEX1,False,0.8366,1.1997,1.051,1.0634,1.1251,1.1282
331,KDM1A,1.1251,13,APEX1,False,0.8366,1.1997,1.051,1.0634,1.1251,1.1282
332,APEX1,8.4813,1,APEX1,True,0.8958,0.7856,1.1327,1.1717,1.2284,0.7886
332,TNFRSF10C,5.0442,2,APEX1,False,0.8958,0.7856,1.1327,1.1717,1.2284,0.7886
332,ARID5B,5.0442,2,APEX1,False,0.8958,0.7856,1.1327,1.1717,1.2284,0.7886
332,DHFR,4.6514,4,APEX1,False,0.8958,0.7856,1.1327,1.1717,1.2284,0.7886
332,BACE1,4.6514,4,APEX1,False,0.8958,0.7856,1.1327,1.1717,1.2284,0.7886
332,SEC23B,4.6514,4,APEX1,False,0.8958,0.7856,1.1327,1.1717,1.2284,0.7886
332,PADI4,4.2586,7,APEX1,False,0.8958,0.7856,1.1327,1.1717,1.2284,0.7886
332,HADHB,4.2586,7,APEX1,False,0.8958,0.7856,1.1327,1.1717,1.2284,0.7886
332,RFC4,4.2586,7,APEX1,False,0.8958,0.7856,1.1327,1.1717,1.2284,0.7886
332,SF3B3,4.2586,7,APEX1,False,0.8958,0.7856,1.1327,1.1717,1.2284,0.7886
332,PERP,3.8643,11,APEX1,False,0.8958,0.7856,1.1327,1.1717,1.2284,0.7886
332,PRDX2,2.5836,12,APEX1,False,0.8958,0.7856,1.1327,1.1717,1.2284,0.7886
332,KDM1A,1.2284,13,APEX1,False,0.8958,0.7856,1.1327,1.1717,1.2284,0.7886
333,APEX1,7.4354,1,APEX1,True,0.861,0.7869,0.7978,0.8962,1.1892,1.1073
333,TNFRSF10C,4.9437,2,APEX1,False,0.861,0.7869,0.7978,0.8962,1.1892,1.1073
333,ARID5B,4.9437,2,APEX1,False,0.861,0.7869,0.7978,0.8962,1.1892,1.1073
333,DHFR,4.5502,4,APEX1,False,0.861,0.7869,0.7978,0.8962,1.1892,1.1073
333,BACE1,4.5502,4,APEX1,False,0.861,0.7869,0.7978,0.8962,1.1892,1.1073
333,SEC23B,4.5502,4,APEX1,False,0.861,0.7869,0.7978,0.8962,1.1892,1.1073
333,PADI4,4.1568,7,APEX1,False,0.861,0.7869,0.7978,0.8962,1.1892,1.1073
333,HADHB,4.1568,7,APEX1,False,0.861,0.7869,0.7978,0.8962,1.1892,1.1073
333,RFC4,4.1568,7,APEX1,False,0.861,0.7869,0.7978,0.8962,1.1892,1.1073
333,SF3B3,4.1568,7,APEX1,False,0.861,0.7869,0.7978,0.8962,1.1892,1.1073
333,PERP,3.6031,11,APEX1,False,0.861,0.7869,0.7978,0.8962,1.1892,1.1073
333,PRDX2,1.8428,12,APEX1,False,0.861,0.7869,0.7978,0.8962,1.1892,1.1073
333,KDM1A,1.1892,13,APEX1,False,0.861,0.7869,0.7978,0.8962,1.1892,1.1073
334,APEX1,9.6762,1,APEX1,True,1.0951,1.0758,0.9628,1.2378,1.0663,0.7829
334,TNFRSF10C,6.5127,2,APEX1,False,1.0951,1.0758,0.9628,1.2378,1.0663,0.7829
334,ARID5B,6.5127,2,APEX1,False,1.0951,1.0758,0.9628,1.2378,1.0663,0.7829
334,DHFR,5.9749,4,APEX1,False,1.0951,1.0758,0.9628,1.2378,1.0663,0.7829
334,BACE1,5.9749,4,APEX1,False,1.0951,1.0758,0.9628,1.2378,1.0663,0.7829
334,SEC23B,5.9749,4,APEX1,False,1.0951,1.0758,0.9628,1.2378,1.0663,0.7829
334,PADI4,5.437,7,APEX1,False,1.0951,1.0758,0.9628,1.2378,1.0663,0.7829
334,HADHB,5.437,7,APEX1,False,1.0951,1.0758,0.9628,1.2378,1.0663,0.7829
334,RFC4,5.437,7,APEX1,False,1.0951,1.0758,0.9628,1.2378,1.0663,0.7829
334,SF3B3,5.437,7,APEX1,False,1.0951,1.0758,0.9628,1.2378,1.0663,0.7829
334,PERP,5.0455,11,APEX1,False,1.0951,1.0758,0.9628,1.2378,1.0663,0.7829
334,PRDX2,2.9177,12,APEX1,False,1.0951,1.0758,0.9628,1.2378,1.0663,0.7829
334,KDM1A,1.0663,13,APEX1,False,1.0951,1.0758,0.9628,1.2378,1.0663,0.7829
335,APEX1,9.9497,1,APEX1,True,0.9947,1.2463,1.1065,1.0137,0.9649,0.8256
335,TNFRSF10C,6.723,2,APEX1,False,0.9947,1.2463,1.1065,1.0137,0.9649,0.8256
335,ARID5B,6.723,2,APEX1,False,0.9947,1.2463,1.1065,1.0137,0.9649,0.8256
335,DHFR,6.0998,4,APEX1,False,0.9947,1.2463,1.1065,1.0137,0.9649,0.8256
335,BACE1,6.0998,4,APEX1,False,0.9947,1.2463,1.1065,1.0137,0.9649,0.8256
335,SEC23B,6.0998,4,APEX1,False,0.9947,1.2463,1.1065,1.0137,0.9649,0.8256
335,PADI4,5.4766,7,APEX1,False,0.9947,1.2463,1.1065,1.0137,0.9649,0.8256
335,HADHB,5.4766,7,APEX1,False,0.9947,1.2463,1.1065,1.0137,0.9649,0.8256
335,RFC4,5.4766,7,APEX1,False,0.9947,1.2463,1.1065,1.0137,0.9649,0.8256
335,SF3B3,5.4766,7,APEX1,False,0.9947,1.2463,1.1065,1.0137,0.9649,0.8256
335,PERP,5.0639,11,APEX1,False,0.9947,1.2463,1.1065,1.0137,0.9649,0.8256
335,PRDX2,2.7676,12,APEX1,False,0.9947,1.2463,1.1065,1.0137,0.9649,0.8256
335,KDM1A,0.9649,13,APEX1,False,0.9947,1.2463,1.1065,1.0137,0.9649,0.8256
336,APEX1,9.083,1,APEX1,True,1.1053,1.1341,0.8061,0.7525,1.0991,1.0352
336,TNFRSF10C,6.7183,2,APEX1,False,1.1053,1.1341,0.8061,0.7525,1.0991,1.0352
336,ARID5B,6.7183,2,APEX1,False,1.1053,1.1341,0.8061,0.7525,1.0991,1.0352
336,DHFR,6.1512,4,APEX1,False,1.1053,1.1341,0.8061,0.7525,1.0991,1.0352
336,BACE1,6.1512,4,APEX1,False,1.1053,1.1341,0.8061,0.7525,1.0991,1.0352
336,SEC23B,6.1512,4,APEX1,False,1.1053,1.1341,0.8061,0.7525,1.0991,1.0352
336,PADI4,5.5842,7,APEX1,False,1.1053,1.1341,0.8061,0.7525,1.0991,1.0352
336,HADHB,5.5842,7,APEX1,False,1.1053,1.1341,0.8061,0.7525,1.0991,1.0352
336,RFC4,5.5842,7,APEX1,False,1.1053,1.1341,0.8061,0.7525,1.0991,1.0352
336,SF3B3,5.5842,7,APEX1,False,1.1053,1.1341,0.8061,0.7525,1.0991,1.0352
336,PERP,5.0665,11,APEX1,False,1.1053,1.1341,0.8061,0.7525,1.0991,1.0352
336,PRDX2,2.5342,12,APEX1,False,1.1053,1.1341,0.8061,0.7525,1.0991,1.0352
336,KDM1A,1.0991,13,APEX1,False,1.1053,1.1341,0.8061,0.7525,1.0991,1.0352
337,APEX1,8.4632,1,APEX1,True,0.8504,0.768,1.2463,1.1154,1.1087,1.0258
337,TNFRSF10C,4.8552,2,APEX1,False,0.8504,0.768,1.2463,1.1154,1.1087,1.0258
337,ARID5B,4.8552,2,APEX1,False,0.8504,0.768,1.2463,1.1154,1.1087,1.0258
337,DHFR,4.4712,4,APEX1,False,0.8504,0.768,1.2463,1.1154,1.1087,1.0258
337,BACE1,4.4712,4,APEX1,False,0.8504,0.768,1.2463,1.1154,1.1087,1.0258
337,SEC23B,4.4712,4,APEX1,False,0.8504,0.768,1.2463,1.1154,1.1087,1.0258
337,PADI4,4.0872,7,APEX1,False,0.8504,0.768,1.2463,1.1154,1.1087,1.0258
337,HADHB,4.0872,7,APEX1,False,0.8504,0.768,1.2463,1.1154,1.1087,1.0258
337,RFC4,4.0872,7,APEX1,False,0.8504,0.768,1.2463,1.1154,1.1087,1.0258
337,SF3B3,4.0872,7,APEX1,False,0.8504,0.768,1.2463,1.1154,1.1087,1.0258
337,PERP,3.5743,11,APEX1,False,0.8504,0.768,1.2463,1.1154,1.1087,1.0258
337,PRDX2,2.3464,12,APEX1,False,0.8504,0.768,1.2463,1.1154,1.1087,1.0258
337,KDM1A,1.1087,13,APEX1,False,0.8504,0.768,1.2463,1.1154,1.1087,1.0258
338,APEX1,8.4945,1,APEX1,True,0.7649,1.0293,0.9819,1.1481,0.9278,1.0255
338,TNFRSF10C,5.3826,2,APEX1,False,0.7649,1.0293,0.9819,1.1481,0.9278,1.0255
338,ARID5B,5.3826,2,APEX1,False,0.7649,1.0293,0.9819,1.1481,0.9278,1.0255
338,DHFR,4.8679,4,APEX1,False,0.7649,1.0293,0.9819,1.1481,0.9278,1.0255
338,BACE1,4.8679,4,APEX1,False,0.7649,1.0293,0.9819,1.1481,0.9278,1.0255
338,SEC23B,4.8679,4,APEX1,False,0.7649,1.0293,0.9819,1.1481,0.9278,1.0255
338,PADI4,4.3532,7,APEX1,False,0.7649,1.0293,0.9819,1.1481,0.9278,1.0255
338,HADHB,4.3532,7,APEX1,False,0.7649,1.0293,0.9819,1.1481,0.9278,1.0255
338,RFC4,4.3532,7,APEX1,False,0.7649,1.0293,0.9819,1.1481,0.9278,1.0255
338,SF3B3,4.3532,7,APEX1,False,0.7649,1.0293,0.9819,1.1481,0.9278,1.0255
338,PERP,3.8405,11,APEX1,False,0.7649,1.0293,0.9819,1.1481,0.9278,1.0255
338,PRDX2,1.8686,12,APEX1,False,0.7649,1.0293,0.9819,1.1481,0.9278,1.0255
338,KDM1A,0.9278,13,APEX1,False,0.7649,1.0293,0.9819,1.1481,0.9278,1.0255
339,APEX1,9.6325,1,APEX1,True,1.1515,1.2298,0.765,0.9589,0.8119,0.9839
339,TNFRSF10C,7.1437,2,APEX1,False,1.1515,1.2298,0.765,0.9589,0.8119,0.9839
339,ARID5B,7.1437,2,APEX1,False,1.1515,1.2298,0.765,0.9589,0.8119,0.9839
339,DHFR,6.5288,4,APEX1,False,1.1515,1.2298,0.765,0.9589,0.8119,0.9839
339,BACE1,6.5288,4,APEX1,False,1.1515,1.2298,0.765,0.9589,0.8119,0.9839
339,SEC23B,6.5288,4,APEX1,False,1.1515,1.2298,0.765,0.9589,0.8119,0.9839
339,PADI4,5.9139,7,APEX1,False,1.1515,1.2298,0.765,0.9589,0.8119,0.9839
339,HADHB,5.9139,7,APEX1,False,1.1515,1.2298,0.765,0.9589,0.8119,0.9839
339,RFC4,5.9139,7,APEX1,False,1.1515,1.2298,0.765,0.9589,0.8119,0.9839
339,SF3B3,5.9139,7,APEX1,False,1.1515,1.2298,0.765,0.9589,0.8119,0.9839
339,PERP,5.4219,11,APEX1,False,1.1515,1.2298,0.765,0.9589,0.8119,0.9839
339,PRDX2,2.6597,12,APEX1,False,1.1515,1.2298,0.765,0.9589,0.8119,0.9839
339,KDM1A,0.8119,13,APEX1,False,1.1515,1.2298,0.765,0.9589,0.8119,0.9839
340,APEX1,8.8903,1,APEX1,True,0.9725,1.1654,0.7591,0.9583,1.0804,0.7511
340,TNFRSF10C,6.4137,2,APEX1,False,0.9725,1.1654,0.7591,0.9583,1.0804,0.7511
340,ARID5B,6.4137,2,APEX1,False,0.9725,1.1654,0.7591,0.9583,1.0804,0.7511
340,DHFR,5.831,4,APEX1,False,0.9725,1.1654,0.7591,0.9583,1.0804,0.7511
340,BACE1,5.831,4,APEX1,False,0.9725,1.1654,0.7591,0.9583,1.0804,0.7511
340,SEC23B,5.831,4,APEX1,False,0.9725,1.1654,0.7591,0.9583,1.0804,0.7511
340,PADI4,5.2483,7,APEX1,False,0.9725,1.1654,0.7591,0.9583,1.0804,0.7511
340,HADHB,5.2483,7,APEX1,False,0.9725,1.1654,0.7591,0.9583,1.0804,0.7511
340,RFC4,5.2483,7,APEX1,False,0.9725,1.1654,0.7591,0.9583,1.0804,0.7511
340,SF3B3,5.2483,7,APEX1,False,0.9725,1.1654,0.7591,0.9583,1.0804,0.7511
340,PERP,4.8728,11,APEX1,False,0.9725,1.1654,0.7591,0.9583,1.0804,0.7511
340,PRDX2,2.4394,12,APEX1,False,0.9725,1.1654,0.7591,0.9583,1.0804,0.7511
340,KDM1A,1.0804,13,APEX1,False,0.9725,1.1654,0.7591,0.9583,1.0804,0.7511
341,APEX1,9.961,1,APEX1,True,1.225,0.9501,1.2264,0.9831,0.9012,1.0996
341,TNFRSF10C,6.5252,2,APEX1,False,1.225,0.9501,1.2264,0.9831,0.9012,1.0996
341,ARID5B,6.5252,2,APEX1,False,1.225,0.9501,1.2264,0.9831,0.9012,1.0996
341,DHFR,6.0501,4,APEX1,False,1.225,0.9501,1.2264,0.9831,0.9012,1.0996
341,BACE1,6.0501,4,APEX1,False,1.225,0.9501,1.2264,0.9831,0.9012,1.0996
341,SEC23B,6.0501,4,APEX1,False,1.225,0.9501,1.2264,0.9831,0.9012,1.0996
341,PADI4,5.5751,7,APEX1,False,1.225,0.9501,1.2264,0.9831,0.9012,1.0996
341,HADHB,5.5751,7,APEX1,False,1.225,0.9501,1.2264,0.9831,0.9012,1.0996
341,RFC4,5.5751,7,APEX1,False,1.225,0.9501,1.2264,0.9831,0.9012,1.0996
341,SF3B3,5.5751,7,APEX1,False,1.225,0.9501,1.2264,0.9831,0.9012,1.0996
341,PERP,5.0253,11,APEX1,False,1.225,0.9501,1.2264,0.9831,0.9012,1.0996
341,PRDX2,3.1892,12,APEX1,False,1.225,0.9501,1.2264,0.9831,0.9012,1.0996
341,KDM1A,0.9012,13,APEX1,False,1.225,0.9501,1.2264,0.9831,0.9012,1.0996
342,APEX1,8.7508,1,APEX1,True,1.0864,0.8905,0.9283,0.9636,0.8943,1.064
342,TNFRSF10C,5.9306,2,APEX1,False,1.0864,0.8905,0.9283,0.9636,0.8943,1.064
342,ARID5B,5.9306,2,APEX1,False,1.0864,0.8905,0.9283,0.9636,0.8943,1.064
342,DHFR,5.4854,4,APEX1,False,1.0864,0.8905,0.9283,0.9636,0.8943,1.064
342,BACE1,5.4854,4,APEX1,False,1.0864,0.8905,0.9283,0.9636,0.8943,1.064
342,SEC23B,5.4854,4,APEX1,False,1.0864,0.8905,0.9283,0.9636,0.8943,1.064
342,PADI4,5.0401,7,APEX1,False,1.0864,0.8905,0.9283,0.9636,0.8943,1.064
342,HADHB,5.0401,7,APEX1,False,1.0864,0.8905,0.9283,0.9636,0.8943,1.064
342,RFC4,5.0401,7,APEX1,False,1.0864,0.8905,0.9283,0.9636,0.8943,1.064
342,SF3B3,5.0401,7,APEX1,False,1.0864,0.8905,0.9283,0.9636,0.8943,1.064
342,PERP,4.5082,11,APEX1,False,1.0864,0.8905,0.9283,0.9636,0.8943,1.064
342,PRDX2,2.5803,12,APEX1,False,1.0864,0.8905,0.9283,0.9636,0.8943,1.064
342,KDM1A,0.8943,13,APEX1,False,1.0864,0.8905,0.9283,0.9636,0.8943,1.064
343,APEX1,8.0565,1,APEX1,True,0.9067,0.8574,0.873,1.0183,0.9055,1.0428
343,TNFRSF10C,5.2922,2,APEX1,False,0.9067,0.8574,0.873,1.0183,0.9055,1.0428
343,ARID5B,5.2922,2,APEX1,False,0.9067,0.8574,0.873,1.0183,0.9055,1.0428
343,DHFR,4.8635,4,APEX1,False,0.9067,0.8574,0.873,1.0183,0.9055,1.0428
343,BACE1,4.8635,4,APEX1,False,0.9067,0.8574,0.873,1.0183,0.9055,1.0428
343,SEC23B,4.8635,4,APEX1,False,0.9067,0.8574,0.873,1.0183,0.9055,1.0428
343,PADI4,4.4348,7,APEX1,False,0.9067,0.8574,0.873,1.0183,0.9055,1.0428
343,HADHB,4.4348,7,APEX1,False,0.9067,0.8574,0.873,1.0183,0.9055,1.0428
343,RFC4,4.4348,7,APEX1,False,0.9067,0.8574,0.873,1.0183,0.9055,1.0428
343,SF3B3,4.4348,7,APEX1,False,0.9067,0.8574,0.873,1.0183,0.9055,1.0428
343,PERP,3.9134,11,APEX1,False,0.9067,0.8574,0.873,1.0183,0.9055,1.0428
343,PRDX2,2.0969,12,APEX1,False,0.9067,0.8574,0.873,1.0183,0.9055,1.0428
343,KDM1A,0.9055,13,APEX1,False,0.9067,0.8574,0.873,1.0183,0.9055,1.0428
344,APEX1,8.0496,1,APEX1,True,0.7999,0.9081,0.9548,1.016,0.7844,1.128
344,TNFRSF10C,5.1241,2,APEX1,False,0.7999,0.9081,0.9548,1.016,0.7844,1.128
344,ARID5B,5.1241,2,APEX1,False,0.7999,0.9081,0.9548,1.016,0.7844,1.128
344,DHFR,4.67,4,APEX1,False,0.7999,0.9081,0.9548,1.016,0.7844,1.128
344,BACE1,4.67,4,APEX1,False,0.7999,0.9081,0.9548,1.016,0.7844,1.128
344,SEC23B,4.67,4,APEX1,False,0.7999,0.9081,0.9548,1.016,0.7844,1.128
344,PADI4,4.2159,7,APEX1,False,0.7999,0.9081,0.9548,1.016,0.7844,1.128
344,HADHB,4.2159,7,APEX1,False,0.7999,0.9081,0.9548,1.016,0.7844,1.128
344,RFC4,4.2159,7,APEX1,False,0.7999,0.9081,0.9548,1.016,0.7844,1.128
344,SF3B3,4.2159,7,APEX1,False,0.7999,0.9081,0.9548,1.016,0.7844,1.128
344,PERP,3.6519,11,APEX1,False,0.7999,0.9081,0.9548,1.016,0.7844,1.128
344,PRDX2,1.8265,12,APEX1,False,0.7999,0.9081,0.9548,1.016,0.7844,1.128
344,KDM1A,0.7844,13,APEX1,False,0.7999,0.9081,0.9548,1.016,0.7844,1.128
345,APEX1,9.3499,1,APEX1,True,0.8037,1.2213,1.2192,0.8364,0.8968,1.1754
345,TNFRSF10C,6.0751,2,APEX1,False,0.8037,1.2213,1.2192,0.8364,0.8968,1.1754
345,ARID5B,6.0751,2,APEX1,False,0.8037,1.2213,1.2192,0.8364,0.8968,1.1754
345,DHFR,5.4644,4,APEX1,False,0.8037,1.2213,1.2192,0.8364,0.8968,1.1754
345,BACE1,5.4644,4,APEX1,False,0.8037,1.2213,1.2192,0.8364,0.8968,1.1754
345,SEC23B,5.4644,4,APEX1,False,0.8037,1.2213,1.2192,0.8364,0.8968,1.1754
345,PADI4,4.8537,7,APEX1,False,0.8037,1.2213,1.2192,0.8364,0.8968,1.1754
345,HADHB,4.8537,7,APEX1,False,0.8037,1.2213,1.2192,0.8364,0.8968,1.1754
345,RFC4,4.8537,7,APEX1,False,0.8037,1.2213,1.2192,0.8364,0.8968,1.1754
345,SF3B3,4.8537,7,APEX1,False,0.8037,1.2213,1.2192,0.8364,0.8968,1.1754
345,PERP,4.266,11,APEX1,False,0.8037,1.2213,1.2192,0.8364,0.8968,1.1754
345,PRDX2,2.053,12,APEX1,False,0.8037,1.2213,1.2192,0.8364,0.8968,1.1754
345,KDM1A,0.8968,13,APEX1,False,0.8037,1.2213,1.2192,0.8364,0.8968,1.1754
346,APEX1,9.3843,1,APEX1,True,1.0566,1.1405,0.9382,0.9167,1.2028,0.8678
346,TNFRSF10C,6.5912,2,APEX1,False,1.0566,1.1405,0.9382,0.9167,1.2028,0.8678
346,ARID5B,6.5912,2,APEX1,False,1.0566,1.1405,0.9382,0.9167,1.2028,0.8678
346,DHFR,6.021,4,APEX1,False,1.0566,1.1405,0.9382,0.9167,1.2028,0.8678
346,BACE1,6.021,4,APEX1,False,1.0566,1.1405,0.9382,0.9167,1.2028,0.8678
346,SEC23B,6.021,4,APEX1,False,1.0566,1.1405,0.9382,0.9167,1.2028,0.8678
346,PADI4,5.4508,7,APEX1,False,1.0566,1.1405,0.9382,0.9167,1.2028,0.8678
346,HADHB,5.4508,7,APEX1,False,1.0566,1.1405,0.9382,0.9167,1.2028,0.8678
346,RFC4,5.4508,7,APEX1,False,1.0566,1.1405,0.9382,0.9167,1.2028,0.8678
346,SF3B3,5.4508,7,APEX1,False,1.0566,1.1405,0.9382,0.9167,1.2028,0.8678
346,PERP,5.0169,11,APEX1,False,1.0566,1.1405,0.9382,0.9167,1.2028,0.8678
346,PRDX2,2.712,12,APEX1,False,1.0566,1.1405,0.9382,0.9167,1.2028,0.8678
346,KDM1A,1.2028,13,APEX1,False,1.0566,1.1405,0.9382,0.9167,1.2028,0.8678
347,APEX1,8.9938,1,APEX1,True,0.973,1.1363,0.859,0.9481,0.9492,1.2074
347,TNFRSF10C,6.3278,2,APEX1,False,0.973,1.1363,0.859,0.9481,0.9492,1.2074
347,ARID5B,6.3278,2,APEX1,False,0.973,1.1363,0.859,0.9481,0.9492,1.2074
347,DHFR,5.7597,4,APEX1,False,0.973,1.1363,0.859,0.9481,0.9492,1.2074
347,BACE1,5.7597,4,APEX1,False,0.973,1.1363,0.859,0.9481,0.9492,1.2074
347,SEC23B,5.7597,4,APEX1,False,0.973,1.1363,0.859,0.9481,0.9492,1.2074
347,PADI4,5.1915,7,APEX1,False,0.973,1.1363,0.859,0.9481,0.9492,1.2074
347,HADHB,5.1915,7,APEX1,False,0.973,1.1363,0.859,0.9481,0.9492,1.2074
347,RFC4,5.1915,7,APEX1,False,0.973,1.1363,0.859,0.9481,0.9492,1.2074
347,SF3B3,5.1915,7,APEX1,False,0.973,1.1363,0.859,0.9481,0.9492,1.2074
347,PERP,4.5878,11,APEX1,False,0.973,1.1363,0.859,0.9481,0.9492,1.2074
347,PRDX2,2.0839,12,APEX1,False,0.973,1.1363,0.859,0.9481,0.9492,1.2074
347,KDM1A,0.9492,13,APEX1,False,0.973,1.1363,0.859,0.9481,0.9492,1.2074
348,APEX1,9.1868,1,APEX1,True,1.1475,0.8939,0.97,1.1228,0.9108,1.2469
348,TNFRSF10C,6.1241,2,APEX1,False,1.1475,0.8939,0.97,1.1228,0.9108,1.2469
348,ARID5B,6.1241,2,APEX1,False,1.1475,0.8939,0.97,1.1228,0.9108,1.2469
348,DHFR,5.6771,4,APEX1,False,1.1475,0.8939,0.97,1.1228,0.9108,1.2469
348,BACE1,5.6771,4,APEX1,False,1.1475,0.8939,0.97,1.1228,0.9108,1.2469
348,SEC23B,5.6771,4,APEX1,False,1.1475,0.8939,0.97,1.1228,0.9108,1.2469
348,PADI4,5.2302,7,APEX1,False,1.1475,0.8939,0.97,1.1228,0.9108,1.2469
348,HADHB,5.2302,7,APEX1,False,1.1475,0.8939,0.97,1.1228,0.9108,1.2469
348,RFC4,5.2302,7,APEX1,False,1.1475,0.8939,0.97,1.1228,0.9108,1.2469
348,SF3B3,5.2302,7,APEX1,False,1.1475,0.8939,0.97,1.1228,0.9108,1.2469
348,PERP,4.6067,11,APEX1,False,1.1475,0.8939,0.97,1.1228,0.9108,1.2469
348,PRDX2,2.5917,12,APEX1,False,1.1475,0.8939,0.97,1.1228,0.9108,1.2469
348,KDM1A,0.9108,13,APEX1,False,1.1475,0.8939,0.97,1.1228,0.9108,1.2469
349,APEX1,8.7869,1,APEX1,True,1.2003,0.7884,0.9583,0.9043,0.8536,1.1148
349,TNFRSF10C,5.9659,2,APEX1,False,1.2003,0.7884,0.9583,0.9043,0.8536,1.1148
349,ARID5B,5.9659,2,APEX1,False,1.2003,0.7884,0.9583,0.9043,0.8536,1.1148
349,DHFR,5.5717,4,APEX1,False,1.2003,0.7884,0.9583,0.9043,0.8536,1.1148
349,BACE1,5.5717,4,APEX1,False,1.2003,0.7884,0.9583,0.9043,0.8536,1.1148
349,SEC23B,5.5717,4,APEX1,False,1.2003,0.7884,0.9583,0.9043,0.8536,1.1148
349,PADI4,5.1776,7,APEX1,False,1.2003,0.7884,0.9583,0.9043,0.8536,1.1148
349,HADHB,5.1776,7,APEX1,False,1.2003,0.7884,0.9583,0.9043,0.8536,1.1148
349,RFC4,5.1776,7,APEX1,False,1.2003,0.7884,0.9583,0.9043,0.8536,1.1148
349,SF3B3,5.1776,7,APEX1,False,1.2003,0.7884,0.9583,0.9043,0.8536,1.1148
349,PERP,4.6202,11,APEX1,False,1.2003,0.7884,0.9583,0.9043,0.8536,1.1148
349,PRDX2,2.8442,12,APEX1,False,1.2003,0.7884,0.9583,0.9043,0.8536,1.1148
349,KDM1A,0.8536,13,APEX1,False,1.2003,0.7884,0.9583,0.9043,0.8536,1.1148
350,APEX1,8.984,1,APEX1,True,0.8683,1.1412,0.9885,0.9786,0.78,0.9985
350,TNFRSF10C,6.0283,2,APEX1,False,0.8683,1.1412,0.9885,0.9786,0.78,0.9985
350,ARID5B,6.0283,2,APEX1,False,0.8683,1.1412,0.9885,0.9786,0.78,0.9985
350,DHFR,5.4577,4,APEX1,False,0.8683,1.1412,0.9885,0.9786,0.78,0.9985
350,BACE1,5.4577,4,APEX1,False,0.8683,1.1412,0.9885,0.9786,0.78,0.9985
350,SEC23B,5.4577,4,APEX1,False,0.8683,1.1412,0.9885,0.9786,0.78,0.9985
350,PADI4,4.8872,7,APEX1,False,0.8683,1.1412,0.9885,0.9786,0.78,0.9985
350,HADHB,4.8872,7,APEX1,False,0.8683,1.1412,0.9885,0.9786,0.78,0.9985
350,RFC4,4.8872,7,APEX1,False,0.8683,1.1412,0.9885,0.9786,0.78,0.9985
350,SF3B3,4.8872,7,APEX1,False,0.8683,1.1412,0.9885,0.9786,0.78,0.9985
350,PERP,4.3879,11,APEX1,False,0.8683,1.1412,0.9885,0.9786,0.78,0.9985
350,PRDX2,2.1607,12,APEX1,False,0.8683,1.1412,0.9885,0.9786,0.78,0.9985
350,KDM1A,0.78,13,APEX1,False,0.8683,1.1412,0.9885,0.9786,0.78,0.9985
351,APEX1,10.43,1,APEX1,True,1.2134,1.0662,1.2202,1.151,1.2302,1.1207
351,TNFRSF10C,6.8386,2,APEX1,False,1.2134,1.0662,1.2202,1.151,1.2302,1.1207
351,ARID5B,6.8386,2,APEX1,False,1.2134,1.0662,1.2202,1.151,1.2302,1.1207
351,DHFR,6.3056,4,APEX1,False,1.2134,1.0662,1.2202,1.151,1.2302,1.1207
351,BACE1,6.3056,4,APEX1,False,1.2134,1.0662,1.2202,1.151,1.2302,1.1207
351,SEC23B,6.3056,4,APEX1,False,1.2134,1.0662,1.2202,1.151,1.2302,1.1207
351,PADI4,5.7725,7,APEX1,False,1.2134,1.0662,1.2202,1.151,1.2302,1.1207
351,HADHB,5.7725,7,APEX1,False,1.2134,1.0662,1.2202,1.151,1.2302,1.1207
351,RFC4,5.7725,7,APEX1,False,1.2134,1.0662,1.2202,1.151,1.2302,1.1207
351,SF3B3,5.7725,7,APEX1,False,1.2134,1.0662,1.2202,1.151,1.2302,1.1207
351,PERP,5.2121,11,APEX1,False,1.2134,1.0662,1.2202,1.151,1.2302,1.1207
351,PRDX2,3.133,12,APEX1,False,1.2134,1.0662,1.2202,1.151,1.2302,1.1207
351,KDM1A,1.2302,13,APEX1,False,1.2134,1.0662,1.2202,1.151,1.2302,1.1207
352,APEX1,8.157,1,APEX1,True,0.8064,0.8581,1.1193,0.9251,1.0914,1.085
352,TNFRSF10C,4.9934,2,APEX1,False,0.8064,0.8581,1.1193,0.9251,1.0914,1.085
352,ARID5B,4.9934,2,APEX1,False,0.8064,0.8581,1.1193,0.9251,1.0914,1.085
352,DHFR,4.5643,4,APEX1,False,0.8064,0.8581,1.1193,0.9251,1.0914,1.085
352,BACE1,4.5643,4,APEX1,False,0.8064,0.8581,1.1193,0.9251,1.0914,1.085
352,SEC23B,4.5643,4,APEX1,False,0.8064,0.8581,1.1193,0.9251,1.0914,1.085
352,PADI4,4.1353,7,APEX1,False,0.8064,0.8581,1.1193,0.9251,1.0914,1.085
352,HADHB,4.1353,7,APEX1,False,0.8064,0.8581,1.1193,0.9251,1.0914,1.085
352,RFC4,4.1353,7,APEX1,False,0.8064,0.8581,1.1193,0.9251,1.0914,1.085
352,SF3B3,4.1353,7,APEX1,False,0.8064,0.8581,1.1193,0.9251,1.0914,1.085
352,PERP,3.5928,11,APEX1,False,0.8064,0.8581,1.1193,0.9251,1.0914,1.085
352,PRDX2,2.0502,12,APEX1,False,0.8064,0.8581,1.1193,0.9251,1.0914,1.085
352,KDM1A,1.0914,13,APEX1,False,0.8064,0.8581,1.1193,0.9251,1.0914,1.085
353,APEX1,8.915,1,APEX1,True,1.1868,0.7663,0.9549,1.1458,1.1358,0.7854
353,TNFRSF10C,5.8594,2,APEX1,False,1.1868,0.7663,0.9549,1.1458,1.1358,0.7854
353,ARID5B,5.8594,2,APEX1,False,1.1868,0.7663,0.9549,1.1458,1.1358,0.7854
353,DHFR,5.4763,4,APEX1,False,1.1868,0.7663,0.9549,1.1458,1.1358,0.7854
353,BACE1,5.4763,4,APEX1,False,1.1868,0.7663,0.9549,1.1458,1.1358,0.7854
353,SEC23B,5.4763,4,APEX1,False,1.1868,0.7663,0.9549,1.1458,1.1358,0.7854
353,PADI4,5.0931,7,APEX1,False,1.1868,0.7663,0.9549,1.1458,1.1358,0.7854
353,HADHB,5.0931,7,APEX1,False,1.1868,0.7663,0.9549,1.1458,1.1358,0.7854
353,RFC4,5.0931,7,APEX1,False,1.1868,0.7663,0.9549,1.1458,1.1358,0.7854
353,SF3B3,5.0931,7,APEX1,False,1.1868,0.7663,0.9549,1.1458,1.1358,0.7854
353,PERP,4.7004,11,APEX1,False,1.1868,0.7663,0.9549,1.1458,1.1358,0.7854
353,PRDX2,3.1365,12,APEX1,False,1.1868,0.7663,0.9549,1.1458,1.1358,0.7854
353,KDM1A,1.1358,13,APEX1,False,1.1868,0.7663,0.9549,1.1458,1.1358,0.7854
354,APEX1,9.9003,1,APEX1,True,1.1264,1.1822,1.0969,0.7805,0.9585,0.8997
354,TNFRSF10C,6.926,2,APEX1,False,1.1264,1.1822,1.0969,0.7805,0.9585,0.8997
354,ARID5B,6.926,2,APEX1,False,1.1264,1.1822,1.0969,0.7805,0.9585,0.8997
354,DHFR,6.3349,4,APEX1,False,1.1264,1.1822,1.0969,0.7805,0.9585,0.8997
354,BACE1,6.3349,4,APEX1,False,1.1264,1.1822,1.0969,0.7805,0.9585,0.8997
354,SEC23B,6.3349,4,APEX1,False,1.1264,1.1822,1.0969,0.7805,0.9585,0.8997
354,PADI4,5.7437,7,APEX1,False,1.1264,1.1822,1.0969,0.7805,0.9585,0.8997
354,HADHB,5.7437,7,APEX1,False,1.1264,1.1822,1.0969,0.7805,0.9585,0.8997
354,RFC4,5.7437,7,APEX1,False,1.1264,1.1822,1.0969,0.7805,0.9585,0.8997
354,SF3B3,5.7437,7,APEX1,False,1.1264,1.1822,1.0969,0.7805,0.9585,0.8997
354,PERP,5.2939,11,APEX1,False,1.1264,1.1822,1.0969,0.7805,0.9585,0.8997
354,PRDX2,3.0132,12,APEX1,False,1.1264,1.1822,1.0969,0.7805,0.9585,0.8997
354,KDM1A,0.9585,13,APEX1,False,1.1264,1.1822,1.0969,0.7805,0.9585,0.8997
355,APEX1,9.5069,1,APEX1,True,0.8902,1.1903,1.2381,0.7893,1.004,0.951
355,TNFRSF10C,6.2415,2,APEX1,False,0.8902,1.1903,1.2381,0.7893,1.004,0.951
355,ARID5B,6.2415,2,APEX1,False,0.8902,1.1903,1.2381,0.7893,1.004,0.951
355,DHFR,5.6463,4,APEX1,False,0.8902,1.1903,1.2381,0.7893,1.004,0.951
355,BACE1,5.6463,4,APEX1,False,0.8902,1.1903,1.2381,0.7893,1.004,0.951
355,SEC23B,5.6463,4,APEX1,False,0.8902,1.1903,1.2381,0.7893,1.004,0.951
355,PADI4,5.0512,7,APEX1,False,0.8902,1.1903,1.2381,0.7893,1.004,0.951
355,HADHB,5.0512,7,APEX1,False,0.8902,1.1903,1.2381,0.7893,1.004,0.951
355,RFC4,5.0512,7,APEX1,False,0.8902,1.1903,1.2381,0.7893,1.004,0.951
355,SF3B3,5.0512,7,APEX1,False,0.8902,1.1903,1.2381,0.7893,1.004,0.951
355,PERP,4.5757,11,APEX1,False,0.8902,1.1903,1.2381,0.7893,1.004,0.951
355,PRDX2,2.5125,12,APEX1,False,0.8902,1.1903,1.2381,0.7893,1.004,0.951
355,KDM1A,1.004,13,APEX1,False,0.8902,1.1903,1.2381,0.7893,1.004,0.951
356,APEX1,8.4597,1,APEX1,True,0.9632,1.0017,0.7636,1.0375,0.7509,0.8358
356,TNFRSF10C,5.8949,2,APEX1,False,0.9632,1.0017,0.7636,1.0375,0.7509,0.8358
356,ARID5B,5.8949,2,APEX1,False,0.9632,1.0017,0.7636,1.0375,0.7509,0.8358
356,DHFR,5.394,4,APEX1,False,0.9632,1.0017,0.7636,1.0375,0.7509,0.8358
356,BACE1,5.394,4,APEX1,False,0.9632,1.0017,0.7636,1.0375,0.7509,0.8358
356,SEC23B,5.394,4,APEX1,False,0.9632,1.0017,0.7636,1.0375,0.7509,0.8358
356,PADI4,4.8932,7,APEX1,False,0.9632,1.0017,0.7636,1.0375,0.7509,0.8358
356,HADHB,4.8932,7,APEX1,False,0.9632,1.0017,0.7636,1.0375,0.7509,0.8358
356,RFC4,4.8932,7,APEX1,False,0.9632,1.0017,0.7636,1.0375,0.7509,0.8358
356,SF3B3,4.8932,7,APEX1,False,0.9632,1.0017,0.7636,1.0375,0.7509,0.8358
356,PERP,4.4753,11,APEX1,False,0.9632,1.0017,0.7636,1.0375,0.7509,0.8358
356,PRDX2,2.3359,12,APEX1,False,0.9632,1.0017,0.7636,1.0375,0.7509,0.8358
356,KDM1A,0.7509,13,APEX1,False,0.9632,1.0017,0.7636,1.0375,0.7509,0.8358
357,APEX1,8.1339,1,APEX1,True,0.896,0.9653,0.8055,0.9391,1.1865,0.9982
357,TNFRSF10C,5.5839,2,APEX1,False,0.896,0.9653,0.8055,0.9391,1.1865,0.9982
357,ARID5B,5.5839,2,APEX1,False,0.896,0.9653,0.8055,0.9391,1.1865,0.9982
357,DHFR,5.1012,4,APEX1,False,0.896,0.9653,0.8055,0.9391,1.1865,0.9982
357,BACE1,5.1012,4,APEX1,False,0.896,0.9653,0.8055,0.9391,1.1865,0.9982
357,SEC23B,5.1012,4,APEX1,False,0.896,0.9653,0.8055,0.9391,1.1865,0.9982
357,PADI4,4.6186,7,APEX1,False,0.896,0.9653,0.8055,0.9391,1.1865,0.9982
357,HADHB,4.6186,7,APEX1,False,0.896,0.9653,0.8055,0.9391,1.1865,0.9982
357,RFC4,4.6186,7,APEX1,False,0.896,0.9653,0.8055,0.9391,1.1865,0.9982
357,SF3B3,4.6186,7,APEX1,False,0.896,0.9653,0.8055,0.9391,1.1865,0.9982
357,PERP,4.1195,11,APEX1,False,0.896,0.9653,0.8055,0.9391,1.1865,0.9982
357,PRDX2,2.0473,12,APEX1,False,0.896,0.9653,0.8055,0.9391,1.1865,0.9982
357,KDM1A,1.1865,13,APEX1,False,0.896,0.9653,0.8055,0.9391,1.1865,0.9982
358,APEX1,8.5577,1,APEX1,True,0.8314,1.0567,0.9362,1.0209,1.2191,1.1418
358,TNFRSF10C,5.6644,2,APEX1,False,0.8314,1.0567,0.9362,1.0209,1.2191,1.1418
358,ARID5B,5.6644,2,APEX1,False,0.8314,1.0567,0.9362,1.0209,1.2191,1.1418
358,DHFR,5.1361,4,APEX1,False,0.8314,1.0567,0.9362,1.0209,1.2191,1.1418
358,BACE1,5.1361,4,APEX1,False,0.8314,1.0567,0.9362,1.0209,1.2191,1.1418
358,SEC23B,5.1361,4,APEX1,False,0.8314,1.0567,0.9362,1.0209,1.2191,1.1418
358,PADI4,4.6077,7,APEX1,False,0.8314,1.0567,0.9362,1.0209,1.2191,1.1418
358,HADHB,4.6077,7,APEX1,False,0.8314,1.0567,0.9362,1.0209,1.2191,1.1418
358,RFC4,4.6077,7,APEX1,False,0.8314,1.0567,0.9362,1.0209,1.2191,1.1418
358,SF3B3,4.6077,7,APEX1,False,0.8314,1.0567,0.9362,1.0209,1.2191,1.1418
358,PERP,4.0368,11,APEX1,False,0.8314,1.0567,0.9362,1.0209,1.2191,1.1418
358,PRDX2,1.8728,12,APEX1,False,0.8314,1.0567,0.9362,1.0209,1.2191,1.1418
358,KDM1A,1.2191,13,APEX1,False,0.8314,1.0567,0.9362,1.0209,1.2191,1.1418
359,APEX1,9.9566,1,APEX1,True,1.1025,1.1901,1.0389,1.0009,1.2481,0.9243
359,TNFRSF10C,6.8779,2,APEX1,False,1.1025,1.1901,1.0389,1.0009,1.2481,0.9243
359,ARID5B,6.8779,2,APEX1,False,1.1025,1.1901,1.0389,1.0009,1.2481,0.9243
359,DHFR,6.2829,4,APEX1,False,1.1025,1.1901,1.0389,1.0009,1.2481,0.9243
359,BACE1,6.2829,4,APEX1,False,1.1025,1.1901,1.0389,1.0009,1.2481,0.9243
359,SEC23B,6.2829,4,APEX1,False,1.1025,1.1901,1.0389,1.0009,1.2481,0.9243
359,PADI4,5.6878,7,APEX1,False,1.1025,1.1901,1.0389,1.0009,1.2481,0.9243
359,HADHB,5.6878,7,APEX1,False,1.1025,1.1901,1.0389,1.0009,1.2481,0.9243
359,RFC4,5.6878,7,APEX1,False,1.1025,1.1901,1.0389,1.0009,1.2481,0.9243
359,SF3B3,5.6878,7,APEX1,False,1.1025,1.1901,1.0389,1.0009,1.2481,0.9243
359,PERP,5.2257,11,APEX1,False,1.1025,1.1901,1.0389,1.0009,1.2481,0.9243
359,PRDX2,2.871,12,APEX1,False,1.1025,1.1901,1.0389,1.0009,1.2481,0.9243
359,KDM1A,1.2481,13,APEX1,False,1.1025,1.1901,1.0389,1.0009,1.2481,0.9243
360,APEX1,9.6551,1,APEX1,True,1.1157,1.1183,0.855,1.2432,0.9658,1.089
360,TNFRSF10C,6.7019,2,APEX1,False,1.1157,1.1183,0.855,1.2432,0.9658,1.089
360,ARID5B,6.7019,2,APEX1,False,1.1157,1.1183,0.855,1.2432,0.9658,1.089
360,DHFR,6.1428,4,APEX1,False,1.1157,1.1183,0.855,1.2432,0.9658,1.089
360,BACE1,6.1428,4,APEX1,False,1.1157,1.1183,0.855,1.2432,0.9658,1.089
360,SEC23B,6.1428,4,APEX1,False,1.1157,1.1183,0.855,1.2432,0.9658,1.089
360,PADI4,5.5836,7,APEX1,False,1.1157,1.1183,0.855,1.2432,0.9658,1.089
360,HADHB,5.5836,7,APEX1,False,1.1157,1.1183,0.855,1.2432,0.9658,1.089
360,RFC4,5.5836,7,APEX1,False,1.1157,1.1183,0.855,1.2432,0.9658,1.089
360,SF3B3,5.5836,7,APEX1,False,1.1157,1.1183,0.855,1.2432,0.9658,1.089
360,PERP,5.0391,11,APEX1,False,1.1157,1.1183,0.855,1.2432,0.9658,1.089
360,PRDX2,2.5552,12,APEX1,False,1.1157,1.1183,0.855,1.2432,0.9658,1.089
360,KDM1A,0.9658,13,APEX1,False,1.1157,1.1183,0.855,1.2432,0.9658,1.089
361,APEX1,10.0032,1,APEX1,True,1.0102,1.2333,1.1132,1.0464,1.0612,1.0335
361,TNFRSF10C,6.7304,2,APEX1,False,1.0102,1.2333,1.1132,1.0464,1.0612,1.0335
361,ARID5B,6.7304,2,APEX1,False,1.0102,1.2333,1.1132,1.0464,1.0612,1.0335
361,DHFR,6.1138,4,APEX1,False,1.0102,1.2333,1.1132,1.0464,1.0612,1.0335
361,BACE1,6.1138,4,APEX1,False,1.0102,1.2333,1.1132,1.0464,1.0612,1.0335
361,SEC23B,6.1138,4,APEX1,False,1.0102,1.2333,1.1132,1.0464,1.0612,1.0335
361,PADI4,5.4971,7,APEX1,False,1.0102,1.2333,1.1132,1.0464,1.0612,1.0335
361,HADHB,5.4971,7,APEX1,False,1.0102,1.2333,1.1132,1.0464,1.0612,1.0335
361,RFC4,5.4971,7,APEX1,False,1.0102,1.2333,1.1132,1.0464,1.0612,1.0335
361,SF3B3,5.4971,7,APEX1,False,1.0102,1.2333,1.1132,1.0464,1.0612,1.0335
361,PERP,4.9804,11,APEX1,False,1.0102,1.2333,1.1132,1.0464,1.0612,1.0335
361,PRDX2,2.6052,12,APEX1,False,1.0102,1.2333,1.1132,1.0464,1.0612,1.0335
361,KDM1A,1.0612,13,APEX1,False,1.0102,1.2333,1.1132,1.0464,1.0612,1.0335
362,APEX1,9.0766,1,APEX1,True,1.028,1.2223,0.7863,0.7531,1.1152,0.7769
362,TNFRSF10C,6.7509,2,APEX1,False,1.028,1.2223,0.7863,0.7531,1.1152,0.7769
362,ARID5B,6.7509,2,APEX1,False,1.028,1.2223,0.7863,0.7531,1.1152,0.7769
362,DHFR,6.1397,4,APEX1,False,1.028,1.2223,0.7863,0.7531,1.1152,0.7769
362,BACE1,6.1397,4,APEX1,False,1.028,1.2223,0.7863,0.7531,1.1152,0.7769
362,SEC23B,6.1397,4,APEX1,False,1.028,1.2223,0.7863,0.7531,1.1152,0.7769
362,PADI4,5.5286,7,APEX1,False,1.028,1.2223,0.7863,0.7531,1.1152,0.7769
362,HADHB,5.5286,7,APEX1,False,1.028,1.2223,0.7863,0.7531,1.1152,0.7769
362,RFC4,5.5286,7,APEX1,False,1.028,1.2223,0.7863,0.7531,1.1152,0.7769
362,SF3B3,5.5286,7,APEX1,False,1.028,1.2223,0.7863,0.7531,1.1152,0.7769
362,PERP,5.1401,11,APEX1,False,1.028,1.2223,0.7863,0.7531,1.1152,0.7769
362,PRDX2,2.5794,12,APEX1,False,1.028,1.2223,0.7863,0.7531,1.1152,0.7769
362,KDM1A,1.1152,13,APEX1,False,1.028,1.2223,0.7863,0.7531,1.1152,0.7769
363,APEX1,7.9905,1,APEX1,True,0.8436,0.9806,0.8158,0.8864,0.7721,1.1607
363,TNFRSF10C,5.4725,2,APEX1,False,0.8436,0.9806,0.8158,0.8864,0.7721,1.1607
363,ARID5B,5.4725,2,APEX1,False,0.8436,0.9806,0.8158,0.8864,0.7721,1.1607
363,DHFR,4.9822,4,APEX1,False,0.8436,0.9806,0.8158,0.8864,0.7721,1.1607
363,BACE1,4.9822,4,APEX1,False,0.8436,0.9806,0.8158,0.8864,0.7721,1.1607
363,SEC23B,4.9822,4,APEX1,False,0.8436,0.9806,0.8158,0.8864,0.7721,1.1607
363,PADI4,4.4919,7,APEX1,False,0.8436,0.9806,0.8158,0.8864,0.7721,1.1607
363,HADHB,4.4919,7,APEX1,False,0.8436,0.9806,0.8158,0.8864,0.7721,1.1607
363,RFC4,4.4919,7,APEX1,False,0.8436,0.9806,0.8158,0.8864,0.7721,1.1607
363,SF3B3,4.4919,7,APEX1,False,0.8436,0.9806,0.8158,0.8864,0.7721,1.1607
363,PERP,3.9116,11,APEX1,False,0.8436,0.9806,0.8158,0.8864,0.7721,1.1607
363,PRDX2,1.764,12,APEX1,False,0.8436,0.9806,0.8158,0.8864,0.7721,1.1607
363,KDM1A,0.7721,13,APEX1,False,0.8436,0.9806,0.8158,0.8864,0.7721,1.1607
364,APEX1,8.1394,1,APEX1,True,1.0189,0.8282,0.7699,1.0581,1.2306,0.9562
364,TNFRSF10C,5.5415,2,APEX1,False,1.0189,0.8282,0.7699,1.0581,1.2306,0.9562
364,ARID5B,5.5415,2,APEX1,False,1.0189,0.8282,0.7699,1.0581,1.2306,0.9562
364,DHFR,5.1274,4,APEX1,False,1.0189,0.8282,0.7699,1.0581,1.2306,0.9562
364,BACE1,5.1274,4,APEX1,False,1.0189,0.8282,0.7699,1.0581,1.2306,0.9562
364,SEC23B,5.1274,4,APEX1,False,1.0189,0.8282,0.7699,1.0581,1.2306,0.9562
364,PADI4,4.7133,7,APEX1,False,1.0189,0.8282,0.7699,1.0581,1.2306,0.9562
364,HADHB,4.7133,7,APEX1,False,1.0189,0.8282,0.7699,1.0581,1.2306,0.9562
364,RFC4,4.7133,7,APEX1,False,1.0189,0.8282,0.7699,1.0581,1.2306,0.9562
364,SF3B3,4.7133,7,APEX1,False,1.0189,0.8282,0.7699,1.0581,1.2306,0.9562
364,PERP,4.2352,11,APEX1,False,1.0189,0.8282,0.7699,1.0581,1.2306,0.9562
364,PRDX2,2.361,12,APEX1,False,1.0189,0.8282,0.7699,1.0581,1.2306,0.9562
364,KDM1A,1.2306,13,APEX1,False,1.0189,0.8282,0.7699,1.0581,1.2306,0.9562
365,APEX1,8.5366,1,APEX1,True,0.7797,1.0245,1.0546,1.0148,1.245,1.1895
365,TNFRSF10C,5.4126,2,APEX1,False,0.7797,1.0245,1.0546,1.0148,1.245,1.1895
365,ARID5B,5.4126,2,APEX1,False,0.7797,1.0245,1.0546,1.0148,1.245,1.1895
365,DHFR,4.9003,4,APEX1,False,0.7797,1.0245,1.0546,1.0148,1.245,1.1895
365,BACE1,4.9003,4,APEX1,False,0.7797,1.0245,1.0546,1.0148,1.245,1.1895
365,SEC23B,4.9003,4,APEX1,False,0.7797,1.0245,1.0546,1.0148,1.245,1.1895
365,PADI4,4.3881,7,APEX1,False,0.7797,1.0245,1.0546,1.0148,1.245,1.1895
365,HADHB,4.3881,7,APEX1,False,0.7797,1.0245,1.0546,1.0148,1.245,1.1895
365,RFC4,4.3881,7,APEX1,False,0.7797,1.0245,1.0546,1.0148,1.245,1.1895
365,SF3B3,4.3881,7,APEX1,False,0.7797,1.0245,1.0546,1.0148,1.245,1.1895
365,PERP,3.7933,11,APEX1,False,0.7797,1.0245,1.0546,1.0148,1.245,1.1895
365,PRDX2,1.8142,12,APEX1,False,0.7797,1.0245,1.0546,1.0148,1.245,1.1895
365,KDM1A,1.245,13,APEX1,False,0.7797,1.0245,1.0546,1.0148,1.245,1.1895
366,APEX1,9.0128,1,APEX1,True,0.9813,1.1086,0.7588,1.2254,0.832,1.1142
366,TNFRSF10C,6.2698,2,APEX1,False,0.9813,1.1086,0.7588,1.2254,0.832,1.1142
366,ARID5B,6.2698,2,APEX1,False,0.9813,1.1086,0.7588,1.2254,0.832,1.1142
366,DHFR,5.7155,4,APEX1,False,0.9813,1.1086,0.7588,1.2254,0.832,1.1142
366,BACE1,5.7155,4,APEX1,False,0.9813,1.1086,0.7588,1.2254,0.832,1.1142
366,SEC23B,5.7155,4,APEX1,False,0.9813,1.1086,0.7588,1.2254,0.832,1.1142
366,PADI4,5.1612,7,APEX1,False,0.9813,1.1086,0.7588,1.2254,0.832,1.1142
366,HADHB,5.1612,7,APEX1,False,0.9813,1.1086,0.7588,1.2254,0.832,1.1142
366,RFC4,5.1612,7,APEX1,False,0.9813,1.1086,0.7588,1.2254,0.832,1.1142
366,SF3B3,5.1612,7,APEX1,False,0.9813,1.1086,0.7588,1.2254,0.832,1.1142
366,PERP,4.6041,11,APEX1,False,0.9813,1.1086,0.7588,1.2254,0.832,1.1142
366,PRDX2,2.098,12,APEX1,False,0.9813,1.1086,0.7588,1.2254,0.832,1.1142
366,KDM1A,0.832,13,APEX1,False,0.9813,1.1086,0.7588,1.2254,0.832,1.1142
367,APEX1,8.9143,1,APEX1,True,0.8999,1.11,0.948,0.9887,0.9153,1.1509
367,TNFRSF10C,6.0295,2,APEX1,False,0.8999,1.11,0.948,0.9887,0.9153,1.1509
367,ARID5B,6.0295,2,APEX1,False,0.8999,1.11,0.948,0.9887,0.9153,1.1509
367,DHFR,5.4746,4,APEX1,False,0.8999,1.11,0.948,0.9887,0.9153,1.1509
367,BACE1,5.4746,4,APEX1,False,0.8999,1.11,0.948,0.9887,0.9153,1.1509
367,SEC23B,5.4746,4,APEX1,False,0.8999,1.11,0.948,0.9887,0.9153,1.1509
367,PADI4,4.9196,7,APEX1,False,0.8999,1.11,0.948,0.9887,0.9153,1.1509
367,HADHB,4.9196,7,APEX1,False,0.8999,1.11,0.948,0.9887,0.9153,1.1509
367,RFC4,4.9196,7,APEX1,False,0.8999,1.11,0.948,0.9887,0.9153,1.1509
367,SF3B3,4.9196,7,APEX1,False,0.8999,1.11,0.948,0.9887,0.9153,1.1509
367,PERP,4.3441,11,APEX1,False,0.8999,1.11,0.948,0.9887,0.9153,1.1509
367,PRDX2,2.0468,12,APEX1,False,0.8999,1.11,0.948,0.9887,0.9153,1.1509
367,KDM1A,0.9153,13,APEX1,False,0.8999,1.11,0.948,0.9887,0.9153,1.1509
368,APEX1,9.1686,1,APEX1,True,1.0417,1.0083,0.9435,1.1317,1.1651,1.2065
368,TNFRSF10C,6.1498,2,APEX1,False,1.0417,1.0083,0.9435,1.1317,1.1651,1.2065
368,ARID5B,6.1498,2,APEX1,False,1.0417,1.0083,0.9435,1.1317,1.1651,1.2065
368,DHFR,5.6457,4,APEX1,False,1.0417,1.0083,0.9435,1.1317,1.1651,1.2065
368,BACE1,5.6457,4,APEX1,False,1.0417,1.0083,0.9435,1.1317,1.1651,1.2065
368,SEC23B,5.6457,4,APEX1,False,1.0417,1.0083,0.9435,1.1317,1.1651,1.2065
368,PADI4,5.1416,7,APEX1,False,1.0417,1.0083,0.9435,1.1317,1.1651,1.2065
368,HADHB,5.1416,7,APEX1,False,1.0417,1.0083,0.9435,1.1317,1.1651,1.2065
368,RFC4,5.1416,7,APEX1,False,1.0417,1.0083,0.9435,1.1317,1.1651,1.2065
368,SF3B3,5.1416,7,APEX1,False,1.0417,1.0083,0.9435,1.1317,1.1651,1.2065
368,PERP,4.5383,11,APEX1,False,1.0417,1.0083,0.9435,1.1317,1.1651,1.2065
368,PRDX2,2.3411,12,APEX1,False,1.0417,1.0083,0.9435,1.1317,1.1651,1.2065
368,KDM1A,1.1651,13,APEX1,False,1.0417,1.0083,0.9435,1.1317,1.1651,1.2065
369,APEX1,8.9051,1,APEX1,True,0.87,0.9721,1.1714,1.0359,0.7556,1.182
369,TNFRSF10C,5.5263,2,APEX1,False,0.87,0.9721,1.1714,1.0359,0.7556,1.182
369,ARID5B,5.5263,2,APEX1,False,0.87,0.9721,1.1714,1.0359,0.7556,1.182
369,DHFR,5.0403,4,APEX1,False,0.87,0.9721,1.1714,1.0359,0.7556,1.182
369,BACE1,5.0403,4,APEX1,False,0.87,0.9721,1.1714,1.0359,0.7556,1.182
369,SEC23B,5.0403,4,APEX1,False,0.87,0.9721,1.1714,1.0359,0.7556,1.182
369,PADI4,4.5542,7,APEX1,False,0.87,0.9721,1.1714,1.0359,0.7556,1.182
369,HADHB,4.5542,7,APEX1,False,0.87,0.9721,1.1714,1.0359,0.7556,1.182
369,RFC4,4.5542,7,APEX1,False,0.87,0.9721,1.1714,1.0359,0.7556,1.182
369,SF3B3,4.5542,7,APEX1,False,0.87,0.9721,1.1714,1.0359,0.7556,1.182
369,PERP,3.9632,11,APEX1,False,0.87,0.9721,1.1714,1.0359,0.7556,1.182
369,PRDX2,2.1644,12,APEX1,False,0.87,0.9721,1.1714,1.0359,0.7556,1.182
369,KDM1A,0.7556,13,APEX1,False,0.87,0.9721,1.1714,1.0359,0.7556,1.182
370,APEX1,9.2998,1,APEX1,True,0.9836,1.0924,1.0565,0.9587,0.9647,1.0494
370,TNFRSF10C,6.2281,2,APEX1,False,0.9836,1.0924,1.0565,0.9587,0.9647,1.0494
370,ARID5B,6.2281,2,APEX1,False,0.9836,1.0924,1.0565,0.9587,0.9647,1.0494
370,DHFR,5.6819,4,APEX1,False,0.9836,1.0924,1.0565,0.9587,0.9647,1.0494
370,BACE1,5.6819,4,APEX1,False,0.9836,1.0924,1.0565,0.9587,0.9647,1.0494
370,SEC23B,5.6819,4,APEX1,False,0.9836,1.0924,1.0565,0.9587,0.9647,1.0494
370,PADI4,5.1357,7,APEX1,False,0.9836,1.0924,1.0565,0.9587,0.9647,1.0494
370,HADHB,5.1357,7,APEX1,False,0.9836,1.0924,1.0565,0.9587,0.9647,1.0494
370,RFC4,5.1357,7,APEX1,False,0.9836,1.0924,1.0565,0.9587,0.9647,1.0494
370,SF3B3,5.1357,7,APEX1,False,0.9836,1.0924,1.0565,0.9587,0.9647,1.0494
370,PERP,4.6109,11,APEX1,False,0.9836,1.0924,1.0565,0.9587,0.9647,1.0494
370,PRDX2,2.4662,12,APEX1,False,0.9836,1.0924,1.0565,0.9587,0.9647,1.0494
370,KDM1A,0.9647,13,APEX1,False,0.9836,1.0924,1.0565,0.9587,0.9647,1.0494
371,APEX1,7.9537,1,APEX1,True,0.9214,0.8193,0.8739,0.9838,0.8616,0.8567
371,TNFRSF10C,5.2221,2,APEX1,False,0.9214,0.8193,0.8739,0.9838,0.8616,0.8567
371,ARID5B,5.2221,2,APEX1,False,0.9214,0.8193,0.8739,0.9838,0.8616,0.8567
371,DHFR,4.8124,4,APEX1,False,0.9214,0.8193,0.8739,0.9838,0.8616,0.8567
371,BACE1,4.8124,4,APEX1,False,0.9214,0.8193,0.8739,0.9838,0.8616,0.8567
371,SEC23B,4.8124,4,APEX1,False,0.9214,0.8193,0.8739,0.9838,0.8616,0.8567
371,PADI4,4.4028,7,APEX1,False,0.9214,0.8193,0.8739,0.9838,0.8616,0.8567
371,HADHB,4.4028,7,APEX1,False,0.9214,0.8193,0.8739,0.9838,0.8616,0.8567
371,RFC4,4.4028,7,APEX1,False,0.9214,0.8193,0.8739,0.9838,0.8616,0.8567
371,SF3B3,4.4028,7,APEX1,False,0.9214,0.8193,0.8739,0.9838,0.8616,0.8567
371,PERP,3.9744,11,APEX1,False,0.9214,0.8193,0.8739,0.9838,0.8616,0.8567
371,PRDX2,2.3207,12,APEX1,False,0.9214,0.8193,0.8739,0.9838,0.8616,0.8567
371,KDM1A,0.8616,13,APEX1,False,0.9214,0.8193,0.8739,0.9838,0.8616,0.8567
372,APEX1,10.034,1,APEX1,True,1.1225,1.1936,1.0038,1.0781,1.0423,0.9248
372,TNFRSF10C,6.9483,2,APEX1,False,1.1225,1.1936,1.0038,1.0781,1.0423,0.9248
372,ARID5B,6.9483,2,APEX1,False,1.1225,1.1936,1.0038,1.0781,1.0423,0.9248
372,DHFR,6.3515,4,APEX1,False,1.1225,1.1936,1.0038,1.0781,1.0423,0.9248
372,BACE1,6.3515,4,APEX1,False,1.1225,1.1936,1.0038,1.0781,1.0423,0.9248
372,SEC23B,6.3515,4,APEX1,False,1.1225,1.1936,1.0038,1.0781,1.0423,0.9248
372,PADI4,5.7547,7,APEX1,False,1.1225,1.1936,1.0038,1.0781,1.0423,0.9248
372,HADHB,5.7547,7,APEX1,False,1.1225,1.1936,1.0038,1.0781,1.0423,0.9248
372,RFC4,5.7547,7,APEX1,False,1.1225,1.1936,1.0038,1.0781,1.0423,0.9248
372,SF3B3,5.7547,7,APEX1,False,1.1225,1.1936,1.0038,1.0781,1.0423,0.9248
372,PERP,5.2924,11,APEX1,False,1.1225,1.1936,1.0038,1.0781,1.0423,0.9248
372,PRDX2,2.8853,12,APEX1,False,1.1225,1.1936,1.0038,1.0781,1.0423,0.9248
372,KDM1A,1.0423,13,APEX1,False,1.1225,1.1936,1.0038,1.0781,1.0423,0.9248
373,APEX1,9.6445,1,APEX1,True,1.2147,0.9192,1.1369,0.9687,1.0988,0.9471
373,TNFRSF10C,6.402,2,APEX1,False,1.2147,0.9192,1.1369,0.9687,1.0988,0.9471
373,ARID5B,6.402,2,APEX1,False,1.2147,0.9192,1.1369,0.9687,1.0988,0.9471
373,DHFR,5.9424,4,APEX1,False,1.2147,0.9192,1.1369,0.9687,1.0988,0.9471
373,BACE1,5.9424,4,APEX1,False,1.2147,0.9192,1.1369,0.9687,1.0988,0.9471
373,SEC23B,5.9424,4,APEX1,False,1.2147,0.9192,1.1369,0.9687,1.0988,0.9471
373,PADI4,5.4827,7,APEX1,False,1.2147,0.9192,1.1369,0.9687,1.0988,0.9471
373,HADHB,5.4827,7,APEX1,False,1.2147,0.9192,1.1369,0.9687,1.0988,0.9471
373,RFC4,5.4827,7,APEX1,False,1.2147,0.9192,1.1369,0.9687,1.0988,0.9471
373,SF3B3,5.4827,7,APEX1,False,1.2147,0.9192,1.1369,0.9687,1.0988,0.9471
373,PERP,5.0092,11,APEX1,False,1.2147,0.9192,1.1369,0.9687,1.0988,0.9471
373,PRDX2,3.2267,12,APEX1,False,1.2147,0.9192,1.1369,0.9687,1.0988,0.9471
373,KDM1A,1.0988,13,APEX1,False,1.2147,0.9192,1.1369,0.9687,1.0988,0.9471
374,APEX1,9.0759,1,APEX1,True,1.1521,0.7515,1.1695,1.0259,1.1242,0.8734
374,TNFRSF10C,5.711,2,APEX1,False,1.1521,0.7515,1.1695,1.0259,1.1242,0.8734
374,ARID5B,5.711,2,APEX1,False,1.1521,0.7515,1.1695,1.0259,1.1242,0.8734
374,DHFR,5.3352,4,APEX1,False,1.1521,0.7515,1.1695,1.0259,1.1242,0.8734
374,BACE1,5.3352,4,APEX1,False,1.1521,0.7515,1.1695,1.0259,1.1242,0.8734
374,SEC23B,5.3352,4,APEX1,False,1.1521,0.7515,1.1695,1.0259,1.1242,0.8734
374,PADI4,4.9595,7,APEX1,False,1.1521,0.7515,1.1695,1.0259,1.1242,0.8734
374,HADHB,4.9595,7,APEX1,False,1.1521,0.7515,1.1695,1.0259,1.1242,0.8734
374,RFC4,4.9595,7,APEX1,False,1.1521,0.7515,1.1695,1.0259,1.1242,0.8734
374,SF3B3,4.9595,7,APEX1,False,1.1521,0.7515,1.1695,1.0259,1.1242,0.8734
374,PERP,4.5228,11,APEX1,False,1.1521,0.7515,1.1695,1.0259,1.1242,0.8734
374,PRDX2,3.1765,12,APEX1,False,1.1521,0.7515,1.1695,1.0259,1.1242,0.8734
374,KDM1A,1.1242,13,APEX1,False,1.1521,0.7515,1.1695,1.0259,1.1242,0.8734
375,APEX1,8.6511,1,APEX1,True,0.9009,1.0891,0.7953,1.0906,1.1161,1.2116
375,TNFRSF10C,5.9698,2,APEX1,False,0.9009,1.0891,0.7953,1.0906,1.1161,1.2116
375,ARID5B,5.9698,2,APEX1,False,0.9009,1.0891,0.7953,1.0906,1.1161,1.2116
375,DHFR,5.4253,4,APEX1,False,0.9009,1.0891,0.7953,1.0906,1.1161,1.2116
375,BACE1,5.4253,4,APEX1,False,0.9009,1.0891,0.7953,1.0906,1.1161,1.2116
375,SEC23B,5.4253,4,APEX1,False,0.9009,1.0891,0.7953,1.0906,1.1161,1.2116
375,PADI4,4.8808,7,APEX1,False,0.9009,1.0891,0.7953,1.0906,1.1161,1.2116
375,HADHB,4.8808,7,APEX1,False,0.9009,1.0891,0.7953,1.0906,1.1161,1.2116
375,RFC4,4.8808,7,APEX1,False,0.9009,1.0891,0.7953,1.0906,1.1161,1.2116
375,SF3B3,4.8808,7,APEX1,False,0.9009,1.0891,0.7953,1.0906,1.1161,1.2116
375,PERP,4.275,11,APEX1,False,0.9009,1.0891,0.7953,1.0906,1.1161,1.2116
375,PRDX2,1.8359,12,APEX1,False,0.9009,1.0891,0.7953,1.0906,1.1161,1.2116
375,KDM1A,1.1161,13,APEX1,False,0.9009,1.0891,0.7953,1.0906,1.1161,1.2116
376,APEX1,9.5159,1,APEX1,True,0.9653,1.1067,1.0349,1.2302,0.7575,1.2395
376,TNFRSF10C,6.2159,2,APEX1,False,0.9653,1.1067,1.0349,1.2302,0.7575,1.2395
376,ARID5B,6.2159,2,APEX1,False,0.9653,1.1067,1.0349,1.2302,0.7575,1.2395
376,DHFR,5.6625,4,APEX1,False,0.9653,1.1067,1.0349,1.2302,0.7575,1.2395
376,BACE1,5.6625,4,APEX1,False,0.9653,1.1067,1.0349,1.2302,0.7575,1.2395
376,SEC23B,5.6625,4,APEX1,False,0.9653,1.1067,1.0349,1.2302,0.7575,1.2395
376,PADI4,5.1092,7,APEX1,False,0.9653,1.1067,1.0349,1.2302,0.7575,1.2395
376,HADHB,5.1092,7,APEX1,False,0.9653,1.1067,1.0349,1.2302,0.7575,1.2395
376,RFC4,5.1092,7,APEX1,False,0.9653,1.1067,1.0349,1.2302,0.7575,1.2395
376,SF3B3,5.1092,7,APEX1,False,0.9653,1.1067,1.0349,1.2302,0.7575,1.2395
376,PERP,4.4894,11,APEX1,False,0.9653,1.1067,1.0349,1.2302,0.7575,1.2395
376,PRDX2,2.2086,12,APEX1,False,0.9653,1.1067,1.0349,1.2302,0.7575,1.2395
376,KDM1A,0.7575,13,APEX1,False,0.9653,1.1067,1.0349,1.2302,0.7575,1.2395
377,APEX1,8.796,1,APEX1,True,1.0249,0.9776,1.007,0.7745,0.9359,1.2234
377,TNFRSF10C,6.0075,2,APEX1,False,1.0249,0.9776,1.007,0.7745,0.9359,1.2234
377,ARID5B,6.0075,2,APEX1,False,1.0249,0.9776,1.007,0.7745,0.9359,1.2234
377,DHFR,5.5187,4,APEX1,False,1.0249,0.9776,1.007,0.7745,0.9359,1.2234
377,BACE1,5.5187,4,APEX1,False,1.0249,0.9776,1.007,0.7745,0.9359,1.2234
377,SEC23B,5.5187,4,APEX1,False,1.0249,0.9776,1.007,0.7745,0.9359,1.2234
377,PADI4,5.0299,7,APEX1,False,1.0249,0.9776,1.007,0.7745,0.9359,1.2234
377,HADHB,5.0299,7,APEX1,False,1.0249,0.9776,1.007,0.7745,0.9359,1.2234
377,RFC4,5.0299,7,APEX1,False,1.0249,0.9776,1.007,0.7745,0.9359,1.2234
377,SF3B3,5.0299,7,APEX1,False,1.0249,0.9776,1.007,0.7745,0.9359,1.2234
377,PERP,4.4182,11,APEX1,False,1.0249,0.9776,1.007,0.7745,0.9359,1.2234
377,PRDX2,2.3457,12,APEX1,False,1.0249,0.9776,1.007,0.7745,0.9359,1.2234
377,KDM1A,0.9359,13,APEX1,False,1.0249,0.9776,1.007,0.7745,0.9359,1.2234
378,APEX1,9.8405,1,APEX1,True,1.1299,1.2479,0.9335,0.8402,0.9505,1.0193
378,TNFRSF10C,7.1333,2,APEX1,False,1.1299,1.2479,0.9335,0.8402,0.9505,1.0193
378,ARID5B,7.1333,2,APEX1,False,1.1299,1.2479,0.9335,0.8402,0.9505,1.0193
378,DHFR,6.5094,4,APEX1,False,1.1299,1.2479,0.9335,0.8402,0.9505,1.0193
378,BACE1,6.5094,4,APEX1,False,1.1299,1.2479,0.9335,0.8402,0.9505,1.0193
378,SEC23B,6.5094,4,APEX1,False,1.1299,1.2479,0.9335,0.8402,0.9505,1.0193
378,PADI4,5.8854,7,APEX1,False,1.1299,1.2479,0.9335,0.8402,0.9505,1.0193
378,HADHB,5.8854,7,APEX1,False,1.1299,1.2479,0.9335,0.8402,0.9505,1.0193
378,RFC4,5.8854,7,APEX1,False,1.1299,1.2479,0.9335,0.8402,0.9505,1.0193
378,SF3B3,5.8854,7,APEX1,False,1.1299,1.2479,0.9335,0.8402,0.9505,1.0193
378,PERP,5.3758,11,APEX1,False,1.1299,1.2479,0.9335,0.8402,0.9505,1.0193
378,PRDX2,2.7389,12,APEX1,False,1.1299,1.2479,0.9335,0.8402,0.9505,1.0193
378,KDM1A,0.9505,13,APEX1,False,1.1299,1.2479,0.9335,0.8402,0.9505,1.0193
379,APEX1,8.653,1,APEX1,True,0.8827,0.9877,1.0689,0.9039,0.8234,0.9277
379,TNFRSF10C,5.6113,2,APEX1,False,0.8827,0.9877,1.0689,0.9039,0.8234,0.9277
379,ARID5B,5.6113,2,APEX1,False,0.8827,0.9877,1.0689,0.9039,0.8234,0.9277
379,DHFR,5.1174,4,APEX1,False,0.8827,0.9877,1.0689,0.9039,0.8234,0.9277
379,BACE1,5.1174,4,APEX1,False,0.8827,0.9877,1.0689,0.9039,0.8234,0.9277
379,SEC23B,5.1174,4,APEX1,False,0.8827,0.9877,1.0689,0.9039,0.8234,0.9277
379,PADI4,4.6236,7,APEX1,False,0.8827,0.9877,1.0689,0.9039,0.8234,0.9277
379,HADHB,4.6236,7,APEX1,False,0.8827,0.9877,1.0689,0.9039,0.8234,0.9277
379,RFC4,4.6236,7,APEX1,False,0.8827,0.9877,1.0689,0.9039,0.8234,0.9277
379,SF3B3,4.6236,7,APEX1,False,0.8827,0.9877,1.0689,0.9039,0.8234,0.9277
379,PERP,4.1598,11,APEX1,False,0.8827,0.9877,1.0689,0.9039,0.8234,0.9277
379,PRDX2,2.3481,12,APEX1,False,0.8827,0.9877,1.0689,0.9039,0.8234,0.9277
379,KDM1A,0.8234,13,APEX1,False,0.8827,0.9877,1.0689,0.9039,0.8234,0.9277
380,APEX1,9.2804,1,APEX1,True,1.0618,1.147,0.9045,0.8452,1.1361,1.159
380,TNFRSF10C,6.6262,2,APEX1,False,1.0618,1.147,0.9045,0.8452,1.1361,1.159
380,ARID5B,6.6262,2,APEX1,False,1.0618,1.147,0.9045,0.8452,1.1361,1.159
380,DHFR,6.0527,4,APEX1,False,1.0618,1.147,0.9045,0.8452,1.1361,1.159
380,BACE1,6.0527,4,APEX1,False,1.0618,1.147,0.9045,0.8452,1.1361,1.159
380,SEC23B,6.0527,4,APEX1,False,1.0618,1.147,0.9045,0.8452,1.1361,1.159
380,PADI4,5.4792,7,APEX1,False,1.0618,1.147,0.9045,0.8452,1.1361,1.159
380,HADHB,5.4792,7,APEX1,False,1.0618,1.147,0.9045,0.8452,1.1361,1.159
380,RFC4,5.4792,7,APEX1,False,1.0618,1.147,0.9045,0.8452,1.1361,1.159
380,SF3B3,5.4792,7,APEX1,False,1.0618,1.147,0.9045,0.8452,1.1361,1.159
380,PERP,4.8997,11,APEX1,False,1.0618,1.147,0.9045,0.8452,1.1361,1.159
380,PRDX2,2.3998,12,APEX1,False,1.0618,1.147,0.9045,0.8452,1.1361,1.159
380,KDM1A,1.1361,13,APEX1,False,1.0618,1.147,0.9045,0.8452,1.1361,1.159
381,APEX1,8.8719,1,APEX1,True,0.781,0.9881,1.248,1.0687,1.204,0.7819
381,TNFRSF10C,5.3073,2,APEX1,False,0.781,0.9881,1.248,1.0687,1.204,0.7819
381,ARID5B,5.3073,2,APEX1,False,0.781,0.9881,1.248,1.0687,1.204,0.7819
381,DHFR,4.8132,4,APEX1,False,0.781,0.9881,1.248,1.0687,1.204,0.7819
381,BACE1,4.8132,4,APEX1,False,0.781,0.9881,1.248,1.0687,1.204,0.7819
381,SEC23B,4.8132,4,APEX1,False,0.781,0.9881,1.248,1.0687,1.204,0.7819
381,PADI4,4.3192,7,APEX1,False,0.781,0.9881,1.248,1.0687,1.204,0.7819
381,HADHB,4.3192,7,APEX1,False,0.781,0.9881,1.248,1.0687,1.204,0.7819
381,RFC4,4.3192,7,APEX1,False,0.781,0.9881,1.248,1.0687,1.204,0.7819
381,SF3B3,4.3192,7,APEX1,False,0.781,0.9881,1.248,1.0687,1.204,0.7819
381,PERP,3.9282,11,APEX1,False,0.781,0.9881,1.248,1.0687,1.204,0.7819
381,PRDX2,2.4185,12,APEX1,False,0.781,0.9881,1.248,1.0687,1.204,0.7819
381,KDM1A,1.204,13,APEX1,False,0.781,0.9881,1.248,1.0687,1.204,0.7819
382,APEX1,8.5827,1,APEX1,True,1.0278,1.0122,0.7968,0.8691,1.0895,1.0182
382,TNFRSF10C,6.1199,2,APEX1,False,1.0278,1.0122,0.7968,0.8691,1.0895,1.0182
382,ARID5B,6.1199,2,APEX1,False,1.0278,1.0122,0.7968,0.8691,1.0895,1.0182
382,DHFR,5.6138,4,APEX1,False,1.0278,1.0122,0.7968,0.8691,1.0895,1.0182
382,BACE1,5.6138,4,APEX1,False,1.0278,1.0122,0.7968,0.8691,1.0895,1.0182
382,SEC23B,5.6138,4,APEX1,False,1.0278,1.0122,0.7968,0.8691,1.0895,1.0182
382,PADI4,5.1077,7,APEX1,False,1.0278,1.0122,0.7968,0.8691,1.0895,1.0182
382,HADHB,5.1077,7,APEX1,False,1.0278,1.0122,0.7968,0.8691,1.0895,1.0182
382,RFC4,5.1077,7,APEX1,False,1.0278,1.0122,0.7968,0.8691,1.0895,1.0182
382,SF3B3,5.1077,7,APEX1,False,1.0278,1.0122,0.7968,0.8691,1.0895,1.0182
382,PERP,4.5986,11,APEX1,False,1.0278,1.0122,0.7968,0.8691,1.0895,1.0182
382,PRDX2,2.3481,12,APEX1,False,1.0278,1.0122,0.7968,0.8691,1.0895,1.0182
382,KDM1A,1.0895,13,APEX1,False,1.0278,1.0122,0.7968,0.8691,1.0895,1.0182
383,APEX1,9.1622,1,APEX1,True,0.871,1.1902,1.0787,0.8212,0.915,1.1544
383,TNFRSF10C,6.1836,2,APEX1,False,0.871,1.1902,1.0787,0.8212,0.915,1.1544
383,ARID5B,6.1836,2,APEX1,False,0.871,1.1902,1.0787,0.8212,0.915,1.1544
383,DHFR,5.5885,4,APEX1,False,0.871,1.1902,1.0787,0.8212,0.915,1.1544
383,BACE1,5.5885,4,APEX1,False,0.871,1.1902,1.0787,0.8212,0.915,1.1544
383,SEC23B,5.5885,4,APEX1,False,0.871,1.1902,1.0787,0.8212,0.915,1.1544
383,PADI4,4.9935,7,APEX1,False,0.871,1.1902,1.0787,0.8212,0.915,1.1544
383,HADHB,4.9935,7,APEX1,False,0.871,1.1902,1.0787,0.8212,0.915,1.1544
383,RFC4,4.9935,7,APEX1,False,0.871,1.1902,1.0787,0.8212,0.915,1.1544
383,SF3B3,4.9935,7,APEX1,False,0.871,1.1902,1.0787,0.8212,0.915,1.1544
383,PERP,4.4163,11,APEX1,False,0.871,1.1902,1.0787,0.8212,0.915,1.1544
383,PRDX2,2.1018,12,APEX1,False,0.871,1.1902,1.0787,0.8212,0.915,1.1544
383,KDM1A,0.915,13,APEX1,False,0.871,1.1902,1.0787,0.8212,0.915,1.1544
384,APEX1,8.0658,1,APEX1,True,0.7633,0.9348,1.0467,0.878,0.9203,1.2115
384,TNFRSF10C,5.0943,2,APEX1,False,0.7633,0.9348,1.0467,0.878,0.9203,1.2115
384,ARID5B,5.0943,2,APEX1,False,0.7633,0.9348,1.0467,0.878,0.9203,1.2115
384,DHFR,4.6269,4,APEX1,False,0.7633,0.9348,1.0467,0.878,0.9203,1.2115
384,BACE1,4.6269,4,APEX1,False,0.7633,0.9348,1.0467,0.878,0.9203,1.2115
384,SEC23B,4.6269,4,APEX1,False,0.7633,0.9348,1.0467,0.878,0.9203,1.2115
384,PADI4,4.1595,7,APEX1,False,0.7633,0.9348,1.0467,0.878,0.9203,1.2115
384,HADHB,4.1595,7,APEX1,False,0.7633,0.9348,1.0467,0.878,0.9203,1.2115
384,RFC4,4.1595,7,APEX1,False,0.7633,0.9348,1.0467,0.878,0.9203,1.2115
384,SF3B3,4.1595,7,APEX1,False,0.7633,0.9348,1.0467,0.878,0.9203,1.2115
384,PERP,3.5538,11,APEX1,False,0.7633,0.9348,1.0467,0.878,0.9203,1.2115
384,PRDX2,1.7435,12,APEX1,False,0.7633,0.9348,1.0467,0.878,0.9203,1.2115
384,KDM1A,0.9203,13,APEX1,False,0.7633,0.9348,1.0467,0.878,0.9203,1.2115
385,APEX1,9.0118,1,APEX1,True,0.9393,1.063,1.0467,0.9112,0.9989,0.7669
385,TNFRSF10C,6.0071,2,APEX1,False,0.9393,1.063,1.0467,0.9112,0.9989,0.7669
385,ARID5B,6.0071,2,APEX1,False,0.9393,1.063,1.0467,0.9112,0.9989,0.7669
385,DHFR,5.4756,4,APEX1,False,0.9393,1.063,1.0467,0.9112,0.9989,0.7669
385,BACE1,5.4756,4,APEX1,False,0.9393,1.063,1.0467,0.9112,0.9989,0.7669
385,SEC23B,5.4756,4,APEX1,False,0.9393,1.063,1.0467,0.9112,0.9989,0.7669
385,PADI4,4.9441,7,APEX1,False,0.9393,1.063,1.0467,0.9112,0.9989,0.7669
385,HADHB,4.9441,7,APEX1,False,0.9393,1.063,1.0467,0.9112,0.9989,0.7669
385,RFC4,4.9441,7,APEX1,False,0.9393,1.063,1.0467,0.9112,0.9989,0.7669
385,SF3B3,4.9441,7,APEX1,False,0.9393,1.063,1.0467,0.9112,0.9989,0.7669
385,PERP,4.5606,11,APEX1,False,0.9393,1.063,1.0467,0.9112,0.9989,0.7669
385,PRDX2,2.6282,12,APEX1,False,0.9393,1.063,1.0467,0.9112,0.9989,0.7669
385,KDM1A,0.9989,13,APEX1,False,0.9393,1.063,1.0467,0.9112,0.9989,0.7669
386,APEX1,9.5609,1,APEX1,True,1.1412,0.9401,1.1317,1.0536,0.9712,1.2446
386,TNFRSF10C,6.2439,2,APEX1,False,1.1412,0.9401,1.1317,1.0536,0.9712,1.2446
386,ARID5B,6.2439,2,APEX1,False,1.1412,0.9401,1.1317,1.0536,0.9712,1.2446
386,DHFR,5.7739,4,APEX1,False,1.1412,0.9401,1.1317,1.0536,0.9712,1.2446
386,BACE1,5.7739,4,APEX1,False,1.1412,0.9401,1.1317,1.0536,0.9712,1.2446
386,SEC23B,5.7739,4,APEX1,False,1.1412,0.9401,1.1317,1.0536,0.9712,1.2446
386,PADI4,5.3038,7,APEX1,False,1.1412,0.9401,1.1317,1.0536,0.9712,1.2446
386,HADHB,5.3038,7,APEX1,False,1.1412,0.9401,1.1317,1.0536,0.9712,1.2446
386,RFC4,5.3038,7,APEX1,False,1.1412,0.9401,1.1317,1.0536,0.9712,1.2446
386,SF3B3,5.3038,7,APEX1,False,1.1412,0.9401,1.1317,1.0536,0.9712,1.2446
386,PERP,4.6815,11,APEX1,False,1.1412,0.9401,1.1317,1.0536,0.9712,1.2446
386,PRDX2,2.74,12,APEX1,False,1.1412,0.9401,1.1317,1.0536,0.9712,1.2446
386,KDM1A,0.9712,13,APEX1,False,1.1412,0.9401,1.1317,1.0536,0.9712,1.2446
387,APEX1,9.0832,1,APEX1,True,1.1597,1.0109,0.8114,0.9484,1.0992,1.0278
387,TNFRSF10C,6.5119,2,APEX1,False,1.1597,1.0109,0.8114,0.9484,1.0992,1.0278
387,ARID5B,6.5119,2,APEX1,False,1.1597,1.0109,0.8114,0.9484,1.0992,1.0278
387,DHFR,6.0065,4,APEX1,False,1.1597,1.0109,0.8114,0.9484,1.0992,1.0278
387,BACE1,6.0065,4,APEX1,False,1.1597,1.0109,0.8114,0.9484,1.0992,1.0278
387,SEC23B,6.0065,4,APEX1,False,1.1597,1.0109,0.8114,0.9484,1.0992,1.0278
387,PADI4,5.501,7,APEX1,False,1.1597,1.0109,0.8114,0.9484,1.0992,1.0278
387,HADHB,5.501,7,APEX1,False,1.1597,1.0109,0.8114,0.9484,1.0992,1.0278
387,RFC4,5.501,7,APEX1,False,1.1597,1.0109,0.8114,0.9484,1.0992,1.0278
387,SF3B3,5.501,7,APEX1,False,1.1597,1.0109,0.8114,0.9484,1.0992,1.0278
387,PERP,4.9871,11,APEX1,False,1.1597,1.0109,0.8114,0.9484,1.0992,1.0278
387,PRDX2,2.6829,12,APEX1,False,1.1597,1.0109,0.8114,0.9484,1.0992,1.0278
387,KDM1A,1.0992,13,APEX1,False,1.1597,1.0109,0.8114,0.9484,1.0992,1.0278
388,APEX1,8.7224,1,APEX1,True,0.7799,0.9852,1.1988,1.0295,0.7919,0.8155
388,TNFRSF10C,5.2952,2,APEX1,False,0.7799,0.9852,1.1988,1.0295,0.7919,0.8155
388,ARID5B,5.2952,2,APEX1,False,0.7799,0.9852,1.1988,1.0295,0.7919,0.8155
388,DHFR,4.8026,4,APEX1,False,0.7799,0.9852,1.1988,1.0295,0.7919,0.8155
388,BACE1,4.8026,4,APEX1,False,0.7799,0.9852,1.1988,1.0295,0.7919,0.8155
388,SEC23B,4.8026,4,APEX1,False,0.7799,0.9852,1.1988,1.0295,0.7919,0.8155
388,PADI4,4.31,7,APEX1,False,0.7799,0.9852,1.1988,1.0295,0.7919,0.8155
388,HADHB,4.31,7,APEX1,False,0.7799,0.9852,1.1988,1.0295,0.7919,0.8155
388,RFC4,4.31,7,APEX1,False,0.7799,0.9852,1.1988,1.0295,0.7919,0.8155
388,SF3B3,4.31,7,APEX1,False,0.7799,0.9852,1.1988,1.0295,0.7919,0.8155
388,PERP,3.9023,11,APEX1,False,0.7799,0.9852,1.1988,1.0295,0.7919,0.8155
388,PRDX2,2.333,12,APEX1,False,0.7799,0.9852,1.1988,1.0295,0.7919,0.8155
388,KDM1A,0.7919,13,APEX1,False,0.7799,0.9852,1.1988,1.0295,0.7919,0.8155
389,APEX1,9.7055,1,APEX1,True,1.1009,1.1068,1.0982,0.8859,0.9971,1.0571
389,TNFRSF10C,6.6231,2,APEX1,False,1.1009,1.1068,1.0982,0.8859,0.9971,1.0571
389,ARID5B,6.6231,2,APEX1,False,1.1009,1.1068,1.0982,0.8859,0.9971,1.0571
389,DHFR,6.0697,4,APEX1,False,1.1009,1.1068,1.0982,0.8859,0.9971,1.0571
389,BACE1,6.0697,4,APEX1,False,1.1009,1.1068,1.0982,0.8859,0.9971,1.0571
389,SEC23B,6.0697,4,APEX1,False,1.1009,1.1068,1.0982,0.8859,0.9971,1.0571
389,PADI4,5.5163,7,APEX1,False,1.1009,1.1068,1.0982,0.8859,0.9971,1.0571
389,HADHB,5.5163,7,APEX1,False,1.1009,1.1068,1.0982,0.8859,0.9971,1.0571
389,RFC4,5.5163,7,APEX1,False,1.1009,1.1068,1.0982,0.8859,0.9971,1.0571
389,SF3B3,5.5163,7,APEX1,False,1.1009,1.1068,1.0982,0.8859,0.9971,1.0571
389,PERP,4.9878,11,APEX1,False,1.1009,1.1068,1.0982,0.8859,0.9971,1.0571
389,PRDX2,2.7935,12,APEX1,False,1.1009,1.1068,1.0982,0.8859,0.9971,1.0571
389,KDM1A,0.9971,13,APEX1,False,1.1009,1.1068,1.0982,0.8859,0.9971,1.0571
390,APEX1,8.6297,1,APEX1,True,1.0147,0.909,1.0305,0.7978,1.2207,0.906
390,TNFRSF10C,5.7709,2,APEX1,False,1.0147,0.909,1.0305,0.7978,1.2207,0.906
390,ARID5B,5.7709,2,APEX1,False,1.0147,0.909,1.0305,0.7978,1.2207,0.906
390,DHFR,5.3164,4,APEX1,False,1.0147,0.909,1.0305,0.7978,1.2207,0.906
390,BACE1,5.3164,4,APEX1,False,1.0147,0.909,1.0305,0.7978,1.2207,0.906
390,SEC23B,5.3164,4,APEX1,False,1.0147,0.909,1.0305,0.7978,1.2207,0.906
390,PADI4,4.8619,7,APEX1,False,1.0147,0.909,1.0305,0.7978,1.2207,0.906
390,HADHB,4.8619,7,APEX1,False,1.0147,0.909,1.0305,0.7978,1.2207,0.906
390,RFC4,4.8619,7,APEX1,False,1.0147,0.909,1.0305,0.7978,1.2207,0.906
390,SF3B3,4.8619,7,APEX1,False,1.0147,0.909,1.0305,0.7978,1.2207,0.906
390,PERP,4.409,11,APEX1,False,1.0147,0.909,1.0305,0.7978,1.2207,0.906
390,PRDX2,2.6612,12,APEX1,False,1.0147,0.909,1.0305,0.7978,1.2207,0.906
390,KDM1A,1.2207,13,APEX1,False,1.0147,0.909,1.0305,0.7978,1.2207,0.906
391,APEX1,7.8448,1,APEX1,True,0.973,0.7838,0.8767,0.8212,0.9338,1.1087
391,TNFRSF10C,5.2703,2,APEX1,False,0.973,0.7838,0.8767,0.8212,0.9338,1.1087
391,ARID5B,5.2703,2,APEX1,False,0.973,0.7838,0.8767,0.8212,0.9338,1.1087
391,DHFR,4.8784,4,APEX1,False,0.973,0.7838,0.8767,0.8212,0.9338,1.1087
391,BACE1,4.8784,4,APEX1,False,0.973,0.7838,0.8767,0.8212,0.9338,1.1087
391,SEC23B,4.8784,4,APEX1,False,0.973,0.7838,0.8767,0.8212,0.9338,1.1087
391,PADI4,4.4865,7,APEX1,False,0.973,0.7838,0.8767,0.8212,0.9338,1.1087
391,HADHB,4.4865,7,APEX1,False,0.973,0.7838,0.8767,0.8212,0.9338,1.1087
391,RFC4,4.4865,7,APEX1,False,0.973,0.7838,0.8767,0.8212,0.9338,1.1087
391,SF3B3,4.4865,7,APEX1,False,0.973,0.7838,0.8767,0.8212,0.9338,1.1087
391,PERP,3.9322,11,APEX1,False,0.973,0.7838,0.8767,0.8212,0.9338,1.1087
391,PRDX2,2.2004,12,APEX1,False,0.973,0.7838,0.8767,0.8212,0.9338,1.1087
391,KDM1A,0.9338,13,APEX1,False,0.973,0.7838,0.8767,0.8212,0.9338,1.1087
392,APEX1,9.9085,1,APEX1,True,1.094,1.0821,1.0697,1.2409,1.2392,0.8424
392,TNFRSF10C,6.5283,2,APEX1,False,1.094,1.0821,1.0697,1.2409,1.2392,0.8424
392,ARID5B,6.5283,2,APEX1,False,1.094,1.0821,1.0697,1.2409,1.2392,0.8424
392,DHFR,5.9872,4,APEX1,False,1.094,1.0821,1.0697,1.2409,1.2392,0.8424
392,BACE1,5.9872,4,APEX1,False,1.094,1.0821,1.0697,1.2409,1.2392,0.8424
392,SEC23B,5.9872,4,APEX1,False,1.094,1.0821,1.0697,1.2409,1.2392,0.8424
392,PADI4,5.4462,7,APEX1,False,1.094,1.0821,1.0697,1.2409,1.2392,0.8424
392,HADHB,5.4462,7,APEX1,False,1.094,1.0821,1.0697,1.2409,1.2392,0.8424
392,RFC4,5.4462,7,APEX1,False,1.094,1.0821,1.0697,1.2409,1.2392,0.8424
392,SF3B3,5.4462,7,APEX1,False,1.094,1.0821,1.0697,1.2409,1.2392,0.8424
392,PERP,5.025,11,APEX1,False,1.094,1.0821,1.0697,1.2409,1.2392,0.8424
392,PRDX2,2.9623,12,APEX1,False,1.094,1.0821,1.0697,1.2409,1.2392,0.8424
392,KDM1A,1.2392,13,APEX1,False,1.094,1.0821,1.0697,1.2409,1.2392,0.8424
393,APEX1,7.9621,1,APEX1,True,0.7821,0.8808,1.0712,0.8311,0.7992,1.0349
393,TNFRSF10C,4.9886,2,APEX1,False,0.7821,0.8808,1.0712,0.8311,0.7992,1.0349
393,ARID5B,4.9886,2,APEX1,False,0.7821,0.8808,1.0712,0.8311,0.7992,1.0349
393,DHFR,4.5482,4,APEX1,False,0.7821,0.8808,1.0712,0.8311,0.7992,1.0349
393,BACE1,4.5482,4,APEX1,False,0.7821,0.8808,1.0712,0.8311,0.7992,1.0349
393,SEC23B,4.5482,4,APEX1,False,0.7821,0.8808,1.0712,0.8311,0.7992,1.0349
393,PADI4,4.1078,7,APEX1,False,0.7821,0.8808,1.0712,0.8311,0.7992,1.0349
393,HADHB,4.1078,7,APEX1,False,0.7821,0.8808,1.0712,0.8311,0.7992,1.0349
393,RFC4,4.1078,7,APEX1,False,0.7821,0.8808,1.0712,0.8311,0.7992,1.0349
393,SF3B3,4.1078,7,APEX1,False,0.7821,0.8808,1.0712,0.8311,0.7992,1.0349
393,PERP,3.5903,11,APEX1,False,0.7821,0.8808,1.0712,0.8311,0.7992,1.0349
393,PRDX2,1.9915,12,APEX1,False,0.7821,0.8808,1.0712,0.8311,0.7992,1.0349
393,KDM1A,0.7992,13,APEX1,False,0.7821,0.8808,1.0712,0.8311,0.7992,1.0349
394,APEX1,8.2281,1,APEX1,True,0.8666,0.7579,1.1234,1.108,0.9385,0.8126
394,TNFRSF10C,4.8733,2,APEX1,False,0.8666,0.7579,1.1234,1.108,0.9385,0.8126
394,ARID5B,4.8733,2,APEX1,False,0.8666,0.7579,1.1234,1.108,0.9385,0.8126
394,DHFR,4.4944,4,APEX1,False,0.8666,0.7579,1.1234,1.108,0.9385,0.8126
394,BACE1,4.4944,4,APEX1,False,0.8666,0.7579,1.1234,1.108,0.9385,0.8126
394,SEC23B,4.4944,4,APEX1,False,0.8666,0.7579,1.1234,1.108,0.9385,0.8126
394,PADI4,4.1155,7,APEX1,False,0.8666,0.7579,1.1234,1.108,0.9385,0.8126
394,HADHB,4.1155,7,APEX1,False,0.8666,0.7579,1.1234,1.108,0.9385,0.8126
394,RFC4,4.1155,7,APEX1,False,0.8666,0.7579,1.1234,1.108,0.9385,0.8126
394,SF3B3,4.1155,7,APEX1,False,0.8666,0.7579,1.1234,1.108,0.9385,0.8126
394,PERP,3.7091,11,APEX1,False,0.8666,0.7579,1.1234,1.108,0.9385,0.8126
394,PRDX2,2.4772,12,APEX1,False,0.8666,0.7579,1.1234,1.108,0.9385,0.8126
394,KDM1A,0.9385,13,APEX1,False,0.8666,0.7579,1.1234,1.108,0.9385,0.8126
395,APEX1,7.6519,1,APEX1,True,0.8074,0.755,0.962,1.0406,0.8699,1.1354
395,TNFRSF10C,4.6872,2,APEX1,False,0.8074,0.755,0.962,1.0406,0.8699,1.1354
395,ARID5B,4.6872,2,APEX1,False,0.8074,0.755,0.962,1.0406,0.8699,1.1354
395,DHFR,4.3097,4,APEX1,False,0.8074,0.755,0.962,1.0406,0.8699,1.1354
395,BACE1,4.3097,4,APEX1,False,0.8074,0.755,0.962,1.0406,0.8699,1.1354
395,SEC23B,4.3097,4,APEX1,False,0.8074,0.755,0.962,1.0406,0.8699,1.1354
395,PADI4,3.9322,7,APEX1,False,0.8074,0.755,0.962,1.0406,0.8699,1.1354
395,HADHB,3.9322,7,APEX1,False,0.8074,0.755,0.962,1.0406,0.8699,1.1354
395,RFC4,3.9322,7,APEX1,False,0.8074,0.755,0.962,1.0406,0.8699,1.1354
395,SF3B3,3.9322,7,APEX1,False,0.8074,0.755,0.962,1.0406,0.8699,1.1354
395,PERP,3.3645,11,APEX1,False,0.8074,0.755,0.962,1.0406,0.8699,1.1354
395,PRDX2,1.8451,12,APEX1,False,0.8074,0.755,0.962,1.0406,0.8699,1.1354
395,KDM1A,0.8699,13,APEX1,False,0.8074,0.755,0.962,1.0406,0.8699,1.1354
396,APEX1,7.9233,1,APEX1,True,0.8391,0.7752,0.9729,1.1347,1.0782,1.0339
396,TNFRSF10C,4.8427,2,APEX1,False,0.8391,0.7752,0.9729,1.1347,1.0782,1.0339
396,ARID5B,4.8427,2,APEX1,False,0.8391,0.7752,0.9729,1.1347,1.0782,1.0339
396,DHFR,4.4551,4,APEX1,False,0.8391,0.7752,0.9729,1.1347,1.0782,1.0339
396,BACE1,4.4551,4,APEX1,False,0.8391,0.7752,0.9729,1.1347,1.0782,1.0339
396,SEC23B,4.4551,4,APEX1,False,0.8391,0.7752,0.9729,1.1347,1.0782,1.0339
396,PADI4,4.0675,7,APEX1,False,0.8391,0.7752,0.9729,1.1347,1.0782,1.0339
396,HADHB,4.0675,7,APEX1,False,0.8391,0.7752,0.9729,1.1347,1.0782,1.0339
396,RFC4,4.0675,7,APEX1,False,0.8391,0.7752,0.9729,1.1347,1.0782,1.0339
396,SF3B3,4.0675,7,APEX1,False,0.8391,0.7752,0.9729,1.1347,1.0782,1.0339
396,PERP,3.5506,11,APEX1,False,0.8391,0.7752,0.9729,1.1347,1.0782,1.0339
396,PRDX2,2.0367,12,APEX1,False,0.8391,0.7752,0.9729,1.1347,1.0782,1.0339
396,KDM1A,1.0782,13,APEX1,False,0.8391,0.7752,0.9729,1.1347,1.0782,1.0339
397,APEX1,9.14,1,APEX1,True,1.2465,0.8898,0.7984,1.1343,1.0882,1.1805
397,TNFRSF10C,6.4089,2,APEX1,False,1.2465,0.8898,0.7984,1.1343,1.0882,1.1805
397,ARID5B,6.4089,2,APEX1,False,1.2465,0.8898,0.7984,1.1343,1.0882,1.1805
397,DHFR,5.964,4,APEX1,False,1.2465,0.8898,0.7984,1.1343,1.0882,1.1805
397,BACE1,5.964,4,APEX1,False,1.2465,0.8898,0.7984,1.1343,1.0882,1.1805
397,SEC23B,5.964,4,APEX1,False,1.2465,0.8898,0.7984,1.1343,1.0882,1.1805
397,PADI4,5.5191,7,APEX1,False,1.2465,0.8898,0.7984,1.1343,1.0882,1.1805
397,HADHB,5.5191,7,APEX1,False,1.2465,0.8898,0.7984,1.1343,1.0882,1.1805
397,RFC4,5.5191,7,APEX1,False,1.2465,0.8898,0.7984,1.1343,1.0882,1.1805
397,SF3B3,5.5191,7,APEX1,False,1.2465,0.8898,0.7984,1.1343,1.0882,1.1805
397,PERP,4.9289,11,APEX1,False,1.2465,0.8898,0.7984,1.1343,1.0882,1.1805
397,PRDX2,2.7341,12,APEX1,False,1.2465,0.8898,0.7984,1.1343,1.0882,1.1805
397,KDM1A,1.0882,13,APEX1,False,1.2465,0.8898,0.7984,1.1343,1.0882,1.1805
398,APEX1,8.7327,1,APEX1,True,0.9432,0.9649,1.0748,0.8586,0.7774,0.85
398,TNFRSF10C,5.7245,2,APEX1,False,0.9432,0.9649,1.0748,0.8586,0.7774,0.85
398,ARID5B,5.7245,2,APEX1,False,0.9432,0.9649,1.0748,0.8586,0.7774,0.85
398,DHFR,5.242,4,APEX1,False,0.9432,0.9649,1.0748,0.8586,0.7774,0.85
398,BACE1,5.242,4,APEX1,False,0.9432,0.9649,1.0748,0.8586,0.7774,0.85
398,SEC23B,5.242,4,APEX1,False,0.9432,0.9649,1.0748,0.8586,0.7774,0.85
398,PADI4,4.7596,7,APEX1,False,0.9432,0.9649,1.0748,0.8586,0.7774,0.85
398,HADHB,4.7596,7,APEX1,False,0.9432,0.9649,1.0748,0.8586,0.7774,0.85
398,RFC4,4.7596,7,APEX1,False,0.9432,0.9649,1.0748,0.8586,0.7774,0.85
398,SF3B3,4.7596,7,APEX1,False,0.9432,0.9649,1.0748,0.8586,0.7774,0.85
398,PERP,4.3346,11,APEX1,False,0.9432,0.9649,1.0748,0.8586,0.7774,0.85
398,PRDX2,2.5829,12,APEX1,False,0.9432,0.9649,1.0748,0.8586,0.7774,0.85
398,KDM1A,0.7774,13,APEX1,False,0.9432,0.9649,1.0748,0.8586,0.7774,0.85
399,APEX1,9.4194,1,APEX1,True,1.139,1.2047,0.7625,0.8633,0.8816,1.2107
399,TNFRSF10C,7.0312,2,APEX1,False,1.139,1.2047,0.7625,0.8633,0.8816,1.2107
399,ARID5B,7.0312,2,APEX1,False,1.139,1.2047,0.7625,0.8633,0.8816,1.2107
399,DHFR,6.4288,4,APEX1,False,1.139,1.2047,0.7625,0.8633,0.8816,1.2107
399,BACE1,6.4288,4,APEX1,False,1.139,1.2047,0.7625,0.8633,0.8816,1.2107
399,SEC23B,6.4288,4,APEX1,False,1.139,1.2047,0.7625,0.8633,0.8816,1.2107
399,PADI4,5.8265,7,APEX1,False,1.139,1.2047,0.7625,0.8633,0.8816,1.2107
399,HADHB,5.8265,7,APEX1,False,1.139,1.2047,0.7625,0.8633,0.8816,1.2107
399,RFC4,5.8265,7,APEX1,False,1.139,1.2047,0.7625,0.8633,0.8816,1.2107
399,SF3B3,5.8265,7,APEX1,False,1.139,1.2047,0.7625,0.8633,0.8816,1.2107
399,PERP,5.2211,11,APEX1,False,1.139,1.2047,0.7625,0.8633,0.8816,1.2107
399,PRDX2,2.3993,12,APEX1,False,1.139,1.2047,0.7625,0.8633,0.8816,1.2107
399,KDM1A,0.8816,13,APEX1,False,1.139,1.2047,0.7625,0.8633,0.8816,1.2107
400,APEX1,8.0327,1,APEX1,True,0.8474,0.7603,1.0744,1.0609,1.2199,1.0684
400,TNFRSF10C,4.823,2,APEX1,False,0.8474,0.7603,1.0744,1.0609,1.2199,1.0684
400,ARID5B,4.823,2,APEX1,False,0.8474,0.7603,1.0744,1.0609,1.2199,1.0684
400,DHFR,4.4429,4,APEX1,False,0.8474,0.7603,1.0744,1.0609,1.2199,1.0684
400,BACE1,4.4429,4,APEX1,False,0.8474,0.7603,1.0744,1.0609,1.2199,1.0684
400,SEC23B,4.4429,4,APEX1,False,0.8474,0.7603,1.0744,1.0609,1.2199,1.0684
400,PADI4,4.0627,7,APEX1,False,0.8474,0.7603,1.0744,1.0609,1.2199,1.0684
400,HADHB,4.0627,7,APEX1,False,0.8474,0.7603,1.0744,1.0609,1.2199,1.0684
400,RFC4,4.0627,7,APEX1,False,0.8474,0.7603,1.0744,1.0609,1.2199,1.0684
400,SF3B3,4.0627,7,APEX1,False,0.8474,0.7603,1.0744,1.0609,1.2199,1.0684
400,PERP,3.5285,11,APEX1,False,0.8474,0.7603,1.0744,1.0609,1.2199,1.0684
400,PRDX2,2.1244,12,APEX1,False,0.8474,0.7603,1.0744,1.0609,1.2199,1.0684
400,KDM1A,1.2199,13,APEX1,False,0.8474,0.7603,1.0744,1.0609,1.2199,1.0684
401,APEX1,8.3741,1,APEX1,True,0.9262,0.9533,0.8473,1.041,0.9143,1.0965
401,TNFRSF10C,5.6385,2,APEX1,False,0.9262,0.9533,0.8473,1.041,0.9143,1.0965
401,ARID5B,5.6385,2,APEX1,False,0.9262,0.9533,0.8473,1.041,0.9143,1.0965
401,DHFR,5.1618,4,APEX1,False,0.9262,0.9533,0.8473,1.041,0.9143,1.0965
401,BACE1,5.1618,4,APEX1,False,0.9262,0.9533,0.8473,1.041,0.9143,1.0965
401,SEC23B,5.1618,4,APEX1,False,0.9262,0.9533,0.8473,1.041,0.9143,1.0965
401,PADI4,4.6852,7,APEX1,False,0.9262,0.9533,0.8473,1.041,0.9143,1.0965
401,HADHB,4.6852,7,APEX1,False,0.9262,0.9533,0.8473,1.041,0.9143,1.0965
401,RFC4,4.6852,7,APEX1,False,0.9262,0.9533,0.8473,1.041,0.9143,1.0965
401,SF3B3,4.6852,7,APEX1,False,0.9262,0.9533,0.8473,1.041,0.9143,1.0965
401,PERP,4.137,11,APEX1,False,0.9262,0.9533,0.8473,1.041,0.9143,1.0965
401,PRDX2,2.0664,12,APEX1,False,0.9262,0.9533,0.8473,1.041,0.9143,1.0965
401,KDM1A,0.9143,13,APEX1,False,0.9262,0.9533,0.8473,1.041,0.9143,1.0965
402,APEX1,9.5421,1,APEX1,True,1.2031,0.9011,1.2352,0.7591,0.8965,0.8021
402,TNFRSF10C,6.3127,2,APEX1,False,1.2031,0.9011,1.2352,0.7591,0.8965,0.8021
402,ARID5B,6.3127,2,APEX1,False,1.2031,0.9011,1.2352,0.7591,0.8965,0.8021
402,DHFR,5.8621,4,APEX1,False,1.2031,0.9011,1.2352,0.7591,0.8965,0.8021
402,BACE1,5.8621,4,APEX1,False,1.2031,0.9011,1.2352,0.7591,0.8965,0.8021
402,SEC23B,5.8621,4,APEX1,False,1.2031,0.9011,1.2352,0.7591,0.8965,0.8021
402,PADI4,5.4116,7,APEX1,False,1.2031,0.9011,1.2352,0.7591,0.8965,0.8021
402,HADHB,5.4116,7,APEX1,False,1.2031,0.9011,1.2352,0.7591,0.8965,0.8021
402,RFC4,5.4116,7,APEX1,False,1.2031,0.9011,1.2352,0.7591,0.8965,0.8021
402,SF3B3,5.4116,7,APEX1,False,1.2031,0.9011,1.2352,0.7591,0.8965,0.8021
402,PERP,5.0105,11,APEX1,False,1.2031,0.9011,1.2352,0.7591,0.8965,0.8021
402,PRDX2,3.4409,12,APEX1,False,1.2031,0.9011,1.2352,0.7591,0.8965,0.8021
402,KDM1A,0.8965,13,APEX1,False,1.2031,0.9011,1.2352,0.7591,0.8965,0.8021
403,APEX1,9.1284,1,APEX1,True,1.0216,0.8866,1.1393,1.1252,0.8245,1.208
403,TNFRSF10C,5.7245,2,APEX1,False,1.0216,0.8866,1.1393,1.1252,0.8245,1.208
403,ARID5B,5.7245,2,APEX1,False,1.0216,0.8866,1.1393,1.1252,0.8245,1.208
403,DHFR,5.2812,4,APEX1,False,1.0216,0.8866,1.1393,1.1252,0.8245,1.208
403,BACE1,5.2812,4,APEX1,False,1.0216,0.8866,1.1393,1.1252,0.8245,1.208
403,SEC23B,5.2812,4,APEX1,False,1.0216,0.8866,1.1393,1.1252,0.8245,1.208
403,PADI4,4.8379,7,APEX1,False,1.0216,0.8866,1.1393,1.1252,0.8245,1.208
403,HADHB,4.8379,7,APEX1,False,1.0216,0.8866,1.1393,1.1252,0.8245,1.208
403,RFC4,4.8379,7,APEX1,False,1.0216,0.8866,1.1393,1.1252,0.8245,1.208
403,SF3B3,4.8379,7,APEX1,False,1.0216,0.8866,1.1393,1.1252,0.8245,1.208
403,PERP,4.2339,11,APEX1,False,1.0216,0.8866,1.1393,1.1252,0.8245,1.208
403,PRDX2,2.4853,12,APEX1,False,1.0216,0.8866,1.1393,1.1252,0.8245,1.208
403,KDM1A,0.8245,13,APEX1,False,1.0216,0.8866,1.1393,1.1252,0.8245,1.208
404,APEX1,8.823,1,APEX1,True,1.0897,0.9749,0.8731,0.8829,1.2254,1.1825
404,TNFRSF10C,6.194,2,APEX1,False,1.0897,0.9749,0.8731,0.8829,1.2254,1.1825
404,ARID5B,6.194,2,APEX1,False,1.0897,0.9749,0.8731,0.8829,1.2254,1.1825
404,DHFR,5.7065,4,APEX1,False,1.0897,0.9749,0.8731,0.8829,1.2254,1.1825
404,BACE1,5.7065,4,APEX1,False,1.0897,0.9749,0.8731,0.8829,1.2254,1.1825
404,SEC23B,5.7065,4,APEX1,False,1.0897,0.9749,0.8731,0.8829,1.2254,1.1825
404,PADI4,5.219,7,APEX1,False,1.0897,0.9749,0.8731,0.8829,1.2254,1.1825
404,HADHB,5.219,7,APEX1,False,1.0897,0.9749,0.8731,0.8829,1.2254,1.1825
404,RFC4,5.219,7,APEX1,False,1.0897,0.9749,0.8731,0.8829,1.2254,1.1825
404,SF3B3,5.219,7,APEX1,False,1.0897,0.9749,0.8731,0.8829,1.2254,1.1825
404,PERP,4.6278,11,APEX1,False,1.0897,0.9749,0.8731,0.8829,1.2254,1.1825
404,PRDX2,2.4148,12,APEX1,False,1.0897,0.9749,0.8731,0.8829,1.2254,1.1825
404,KDM1A,1.2254,13,APEX1,False,1.0897,0.9749,0.8731,0.8829,1.2254,1.1825
405,APEX1,9.0585,1,APEX1,True,0.9178,1.0855,1.105,0.8384,1.0553,0.8672
405,TNFRSF10C,6.01,2,APEX1,False,0.9178,1.0855,1.105,0.8384,1.0553,0.8672
405,ARID5B,6.01,2,APEX1,False,0.9178,1.0855,1.105,0.8384,1.0553,0.8672
405,DHFR,5.4673,4,APEX1,False,0.9178,1.0855,1.105,0.8384,1.0553,0.8672
405,BACE1,5.4673,4,APEX1,False,0.9178,1.0855,1.105,0.8384,1.0553,0.8672
405,SEC23B,5.4673,4,APEX1,False,0.9178,1.0855,1.105,0.8384,1.0553,0.8672
405,PADI4,4.9245,7,APEX1,False,0.9178,1.0855,1.105,0.8384,1.0553,0.8672
405,HADHB,4.9245,7,APEX1,False,0.9178,1.0855,1.105,0.8384,1.0553,0.8672
405,RFC4,4.9245,7,APEX1,False,0.9178,1.0855,1.105,0.8384,1.0553,0.8672
405,SF3B3,4.9245,7,APEX1,False,0.9178,1.0855,1.105,0.8384,1.0553,0.8672
405,PERP,4.4909,11,APEX1,False,0.9178,1.0855,1.105,0.8384,1.0553,0.8672
405,PRDX2,2.5324,12,APEX1,False,0.9178,1.0855,1.105,0.8384,1.0553,0.8672
405,KDM1A,1.0553,13,APEX1,False,0.9178,1.0855,1.105,0.8384,1.0553,0.8672
406,APEX1,9.2664,1,APEX1,True,0.9948,1.0418,0.9912,1.1742,1.0012,1.0608
406,TNFRSF10C,6.1098,2,APEX1,False,0.9948,1.0418,0.9912,1.1742,1.0012,1.0608
406,ARID5B,6.1098,2,APEX1,False,0.9948,1.0418,0.9912,1.1742,1.0012,1.0608
406,DHFR,5.5889,4,APEX1,False,0.9948,1.0418,0.9912,1.1742,1.0012,1.0608
406,BACE1,5.5889,4,APEX1,False,0.9948,1.0418,0.9912,1.1742,1.0012,1.0608
406,SEC23B,5.5889,4,APEX1,False,0.9948,1.0418,0.9912,1.1742,1.0012,1.0608
406,PADI4,5.068,7,APEX1,False,0.9948,1.0418,0.9912,1.1742,1.0012,1.0608
406,HADHB,5.068,7,APEX1,False,0.9948,1.0418,0.9912,1.1742,1.0012,1.0608
406,RFC4,5.068,7,APEX1,False,0.9948,1.0418,0.9912,1.1742,1.0012,1.0608
406,SF3B3,5.068,7,APEX1,False,0.9948,1.0418,0.9912,1.1742,1.0012,1.0608
406,PERP,4.5377,11,APEX1,False,0.9948,1.0418,0.9912,1.1742,1.0012,1.0608
406,PRDX2,2.4175,12,APEX1,False,0.9948,1.0418,0.9912,1.1742,1.0012,1.0608
406,KDM1A,1.0012,13,APEX1,False,0.9948,1.0418,0.9912,1.1742,1.0012,1.0608
407,APEX1,10.093,1,APEX1,True,0.9793,1.1998,1.2111,1.1335,0.8462,0.8366
407,TNFRSF10C,6.5373,2,APEX1,False,0.9793,1.1998,1.2111,1.1335,0.8462,0.8366
407,ARID5B,6.5373,2,APEX1,False,0.9793,1.1998,1.2111,1.1335,0.8462,0.8366
407,DHFR,5.9374,4,APEX1,False,0.9793,1.1998,1.2111,1.1335,0.8462,0.8366
407,BACE1,5.9374,4,APEX1,False,0.9793,1.1998,1.2111,1.1335,0.8462,0.8366
407,SEC23B,5.9374,4,APEX1,False,0.9793,1.1998,1.2111,1.1335,0.8462,0.8366
407,PADI4,5.3375,7,APEX1,False,0.9793,1.1998,1.2111,1.1335,0.8462,0.8366
407,HADHB,5.3375,7,APEX1,False,0.9793,1.1998,1.2111,1.1335,0.8462,0.8366
407,RFC4,5.3375,7,APEX1,False,0.9793,1.1998,1.2111,1.1335,0.8462,0.8366
407,SF3B3,5.3375,7,APEX1,False,0.9793,1.1998,1.2111,1.1335,0.8462,0.8366
407,PERP,4.9192,11,APEX1,False,0.9793,1.1998,1.2111,1.1335,0.8462,0.8366
407,PRDX2,2.8228,12,APEX1,False,0.9793,1.1998,1.2111,1.1335,0.8462,0.8366
407,KDM1A,0.8462,13,APEX1,False,0.9793,1.1998,1.2111,1.1335,0.8462,0.8366
408,APEX1,9.4104,1,APEX1,True,1.0988,0.9724,1.1338,0.9293,1.0015,1.236
408,TNFRSF10C,6.2134,2,APEX1,False,1.0988,0.9724,1.1338,0.9293,1.0015,1.236
408,ARID5B,6.2134,2,APEX1,False,1.0988,0.9724,1.1338,0.9293,1.0015,1.236
408,DHFR,5.7272,4,APEX1,False,1.0988,0.9724,1.1338,0.9293,1.0015,1.236
408,BACE1,5.7272,4,APEX1,False,1.0988,0.9724,1.1338,0.9293,1.0015,1.236
408,SEC23B,5.7272,4,APEX1,False,1.0988,0.9724,1.1338,0.9293,1.0015,1.236
408,PADI4,5.241,7,APEX1,False,1.0988,0.9724,1.1338,0.9293,1.0015,1.236
408,HADHB,5.241,7,APEX1,False,1.0988,0.9724,1.1338,0.9293,1.0015,1.236
408,RFC4,5.241,7,APEX1,False,1.0988,0.9724,1.1338,0.9293,1.0015,1.236
408,SF3B3,5.241,7,APEX1,False,1.0988,0.9724,1.1338,0.9293,1.0015,1.236
408,PERP,4.623,11,APEX1,False,1.0988,0.9724,1.1338,0.9293,1.0015,1.236
408,PRDX2,2.6447,12,APEX1,False,1.0988,0.9724,1.1338,0.9293,1.0015,1.236
408,KDM1A,1.0015,13,APEX1,False,1.0988,0.9724,1.1338,0.9293,1.0015,1.236
409,APEX1,9.3145,1,APEX1,True,0.8377,1.1737,1.1226,1.0347,1.0958,0.9206
409,TNFRSF10C,6.0345,2,APEX1,False,0.8377,1.1737,1.1226,1.0347,1.0958,0.9206
409,ARID5B,6.0345,2,APEX1,False,0.8377,1.1737,1.1226,1.0347,1.0958,0.9206
409,DHFR,5.4476,4,APEX1,False,0.8377,1.1737,1.1226,1.0347,1.0958,0.9206
409,BACE1,5.4476,4,APEX1,False,0.8377,1.1737,1.1226,1.0347,1.0958,0.9206
409,SEC23B,5.4476,4,APEX1,False,0.8377,1.1737,1.1226,1.0347,1.0958,0.9206
409,PADI4,4.8607,7,APEX1,False,0.8377,1.1737,1.1226,1.0347,1.0958,0.9206
409,HADHB,4.8607,7,APEX1,False,0.8377,1.1737,1.1226,1.0347,1.0958,0.9206
409,RFC4,4.8607,7,APEX1,False,0.8377,1.1737,1.1226,1.0347,1.0958,0.9206
409,SF3B3,4.8607,7,APEX1,False,0.8377,1.1737,1.1226,1.0347,1.0958,0.9206
409,PERP,4.4004,11,APEX1,False,0.8377,1.1737,1.1226,1.0347,1.0958,0.9206
409,PRDX2,2.2965,12,APEX1,False,0.8377,1.1737,1.1226,1.0347,1.0958,0.9206
409,KDM1A,1.0958,13,APEX1,False,0.8377,1.1737,1.1226,1.0347,1.0958,0.9206
410,APEX1,9.3605,1,APEX1,True,1.1189,0.8303,1.2047,1.1034,0.9143,1.1402
410,TNFRSF10C,5.8477,2,APEX1,False,1.1189,0.8303,1.2047,1.1034,0.9143,1.1402
410,ARID5B,5.8477,2,APEX1,False,1.1189,0.8303,1.2047,1.1034,0.9143,1.1402
410,DHFR,5.4326,4,APEX1,False,1.1189,0.8303,1.2047,1.1034,0.9143,1.1402
410,BACE1,5.4326,4,APEX1,False,1.1189,0.8303,1.2047,1.1034,0.9143,1.1402
410,SEC23B,5.4326,4,APEX1,False,1.1189,0.8303,1.2047,1.1034,0.9143,1.1402
410,PADI4,5.0174,7,APEX1,False,1.1189,0.8303,1.2047,1.1034,0.9143,1.1402
410,HADHB,5.0174,7,APEX1,False,1.1189,0.8303,1.2047,1.1034,0.9143,1.1402
410,RFC4,5.0174,7,APEX1,False,1.1189,0.8303,1.2047,1.1034,0.9143,1.1402
410,SF3B3,5.0174,7,APEX1,False,1.1189,0.8303,1.2047,1.1034,0.9143,1.1402
410,PERP,4.4473,11,APEX1,False,1.1189,0.8303,1.2047,1.1034,0.9143,1.1402
410,PRDX2,2.8619,12,APEX1,False,1.1189,0.8303,1.2047,1.1034,0.9143,1.1402
410,KDM1A,0.9143,13,APEX1,False,1.1189,0.8303,1.2047,1.1034,0.9143,1.1402
411,APEX1,9.3866,1,APEX1,True,1.1095,1.064,0.9692,0.9277,0.923,0.8134
411,TNFRSF10C,6.5204,2,APEX1,False,1.1095,1.064,0.9692,0.9277,0.923,0.8134
411,ARID5B,6.5204,2,APEX1,False,1.1095,1.064,0.9692,0.9277,0.923,0.8134
411,DHFR,5.9884,4,APEX1,False,1.1095,1.064,0.9692,0.9277,0.923,0.8134
411,BACE1,5.9884,4,APEX1,False,1.1095,1.064,0.9692,0.9277,0.923,0.8134
411,SEC23B,5.9884,4,APEX1,False,1.1095,1.064,0.9692,0.9277,0.923,0.8134
411,PADI4,5.4564,7,APEX1,False,1.1095,1.064,0.9692,0.9277,0.923,0.8134
411,HADHB,5.4564,7,APEX1,False,1.1095,1.064,0.9692,0.9277,0.923,0.8134
411,RFC4,5.4564,7,APEX1,False,1.1095,1.064,0.9692,0.9277,0.923,0.8134
411,SF3B3,5.4564,7,APEX1,False,1.1095,1.064,0.9692,0.9277,0.923,0.8134
411,PERP,5.0497,11,APEX1,False,1.1095,1.064,0.9692,0.9277,0.923,0.8134
411,PRDX2,2.9295,12,APEX1,False,1.1095,1.064,0.9692,0.9277,0.923,0.8134
411,KDM1A,0.923,13,APEX1,False,1.1095,1.064,0.9692,0.9277,0.923,0.8134
412,APEX1,8.7033,1,APEX1,True,1.0887,0.8767,0.8826,1.0417,0.902,1.2452
412,TNFRSF10C,5.8964,2,APEX1,False,1.0887,0.8767,0.8826,1.0417,0.902,1.2452
412,ARID5B,5.8964,2,APEX1,False,1.0887,0.8767,0.8826,1.0417,0.902,1.2452
412,DHFR,5.458,4,APEX1,False,1.0887,0.8767,0.8826,1.0417,0.902,1.2452
412,BACE1,5.458,4,APEX1,False,1.0887,0.8767,0.8826,1.0417,0.902,1.2452
412,SEC23B,5.458,4,APEX1,False,1.0887,0.8767,0.8826,1.0417,0.902,1.2452
412,PADI4,5.0197,7,APEX1,False,1.0887,0.8767,0.8826,1.0417,0.902,1.2452
412,HADHB,5.0197,7,APEX1,False,1.0887,0.8767,0.8826,1.0417,0.902,1.2452
412,RFC4,5.0197,7,APEX1,False,1.0887,0.8767,0.8826,1.0417,0.902,1.2452
412,SF3B3,5.0197,7,APEX1,False,1.0887,0.8767,0.8826,1.0417,0.902,1.2452
412,PERP,4.3971,11,APEX1,False,1.0887,0.8767,0.8826,1.0417,0.902,1.2452
412,PRDX2,2.3592,12,APEX1,False,1.0887,0.8767,0.8826,1.0417,0.902,1.2452
412,KDM1A,0.902,13,APEX1,False,1.0887,0.8767,0.8826,1.0417,0.902,1.2452
413,APEX1,9.6553,1,APEX1,True,1.2456,0.9102,1.04,1.1079,1.0177,0.7938
413,TNFRSF10C,6.4674,2,APEX1,False,1.2456,0.9102,1.04,1.1079,1.0177,0.7938
413,ARID5B,6.4674,2,APEX1,False,1.2456,0.9102,1.04,1.1079,1.0177,0.7938
413,DHFR,6.0123,4,APEX1,False,1.2456,0.9102,1.04,1.1079,1.0177,0.7938
413,BACE1,6.0123,4,APEX1,False,1.2456,0.9102,1.04,1.1079,1.0177,0.7938
413,SEC23B,6.0123,4,APEX1,False,1.2456,0.9102,1.04,1.1079,1.0177,0.7938
413,PADI4,5.5572,7,APEX1,False,1.2456,0.9102,1.04,1.1079,1.0177,0.7938
413,HADHB,5.5572,7,APEX1,False,1.2456,0.9102,1.04,1.1079,1.0177,0.7938
413,RFC4,5.5572,7,APEX1,False,1.2456,0.9102,1.04,1.1079,1.0177,0.7938
413,SF3B3,5.5572,7,APEX1,False,1.2456,0.9102,1.04,1.1079,1.0177,0.7938
413,PERP,5.1603,11,APEX1,False,1.2456,0.9102,1.04,1.1079,1.0177,0.7938
413,PRDX2,3.3601,12,APEX1,False,1.2456,0.9102,1.04,1.1079,1.0177,0.7938
413,KDM1A,1.0177,13,APEX1,False,1.2456,0.9102,1.04,1.1079,1.0177,0.7938
414,APEX1,8.5849,1,APEX1,True,0.8194,1.0526,1.0911,0.7867,0.8208,0.9909
414,TNFRSF10C,5.616,2,APEX1,False,0.8194,1.0526,1.0911,0.7867,0.8208,0.9909
414,ARID5B,5.616,2,APEX1,False,0.8194,1.0526,1.0911,0.7867,0.8208,0.9909
414,DHFR,5.0897,4,APEX1,False,0.8194,1.0526,1.0911,0.7867,0.8208,0.9909
414,BACE1,5.0897,4,APEX1,False,0.8194,1.0526,1.0911,0.7867,0.8208,0.9909
414,SEC23B,5.0897,4,APEX1,False,0.8194,1.0526,1.0911,0.7867,0.8208,0.9909
414,PADI4,4.5634,7,APEX1,False,0.8194,1.0526,1.0911,0.7867,0.8208,0.9909
414,HADHB,4.5634,7,APEX1,False,0.8194,1.0526,1.0911,0.7867,0.8208,0.9909
414,RFC4,4.5634,7,APEX1,False,0.8194,1.0526,1.0911,0.7867,0.8208,0.9909
414,SF3B3,4.5634,7,APEX1,False,0.8194,1.0526,1.0911,0.7867,0.8208,0.9909
414,PERP,4.068,11,APEX1,False,0.8194,1.0526,1.0911,0.7867,0.8208,0.9909
414,PRDX2,2.1487,12,APEX1,False,0.8194,1.0526,1.0911,0.7867,0.8208,0.9909
414,KDM1A,0.8208,13,APEX1,False,0.8194,1.0526,1.0911,0.7867,0.8208,0.9909
415,APEX1,8.8561,1,APEX1,True,0.8888,0.9241,1.2188,0.9797,1.006,0.8275
415,TNFRSF10C,5.4389,2,APEX1,False,0.8888,0.9241,1.2188,0.9797,1.006,0.8275
415,ARID5B,5.4389,2,APEX1,False,0.8888,0.9241,1.2188,0.9797,1.006,0.8275
415,DHFR,4.9768,4,APEX1,False,0.8888,0.9241,1.2188,0.9797,1.006,0.8275
415,BACE1,4.9768,4,APEX1,False,0.8888,0.9241,1.2188,0.9797,1.006,0.8275
415,SEC23B,4.9768,4,APEX1,False,0.8888,0.9241,1.2188,0.9797,1.006,0.8275
415,PADI4,4.5148,7,APEX1,False,0.8888,0.9241,1.2188,0.9797,1.006,0.8275
415,HADHB,4.5148,7,APEX1,False,0.8888,0.9241,1.2188,0.9797,1.006,0.8275
415,RFC4,4.5148,7,APEX1,False,0.8888,0.9241,1.2188,0.9797,1.006,0.8275
415,SF3B3,4.5148,7,APEX1,False,0.8888,0.9241,1.2188,0.9797,1.006,0.8275
415,PERP,4.101,11,APEX1,False,0.8888,0.9241,1.2188,0.9797,1.006,0.8275
415,PRDX2,2.6133,12,APEX1,False,0.8888,0.9241,1.2188,0.9797,1.006,0.8275
415,KDM1A,1.006,13,APEX1,False,0.8888,0.9241,1.2188,0.9797,1.006,0.8275
416,APEX1,9.4747,1,APEX1,True,1.0258,1.037,1.119,1.0483,0.8077,0.9304
416,TNFRSF10C,6.1884,2,APEX1,False,1.0258,1.037,1.119,1.0483,0.8077,0.9304
416,ARID5B,6.1884,2,APEX1,False,1.0258,1.037,1.119,1.0483,0.8077,0.9304
416,DHFR,5.6699,4,APEX1,False,1.0258,1.037,1.119,1.0483,0.8077,0.9304
416,BACE1,5.6699,4,APEX1,False,1.0258,1.037,1.119,1.0483,0.8077,0.9304
416,SEC23B,5.6699,4,APEX1,False,1.0258,1.037,1.119,1.0483,0.8077,0.9304
416,PADI4,5.1514,7,APEX1,False,1.0258,1.037,1.119,1.0483,0.8077,0.9304
416,HADHB,5.1514,7,APEX1,False,1.0258,1.037,1.119,1.0483,0.8077,0.9304
416,RFC4,5.1514,7,APEX1,False,1.0258,1.037,1.119,1.0483,0.8077,0.9304
416,SF3B3,5.1514,7,APEX1,False,1.0258,1.037,1.119,1.0483,0.8077,0.9304
416,PERP,4.6862,11,APEX1,False,1.0258,1.037,1.119,1.0483,0.8077,0.9304
416,PRDX2,2.7532,12,APEX1,False,1.0258,1.037,1.119,1.0483,0.8077,0.9304
416,KDM1A,0.8077,13,APEX1,False,1.0258,1.037,1.119,1.0483,0.8077,0.9304
417,APEX1,8.5404,1,APEX1,True,1.1339,0.7899,0.8831,1.003,1.0732,0.7656
417,TNFRSF10C,5.7713,2,APEX1,False,1.1339,0.7899,0.8831,1.003,1.0732,0.7656
417,ARID5B,5.7713,2,APEX1,False,1.1339,0.7899,0.8831,1.003,1.0732,0.7656
417,DHFR,5.3763,4,APEX1,False,1.1339,0.7899,0.8831,1.003,1.0732,0.7656
417,BACE1,5.3763,4,APEX1,False,1.1339,0.7899,0.8831,1.003,1.0732,0.7656
417,SEC23B,5.3763,4,APEX1,False,1.1339,0.7899,0.8831,1.003,1.0732,0.7656
417,PADI4,4.9814,7,APEX1,False,1.1339,0.7899,0.8831,1.003,1.0732,0.7656
417,HADHB,4.9814,7,APEX1,False,1.1339,0.7899,0.8831,1.003,1.0732,0.7656
417,RFC4,4.9814,7,APEX1,False,1.1339,0.7899,0.8831,1.003,1.0732,0.7656
417,SF3B3,4.9814,7,APEX1,False,1.1339,0.7899,0.8831,1.003,1.0732,0.7656
417,PERP,4.5986,11,APEX1,False,1.1339,0.7899,0.8831,1.003,1.0732,0.7656
417,PRDX2,2.9521,12,APEX1,False,1.1339,0.7899,0.8831,1.003,1.0732,0.7656
417,KDM1A,1.0732,13,APEX1,False,1.1339,0.7899,0.8831,1.003,1.0732,0.7656
418,APEX1,10.7107,1,APEX1,True,1.2261,1.2052,1.2057,1.0054,1.2093,1.1949
418,TNFRSF10C,7.294,2,APEX1,False,1.2261,1.2052,1.2057,1.0054,1.2093,1.1949
418,ARID5B,7.294,2,APEX1,False,1.2261,1.2052,1.2057,1.0054,1.2093,1.1949
418,DHFR,6.6914,4,APEX1,False,1.2261,1.2052,1.2057,1.0054,1.2093,1.1949
418,BACE1,6.6914,4,APEX1,False,1.2261,1.2052,1.2057,1.0054,1.2093,1.1949
418,SEC23B,6.6914,4,APEX1,False,1.2261,1.2052,1.2057,1.0054,1.2093,1.1949
418,PADI4,6.0888,7,APEX1,False,1.2261,1.2052,1.2057,1.0054,1.2093,1.1949
418,HADHB,6.0888,7,APEX1,False,1.2261,1.2052,1.2057,1.0054,1.2093,1.1949
418,RFC4,6.0888,7,APEX1,False,1.2261,1.2052,1.2057,1.0054,1.2093,1.1949
418,SF3B3,6.0888,7,APEX1,False,1.2261,1.2052,1.2057,1.0054,1.2093,1.1949
418,PERP,5.4913,11,APEX1,False,1.2261,1.2052,1.2057,1.0054,1.2093,1.1949
418,PRDX2,3.076,12,APEX1,False,1.2261,1.2052,1.2057,1.0054,1.2093,1.1949
418,KDM1A,1.2093,13,APEX1,False,1.2261,1.2052,1.2057,1.0054,1.2093,1.1949
419,APEX1,7.6937,1,APEX1,True,0.8859,0.9142,0.7659,0.7617,0.8323,0.9954
419,TNFRSF10C,5.4002,2,APEX1,False,0.8859,0.9142,0.7659,0.7617,0.8323,0.9954
419,ARID5B,5.4002,2,APEX1,False,0.8859,0.9142,0.7659,0.7617,0.8323,0.9954
419,DHFR,4.9431,4,APEX1,False,0.8859,0.9142,0.7659,0.7617,0.8323,0.9954
419,BACE1,4.9431,4,APEX1,False,0.8859,0.9142,0.7659,0.7617,0.8323,0.9954
419,SEC23B,4.9431,4,APEX1,False,0.8859,0.9142,0.7659,0.7617,0.8323,0.9954
419,PADI4,4.486,7,APEX1,False,0.8859,0.9142,0.7659,0.7617,0.8323,0.9954
419,HADHB,4.486,7,APEX1,False,0.8859,0.9142,0.7659,0.7617,0.8323,0.9954
419,RFC4,4.486,7,APEX1,False,0.8859,0.9142,0.7659,0.7617,0.8323,0.9954
419,SF3B3,4.486,7,APEX1,False,0.8859,0.9142,0.7659,0.7617,0.8323,0.9954
419,PERP,3.9883,11,APEX1,False,0.8859,0.9142,0.7659,0.7617,0.8323,0.9954
419,PRDX2,1.9852,12,APEX1,False,0.8859,0.9142,0.7659,0.7617,0.8323,0.9954
419,KDM1A,0.8323,13,APEX1,False,0.8859,0.9142,0.7659,0.7617,0.8323,0.9954
420,APEX1,9.2545,1,APEX1,True,0.9895,1.0,1.1545,0.977,0.7583,1.2415
420,TNFRSF10C,5.9685,2,APEX1,False,0.9895,1.0,1.1545,0.977,0.7583,1.2415
420,ARID5B,5.9685,2,APEX1,False,0.9895,1.0,1.1545,0.977,0.7583,1.2415
420,DHFR,5.4686,4,APEX1,False,0.9895,1.0,1.1545,0.977,0.7583,1.2415
420,BACE1,5.4686,4,APEX1,False,0.9895,1.0,1.1545,0.977,0.7583,1.2415
420,SEC23B,5.4686,4,APEX1,False,0.9895,1.0,1.1545,0.977,0.7583,1.2415
420,PADI4,4.9686,7,APEX1,False,0.9895,1.0,1.1545,0.977,0.7583,1.2415
420,HADHB,4.9686,7,APEX1,False,0.9895,1.0,1.1545,0.977,0.7583,1.2415
420,RFC4,4.9686,7,APEX1,False,0.9895,1.0,1.1545,0.977,0.7583,1.2415
420,SF3B3,4.9686,7,APEX1,False,0.9895,1.0,1.1545,0.977,0.7583,1.2415
420,PERP,4.3478,11,APEX1,False,0.9895,1.0,1.1545,0.977,0.7583,1.2415
420,PRDX2,2.3868,12,APEX1,False,0.9895,1.0,1.1545,0.977,0.7583,1.2415
420,KDM1A,0.7583,13,APEX1,False,0.9895,1.0,1.1545,0.977,0.7583,1.2415
421,APEX1,8.3766,1,APEX1,True,0.8381,1.1346,0.8038,0.8509,1.0664,1.0155
421,TNFRSF10C,5.9181,2,APEX1,False,0.8381,1.1346,0.8038,0.8509,1.0664,1.0155
421,ARID5B,5.9181,2,APEX1,False,0.8381,1.1346,0.8038,0.8509,1.0664,1.0155
421,DHFR,5.3508,4,APEX1,False,0.8381,1.1346,0.8038,0.8509,1.0664,1.0155
421,BACE1,5.3508,4,APEX1,False,0.8381,1.1346,0.8038,0.8509,1.0664,1.0155
421,SEC23B,5.3508,4,APEX1,False,0.8381,1.1346,0.8038,0.8509,1.0664,1.0155
421,PADI4,4.7835,7,APEX1,False,0.8381,1.1346,0.8038,0.8509,1.0664,1.0155
421,HADHB,4.7835,7,APEX1,False,0.8381,1.1346,0.8038,0.8509,1.0664,1.0155
421,RFC4,4.7835,7,APEX1,False,0.8381,1.1346,0.8038,0.8509,1.0664,1.0155
421,SF3B3,4.7835,7,APEX1,False,0.8381,1.1346,0.8038,0.8509,1.0664,1.0155
421,PERP,4.2758,11,APEX1,False,0.8381,1.1346,0.8038,0.8509,1.0664,1.0155
421,PRDX2,1.8836,12,APEX1,False,0.8381,1.1346,0.8038,0.8509,1.0664,1.0155
421,KDM1A,1.0664,13,APEX1,False,0.8381,1.1346,0.8038,0.8509,1.0664,1.0155
422,APEX1,9.6466,1,APEX1,True,0.9652,1.1634,1.1926,0.8758,1.1684,1.2466
422,TNFRSF10C,6.3856,2,APEX1,False,0.9652,1.1634,1.1926,0.8758,1.1684,1.2466
422,ARID5B,6.3856,2,APEX1,False,0.9652,1.1634,1.1926,0.8758,1.1684,1.2466
422,DHFR,5.8039,4,APEX1,False,0.9652,1.1634,1.1926,0.8758,1.1684,1.2466
422,BACE1,5.8039,4,APEX1,False,0.9652,1.1634,1.1926,0.8758,1.1684,1.2466
422,SEC23B,5.8039,4,APEX1,False,0.9652,1.1634,1.1926,0.8758,1.1684,1.2466
422,PADI4,5.2222,7,APEX1,False,0.9652,1.1634,1.1926,0.8758,1.1684,1.2466
422,HADHB,5.2222,7,APEX1,False,0.9652,1.1634,1.1926,0.8758,1.1684,1.2466
422,RFC4,5.2222,7,APEX1,False,0.9652,1.1634,1.1926,0.8758,1.1684,1.2466
422,SF3B3,5.2222,7,APEX1,False,0.9652,1.1634,1.1926,0.8758,1.1684,1.2466
422,PERP,4.5989,11,APEX1,False,0.9652,1.1634,1.1926,0.8758,1.1684,1.2466
422,PRDX2,2.3589,12,APEX1,False,0.9652,1.1634,1.1926,0.8758,1.1684,1.2466
422,KDM1A,1.1684,13,APEX1,False,0.9652,1.1634,1.1926,0.8758,1.1684,1.2466
423,APEX1,9.986,1,APEX1,True,1.1542,1.1857,0.8709,1.2247,0.8487,1.0651
423,TNFRSF10C,7.0196,2,APEX1,False,1.1542,1.1857,0.8709,1.2247,0.8487,1.0651
423,ARID5B,7.0196,2,APEX1,False,1.1542,1.1857,0.8709,1.2247,0.8487,1.0651
423,DHFR,6.4268,4,APEX1,False,1.1542,1.1857,0.8709,1.2247,0.8487,1.0651
423,BACE1,6.4268,4,APEX1,False,1.1542,1.1857,0.8709,1.2247,0.8487,1.0651
423,SEC23B,6.4268,4,APEX1,False,1.1542,1.1857,0.8709,1.2247,0.8487,1.0651
423,PADI4,5.8339,7,APEX1,False,1.1542,1.1857,0.8709,1.2247,0.8487,1.0651
423,HADHB,5.8339,7,APEX1,False,1.1542,1.1857,0.8709,1.2247,0.8487,1.0651
423,RFC4,5.8339,7,APEX1,False,1.1542,1.1857,0.8709,1.2247,0.8487,1.0651
423,SF3B3,5.8339,7,APEX1,False,1.1542,1.1857,0.8709,1.2247,0.8487,1.0651
423,PERP,5.3014,11,APEX1,False,1.1542,1.1857,0.8709,1.2247,0.8487,1.0651
423,PRDX2,2.6912,12,APEX1,False,1.1542,1.1857,0.8709,1.2247,0.8487,1.0651
423,KDM1A,0.8487,13,APEX1,False,1.1542,1.1857,0.8709,1.2247,0.8487,1.0651
424,APEX1,9.3951,1,APEX1,True,1.1984,0.9282,1.0245,0.9662,0.9475,1.2208
424,TNFRSF10C,6.3799,2,APEX1,False,1.1984,0.9282,1.0245,0.9662,0.9475,1.2208
424,ARID5B,6.3799,2,APEX1,False,1.1984,0.9282,1.0245,0.9662,0.9475,1.2208
424,DHFR,5.9158,4,APEX1,False,1.1984,0.9282,1.0245,0.9662,0.9475,1.2208
424,BACE1,5.9158,4,APEX1,False,1.1984,0.9282,1.0245,0.9662,0.9475,1.2208
424,SEC23B,5.9158,4,APEX1,False,1.1984,0.9282,1.0245,0.9662,0.9475,1.2208
424,PADI4,5.4517,7,APEX1,False,1.1984,0.9282,1.0245,0.9662,0.9475,1.2208
424,HADHB,5.4517,7,APEX1,False,1.1984,0.9282,1.0245,0.9662,0.9475,1.2208
424,RFC4,5.4517,7,APEX1,False,1.1984,0.9282,1.0245,0.9662,0.9475,1.2208
424,SF3B3,5.4517,7,APEX1,False,1.1984,0.9282,1.0245,0.9662,0.9475,1.2208
424,PERP,4.8413,11,APEX1,False,1.1984,0.9282,1.0245,0.9662,0.9475,1.2208
424,PRDX2,2.7998,12,APEX1,False,1.1984,0.9282,1.0245,0.9662,0.9475,1.2208
424,KDM1A,0.9475,13,APEX1,False,1.1984,0.9282,1.0245,0.9662,0.9475,1.2208
425,APEX1,9.967,1,APEX1,True,1.1432,1.0657,1.1826,0.975,1.0,1.1528
425,TNFRSF10C,6.6267,2,APEX1,False,1.1432,1.0657,1.1826,0.975,1.0,1.1528
425,ARID5B,6.6267,2,APEX1,False,1.1432,1.0657,1.1826,0.975,1.0,1.1528
425,DHFR,6.0939,4,APEX1,False,1.1432,1.0657,1.1826,0.975,1.0,1.1528
425,BACE1,6.0939,4,APEX1,False,1.1432,1.0657,1.1826,0.975,1.0,1.1528
425,SEC23B,6.0939,4,APEX1,False,1.1432,1.0657,1.1826,0.975,1.0,1.1528
425,PADI4,5.561,7,APEX1,False,1.1432,1.0657,1.1826,0.975,1.0,1.1528
425,HADHB,5.561,7,APEX1,False,1.1432,1.0657,1.1826,0.975,1.0,1.1528
425,RFC4,5.561,7,APEX1,False,1.1432,1.0657,1.1826,0.975,1.0,1.1528
425,SF3B3,5.561,7,APEX1,False,1.1432,1.0657,1.1826,0.975,1.0,1.1528
425,PERP,4.9846,11,APEX1,False,1.1432,1.0657,1.1826,0.975,1.0,1.1528
425,PRDX2,2.8879,12,APEX1,False,1.1432,1.0657,1.1826,0.975,1.0,1.1528
425,KDM1A,1.0,13,APEX1,False,1.1432,1.0657,1.1826,0.975,1.0,1.1528
426,APEX1,8.6238,1,APEX1,True,1.1675,0.8171,0.8819,0.9064,1.1792,1.0731
426,TNFRSF10C,5.9536,2,APEX1,False,1.1675,0.8171,0.8819,0.9064,1.1792,1.0731
426,ARID5B,5.9536,2,APEX1,False,1.1675,0.8171,0.8819,0.9064,1.1792,1.0731
426,DHFR,5.5451,4,APEX1,False,1.1675,0.8171,0.8819,0.9064,1.1792,1.0731
426,BACE1,5.5451,4,APEX1,False,1.1675,0.8171,0.8819,0.9064,1.1792,1.0731
426,SEC23B,5.5451,4,APEX1,False,1.1675,0.8171,0.8819,0.9064,1.1792,1.0731
426,PADI4,5.1365,7,APEX1,False,1.1675,0.8171,0.8819,0.9064,1.1792,1.0731
426,HADHB,5.1365,7,APEX1,False,1.1675,0.8171,0.8819,0.9064,1.1792,1.0731
426,RFC4,5.1365,7,APEX1,False,1.1675,0.8171,0.8819,0.9064,1.1792,1.0731
426,SF3B3,5.1365,7,APEX1,False,1.1675,0.8171,0.8819,0.9064,1.1792,1.0731
426,PERP,4.6,11,APEX1,False,1.1675,0.8171,0.8819,0.9064,1.1792,1.0731
426,PRDX2,2.7274,12,APEX1,False,1.1675,0.8171,0.8819,0.9064,1.1792,1.0731
426,KDM1A,1.1792,13,APEX1,False,1.1675,0.8171,0.8819,0.9064,1.1792,1.0731
427,APEX1,8.3202,1,APEX1,True,0.8513,0.831,1.088,1.0972,1.233,0.8743
427,TNFRSF10C,5.047,2,APEX1,False,0.8513,0.831,1.088,1.0972,1.233,0.8743
427,ARID5B,5.047,2,APEX1,False,0.8513,0.831,1.088,1.0972,1.233,0.8743
427,DHFR,4.6315,4,APEX1,False,0.8513,0.831,1.088,1.0972,1.233,0.8743
427,BACE1,4.6315,4,APEX1,False,0.8513,0.831,1.088,1.0972,1.233,0.8743
427,SEC23B,4.6315,4,APEX1,False,0.8513,0.831,1.088,1.0972,1.233,0.8743
427,PADI4,4.216,7,APEX1,False,0.8513,0.831,1.088,1.0972,1.233,0.8743
427,HADHB,4.216,7,APEX1,False,0.8513,0.831,1.088,1.0972,1.233,0.8743
427,RFC4,4.216,7,APEX1,False,0.8513,0.831,1.088,1.0972,1.233,0.8743
427,SF3B3,4.216,7,APEX1,False,0.8513,0.831,1.088,1.0972,1.233,0.8743
427,PERP,3.7788,11,APEX1,False,0.8513,0.831,1.088,1.0972,1.233,0.8743
427,PRDX2,2.342,12,APEX1,False,0.8513,0.831,1.088,1.0972,1.233,0.8743
427,KDM1A,1.233,13,APEX1,False,0.8513,0.831,1.088,1.0972,1.233,0.8743
428,APEX1,9.6632,1,APEX1,True,1.0135,1.1667,1.1615,0.7994,1.0393,1.1925
428,TNFRSF10C,6.5408,2,APEX1,False,1.0135,1.1667,1.1615,0.7994,1.0393,1.1925
428,ARID5B,6.5408,2,APEX1,False,1.0135,1.1667,1.1615,0.7994,1.0393,1.1925
428,DHFR,5.9574,4,APEX1,False,1.0135,1.1667,1.1615,0.7994,1.0393,1.1925
428,BACE1,5.9574,4,APEX1,False,1.0135,1.1667,1.1615,0.7994,1.0393,1.1925
428,SEC23B,5.9574,4,APEX1,False,1.0135,1.1667,1.1615,0.7994,1.0393,1.1925
428,PADI4,5.374,7,APEX1,False,1.0135,1.1667,1.1615,0.7994,1.0393,1.1925
428,HADHB,5.374,7,APEX1,False,1.0135,1.1667,1.1615,0.7994,1.0393,1.1925
428,RFC4,5.374,7,APEX1,False,1.0135,1.1667,1.1615,0.7994,1.0393,1.1925
428,SF3B3,5.374,7,APEX1,False,1.0135,1.1667,1.1615,0.7994,1.0393,1.1925
428,PERP,4.7778,11,APEX1,False,1.0135,1.1667,1.1615,0.7994,1.0393,1.1925
428,PRDX2,2.5028,12,APEX1,False,1.0135,1.1667,1.1615,0.7994,1.0393,1.1925
428,KDM1A,1.0393,13,APEX1,False,1.0135,1.1667,1.1615,0.7994,1.0393,1.1925
429,APEX1,8.8314,1,APEX1,True,0.9255,1.1333,0.9313,0.7924,1.0164,1.168
429,TNFRSF10C,6.1764,2,APEX1,False,0.9255,1.1333,0.9313,0.7924,1.0164,1.168
429,ARID5B,6.1764,2,APEX1,False,0.9255,1.1333,0.9313,0.7924,1.0164,1.168
429,DHFR,5.6098,4,APEX1,False,0.9255,1.1333,0.9313,0.7924,1.0164,1.168
429,BACE1,5.6098,4,APEX1,False,0.9255,1.1333,0.9313,0.7924,1.0164,1.168
429,SEC23B,5.6098,4,APEX1,False,0.9255,1.1333,0.9313,0.7924,1.0164,1.168
429,PADI4,5.0431,7,APEX1,False,0.9255,1.1333,0.9313,0.7924,1.0164,1.168
429,HADHB,5.0431,7,APEX1,False,0.9255,1.1333,0.9313,0.7924,1.0164,1.168
429,RFC4,5.0431,7,APEX1,False,0.9255,1.1333,0.9313,0.7924,1.0164,1.168
429,SF3B3,5.0431,7,APEX1,False,0.9255,1.1333,0.9313,0.7924,1.0164,1.168
429,PERP,4.4591,11,APEX1,False,0.9255,1.1333,0.9313,0.7924,1.0164,1.168
429,PRDX2,2.077,12,APEX1,False,0.9255,1.1333,0.9313,0.7924,1.0164,1.168
429,KDM1A,1.0164,13,APEX1,False,0.9255,1.1333,0.9313,0.7924,1.0164,1.168
430,APEX1,9.7927,1,APEX1,True,1.138,1.1796,0.8283,1.1835,1.1272,0.7718
430,TNFRSF10C,6.9527,2,APEX1,False,1.138,1.1796,0.8283,1.1835,1.1272,0.7718
430,ARID5B,6.9527,2,APEX1,False,1.138,1.1796,0.8283,1.1835,1.1272,0.7718
430,DHFR,6.3629,4,APEX1,False,1.138,1.1796,0.8283,1.1835,1.1272,0.7718
430,BACE1,6.3629,4,APEX1,False,1.138,1.1796,0.8283,1.1835,1.1272,0.7718
430,SEC23B,6.3629,4,APEX1,False,1.138,1.1796,0.8283,1.1835,1.1272,0.7718
430,PADI4,5.7731,7,APEX1,False,1.138,1.1796,0.8283,1.1835,1.1272,0.7718
430,HADHB,5.7731,7,APEX1,False,1.138,1.1796,0.8283,1.1835,1.1272,0.7718
430,RFC4,5.7731,7,APEX1,False,1.138,1.1796,0.8283,1.1835,1.1272,0.7718
430,SF3B3,5.7731,7,APEX1,False,1.138,1.1796,0.8283,1.1835,1.1272,0.7718
430,PERP,5.3872,11,APEX1,False,1.138,1.1796,0.8283,1.1835,1.1272,0.7718
430,PRDX2,2.9014,12,APEX1,False,1.138,1.1796,0.8283,1.1835,1.1272,0.7718
430,KDM1A,1.1272,13,APEX1,False,1.138,1.1796,0.8283,1.1835,1.1272,0.7718
431,APEX1,9.5436,1,APEX1,True,0.7548,1.2233,1.2075,1.1944,0.7934,1.0037
431,TNFRSF10C,5.9342,2,APEX1,False,0.7548,1.2233,1.2075,1.1944,0.7934,1.0037
431,ARID5B,5.9342,2,APEX1,False,0.7548,1.2233,1.2075,1.1944,0.7934,1.0037
431,DHFR,5.3225,4,APEX1,False,0.7548,1.2233,1.2075,1.1944,0.7934,1.0037
431,BACE1,5.3225,4,APEX1,False,0.7548,1.2233,1.2075,1.1944,0.7934,1.0037
431,SEC23B,5.3225,4,APEX1,False,0.7548,1.2233,1.2075,1.1944,0.7934,1.0037
431,PADI4,4.7109,7,APEX1,False,0.7548,1.2233,1.2075,1.1944,0.7934,1.0037
431,HADHB,4.7109,7,APEX1,False,0.7548,1.2233,1.2075,1.1944,0.7934,1.0037
431,RFC4,4.7109,7,APEX1,False,0.7548,1.2233,1.2075,1.1944,0.7934,1.0037
431,SF3B3,4.7109,7,APEX1,False,0.7548,1.2233,1.2075,1.1944,0.7934,1.0037
431,PERP,4.209,11,APEX1,False,0.7548,1.2233,1.2075,1.1944,0.7934,1.0037
431,PRDX2,2.0907,12,APEX1,False,0.7548,1.2233,1.2075,1.1944,0.7934,1.0037
431,KDM1A,0.7934,13,APEX1,False,0.7548,1.2233,1.2075,1.1944,0.7934,1.0037
432,APEX1,8.8332,1,APEX1,True,1.0031,0.8873,1.117,0.928,0.9102,0.9034
432,TNFRSF10C,5.6711,2,APEX1,False,1.0031,0.8873,1.117,0.928,0.9102,0.9034
432,ARID5B,5.6711,2,APEX1,False,1.0031,0.8873,1.117,0.928,0.9102,0.9034
432,DHFR,5.2275,4,APEX1,False,1.0031,0.8873,1.117,0.928,0.9102,0.9034
432,BACE1,5.2275,4,APEX1,False,1.0031,0.8873,1.117,0.928,0.9102,0.9034
432,SEC23B,5.2275,4,APEX1,False,1.0031,0.8873,1.117,0.928,0.9102,0.9034
432,PADI4,4.7839,7,APEX1,False,1.0031,0.8873,1.117,0.928,0.9102,0.9034
432,HADHB,4.7839,7,APEX1,False,1.0031,0.8873,1.117,0.928,0.9102,0.9034
432,RFC4,4.7839,7,APEX1,False,1.0031,0.8873,1.117,0.928,0.9102,0.9034
432,SF3B3,4.7839,7,APEX1,False,1.0031,0.8873,1.117,0.928,0.9102,0.9034
432,PERP,4.3321,11,APEX1,False,1.0031,0.8873,1.117,0.928,0.9102,0.9034
432,PRDX2,2.7213,12,APEX1,False,1.0031,0.8873,1.117,0.928,0.9102,0.9034
432,KDM1A,0.9102,13,APEX1,False,1.0031,0.8873,1.117,0.928,0.9102,0.9034
433,APEX1,8.9712,1,APEX1,True,0.8891,1.1626,0.9383,0.9395,0.9263,1.229
433,TNFRSF10C,6.1552,2,APEX1,False,0.8891,1.1626,0.9383,0.9395,0.9263,1.229
433,ARID5B,6.1552,2,APEX1,False,0.8891,1.1626,0.9383,0.9395,0.9263,1.229
433,DHFR,5.5739,4,APEX1,False,0.8891,1.1626,0.9383,0.9395,0.9263,1.229
433,BACE1,5.5739,4,APEX1,False,0.8891,1.1626,0.9383,0.9395,0.9263,1.229
433,SEC23B,5.5739,4,APEX1,False,0.8891,1.1626,0.9383,0.9395,0.9263,1.229
433,PADI4,4.9926,7,APEX1,False,0.8891,1.1626,0.9383,0.9395,0.9263,1.229
433,HADHB,4.9926,7,APEX1,False,0.8891,1.1626,0.9383,0.9395,0.9263,1.229
433,RFC4,4.9926,7,APEX1,False,0.8891,1.1626,0.9383,0.9395,0.9263,1.229
433,SF3B3,4.9926,7,APEX1,False,0.8891,1.1626,0.9383,0.9395,0.9263,1.229
433,PERP,4.3781,11,APEX1,False,0.8891,1.1626,0.9383,0.9395,0.9263,1.229
433,PRDX2,1.9321,12,APEX1,False,0.8891,1.1626,0.9383,0.9395,0.9263,1.229
433,KDM1A,0.9263,13,APEX1,False,0.8891,1.1626,0.9383,0.9395,0.9263,1.229
434,APEX1,9.8555,1,APEX1,True,1.0752,1.215,0.9348,1.1154,1.1041,1.2158
434,TNFRSF10C,6.8704,2,APEX1,False,1.0752,1.215,0.9348,1.1154,1.1041,1.2158
434,ARID5B,6.8704,2,APEX1,False,1.0752,1.215,0.9348,1.1154,1.1041,1.2158
434,DHFR,6.263,4,APEX1,False,1.0752,1.215,0.9348,1.1154,1.1041,1.2158
434,BACE1,6.263,4,APEX1,False,1.0752,1.215,0.9348,1.1154,1.1041,1.2158
434,SEC23B,6.263,4,APEX1,False,1.0752,1.215,0.9348,1.1154,1.1041,1.2158
434,PADI4,5.6555,7,APEX1,False,1.0752,1.215,0.9348,1.1154,1.1041,1.2158
434,HADHB,5.6555,7,APEX1,False,1.0752,1.215,0.9348,1.1154,1.1041,1.2158
434,RFC4,5.6555,7,APEX1,False,1.0752,1.215,0.9348,1.1154,1.1041,1.2158
434,SF3B3,5.6555,7,APEX1,False,1.0752,1.215,0.9348,1.1154,1.1041,1.2158
434,PERP,5.0476,11,APEX1,False,1.0752,1.215,0.9348,1.1154,1.1041,1.2158
434,PRDX2,2.407,12,APEX1,False,1.0752,1.215,0.9348,1.1154,1.1041,1.2158
434,KDM1A,1.1041,13,APEX1,False,1.0752,1.215,0.9348,1.1154,1.1041,1.2158
435,APEX1,9.9724,1,APEX1,True,1.2254,0.9673,1.1103,1.1739,1.0665,0.8966
435,TNFRSF10C,6.578,2,APEX1,False,1.2254,0.9673,1.1103,1.1739,1.0665,0.8966
435,ARID5B,6.578,2,APEX1,False,1.2254,0.9673,1.1103,1.1739,1.0665,0.8966
435,DHFR,6.0944,4,APEX1,False,1.2254,0.9673,1.1103,1.1739,1.0665,0.8966
435,BACE1,6.0944,4,APEX1,False,1.2254,0.9673,1.1103,1.1739,1.0665,0.8966
435,SEC23B,6.0944,4,APEX1,False,1.2254,0.9673,1.1103,1.1739,1.0665,0.8966
435,PADI4,5.6107,7,APEX1,False,1.2254,0.9673,1.1103,1.1739,1.0665,0.8966
435,HADHB,5.6107,7,APEX1,False,1.2254,0.9673,1.1103,1.1739,1.0665,0.8966
435,RFC4,5.6107,7,APEX1,False,1.2254,0.9673,1.1103,1.1739,1.0665,0.8966
435,SF3B3,5.6107,7,APEX1,False,1.2254,0.9673,1.1103,1.1739,1.0665,0.8966
435,PERP,5.1625,11,APEX1,False,1.2254,0.9673,1.1103,1.1739,1.0665,0.8966
435,PRDX2,3.2772,12,APEX1,False,1.2254,0.9673,1.1103,1.1739,1.0665,0.8966
435,KDM1A,1.0665,13,APEX1,False,1.2254,0.9673,1.1103,1.1739,1.0665,0.8966
436,APEX1,7.9892,1,APEX1,True,0.77,0.9008,0.8853,1.2062,0.8586,1.2431
436,TNFRSF10C,5.0124,2,APEX1,False,0.77,0.9008,0.8853,1.2062,0.8586,1.2431
436,ARID5B,5.0124,2,APEX1,False,0.77,0.9008,0.8853,1.2062,0.8586,1.2431
436,DHFR,4.562,4,APEX1,False,0.77,0.9008,0.8853,1.2062,0.8586,1.2431
436,BACE1,4.562,4,APEX1,False,0.77,0.9008,0.8853,1.2062,0.8586,1.2431
436,SEC23B,4.562,4,APEX1,False,0.77,0.9008,0.8853,1.2062,0.8586,1.2431
436,PADI4,4.1116,7,APEX1,False,0.77,0.9008,0.8853,1.2062,0.8586,1.2431
436,HADHB,4.1116,7,APEX1,False,0.77,0.9008,0.8853,1.2062,0.8586,1.2431
436,RFC4,4.1116,7,APEX1,False,0.77,0.9008,0.8853,1.2062,0.8586,1.2431
436,SF3B3,4.1116,7,APEX1,False,0.77,0.9008,0.8853,1.2062,0.8586,1.2431
436,PERP,3.49,11,APEX1,False,0.77,0.9008,0.8853,1.2062,0.8586,1.2431
436,PRDX2,1.5672,12,APEX1,False,0.77,0.9008,0.8853,1.2062,0.8586,1.2431
436,KDM1A,0.8586,13,APEX1,False,0.77,0.9008,0.8853,1.2062,0.8586,1.2431
437,APEX1,8.4295,1,APEX1,True,0.9164,0.76,1.0889,1.2224,0.9828,1.0832
437,TNFRSF10C,5.0293,2,APEX1,False,0.9164,0.76,1.0889,1.2224,0.9828,1.0832
437,ARID5B,5.0293,2,APEX1,False,0.9164,0.76,1.0889,1.2224,0.9828,1.0832
437,DHFR,4.6493,4,APEX1,False,0.9164,0.76,1.0889,1.2224,0.9828,1.0832
437,BACE1,4.6493,4,APEX1,False,0.9164,0.76,1.0889,1.2224,0.9828,1.0832
437,SEC23B,4.6493,4,APEX1,False,0.9164,0.76,1.0889,1.2224,0.9828,1.0832
437,PADI4,4.2693,7,APEX1,False,0.9164,0.76,1.0889,1.2224,0.9828,1.0832
437,HADHB,4.2693,7,APEX1,False,0.9164,0.76,1.0889,1.2224,0.9828,1.0832
437,RFC4,4.2693,7,APEX1,False,0.9164,0.76,1.0889,1.2224,0.9828,1.0832
437,SF3B3,4.2693,7,APEX1,False,0.9164,0.76,1.0889,1.2224,0.9828,1.0832
437,PERP,3.7277,11,APEX1,False,0.9164,0.76,1.0889,1.2224,0.9828,1.0832
437,PRDX2,2.2967,12,APEX1,False,0.9164,0.76,1.0889,1.2224,0.9828,1.0832
437,KDM1A,0.9828,13,APEX1,False,0.9164,0.76,1.0889,1.2224,0.9828,1.0832
438,APEX1,8.3996,1,APEX1,True,1.0099,0.7667,1.1112,0.8476,1.0669,0.9418
438,TNFRSF10C,5.3296,2,APEX1,False,1.0099,0.7667,1.1112,0.8476,1.0669,0.9418
438,ARID5B,5.3296,2,APEX1,False,1.0099,0.7667,1.1112,0.8476,1.0669,0.9418
438,DHFR,4.9462,4,APEX1,False,1.0099,0.7667,1.1112,0.8476,1.0669,0.9418
438,BACE1,4.9462,4,APEX1,False,1.0099,0.7667,1.1112,0.8476,1.0669,0.9418
438,SEC23B,4.9462,4,APEX1,False,1.0099,0.7667,1.1112,0.8476,1.0669,0.9418
438,PADI4,4.5629,7,APEX1,False,1.0099,0.7667,1.1112,0.8476,1.0669,0.9418
438,HADHB,4.5629,7,APEX1,False,1.0099,0.7667,1.1112,0.8476,1.0669,0.9418
438,RFC4,4.5629,7,APEX1,False,1.0099,0.7667,1.1112,0.8476,1.0669,0.9418
438,SF3B3,4.5629,7,APEX1,False,1.0099,0.7667,1.1112,0.8476,1.0669,0.9418
438,PERP,4.092,11,APEX1,False,1.0099,0.7667,1.1112,0.8476,1.0669,0.9418
438,PRDX2,2.6941,12,APEX1,False,1.0099,0.7667,1.1112,0.8476,1.0669,0.9418
438,KDM1A,1.0669,13,APEX1,False,1.0099,0.7667,1.1112,0.8476,1.0669,0.9418
439,APEX1,7.6828,1,APEX1,True,0.7942,0.7718,1.0065,0.972,0.9187,1.0605
439,TNFRSF10C,4.6979,2,APEX1,False,0.7942,0.7718,1.0065,0.972,0.9187,1.0605
439,ARID5B,4.6979,2,APEX1,False,0.7942,0.7718,1.0065,0.972,0.9187,1.0605
439,DHFR,4.3121,4,APEX1,False,0.7942,0.7718,1.0065,0.972,0.9187,1.0605
439,BACE1,4.3121,4,APEX1,False,0.7942,0.7718,1.0065,0.972,0.9187,1.0605
439,SEC23B,4.3121,4,APEX1,False,0.7942,0.7718,1.0065,0.972,0.9187,1.0605
439,PADI4,3.9262,7,APEX1,False,0.7942,0.7718,1.0065,0.972,0.9187,1.0605
439,HADHB,3.9262,7,APEX1,False,0.7942,0.7718,1.0065,0.972,0.9187,1.0605
439,RFC4,3.9262,7,APEX1,False,0.7942,0.7718,1.0065,0.972,0.9187,1.0605
439,SF3B3,3.9262,7,APEX1,False,0.7942,0.7718,1.0065,0.972,0.9187,1.0605
439,PERP,3.3959,11,APEX1,False,0.7942,0.7718,1.0065,0.972,0.9187,1.0605
439,PRDX2,1.9315,12,APEX1,False,0.7942,0.7718,1.0065,0.972,0.9187,1.0605
439,KDM1A,0.9187,13,APEX1,False,0.7942,0.7718,1.0065,0.972,0.9187,1.0605
440,APEX1,8.8683,1,APEX1,True,1.2345,0.8703,0.8332,0.8876,1.1309,1.1867
440,TNFRSF10C,6.3143,2,APEX1,False,1.2345,0.8703,0.8332,0.8876,1.1309,1.1867
440,ARID5B,6.3143,2,APEX1,False,1.2345,0.8703,0.8332,0.8876,1.1309,1.1867
440,DHFR,5.8791,4,APEX1,False,1.2345,0.8703,0.8332,0.8876,1.1309,1.1867
440,BACE1,5.8791,4,APEX1,False,1.2345,0.8703,0.8332,0.8876,1.1309,1.1867
440,SEC23B,5.8791,4,APEX1,False,1.2345,0.8703,0.8332,0.8876,1.1309,1.1867
440,PADI4,5.444,7,APEX1,False,1.2345,0.8703,0.8332,0.8876,1.1309,1.1867
440,HADHB,5.444,7,APEX1,False,1.2345,0.8703,0.8332,0.8876,1.1309,1.1867
440,RFC4,5.444,7,APEX1,False,1.2345,0.8703,0.8332,0.8876,1.1309,1.1867
440,SF3B3,5.444,7,APEX1,False,1.2345,0.8703,0.8332,0.8876,1.1309,1.1867
440,PERP,4.8507,11,APEX1,False,1.2345,0.8703,0.8332,0.8876,1.1309,1.1867
440,PRDX2,2.7327,12,APEX1,False,1.2345,0.8703,0.8332,0.8876,1.1309,1.1867
440,KDM1A,1.1309,13,APEX1,False,1.2345,0.8703,0.8332,0.8876,1.1309,1.1867
441,APEX1,8.4719,1,APEX1,True,0.9079,1.0868,0.7983,0.8912,0.8705,0.7977
441,TNFRSF10C,5.9841,2,APEX1,False,0.9079,1.0868,0.7983,0.8912,0.8705,0.7977
441,ARID5B,5.9841,2,APEX1,False,0.9079,1.0868,0.7983,0.8912,0.8705,0.7977
441,DHFR,5.4408,4,APEX1,False,0.9079,1.0868,0.7983,0.8912,0.8705,0.7977
441,BACE1,5.4408,4,APEX1,False,0.9079,1.0868,0.7983,0.8912,0.8705,0.7977
441,SEC23B,5.4408,4,APEX1,False,0.9079,1.0868,0.7983,0.8912,0.8705,0.7977
441,PADI4,4.8974,7,APEX1,False,0.9079,1.0868,0.7983,0.8912,0.8705,0.7977
441,HADHB,4.8974,7,APEX1,False,0.9079,1.0868,0.7983,0.8912,0.8705,0.7977
441,RFC4,4.8974,7,APEX1,False,0.9079,1.0868,0.7983,0.8912,0.8705,0.7977
441,SF3B3,4.8974,7,APEX1,False,0.9079,1.0868,0.7983,0.8912,0.8705,0.7977
441,PERP,4.4985,11,APEX1,False,0.9079,1.0868,0.7983,0.8912,0.8705,0.7977
441,PRDX2,2.2704,12,APEX1,False,0.9079,1.0868,0.7983,0.8912,0.8705,0.7977
441,KDM1A,0.8705,13,APEX1,False,0.9079,1.0868,0.7983,0.8912,0.8705,0.7977
442,APEX1,9.9062,1,APEX1,True,1.0203,1.2298,0.9544,1.2472,1.0078,1.0068
442,TNFRSF10C,6.7502,2,APEX1,False,1.0203,1.2298,0.9544,1.2472,1.0078,1.0068
442,ARID5B,6.7502,2,APEX1,False,1.0203,1.2298,0.9544,1.2472,1.0078,1.0068
442,DHFR,6.1354,4,APEX1,False,1.0203,1.2298,0.9544,1.2472,1.0078,1.0068
442,BACE1,6.1354,4,APEX1,False,1.0203,1.2298,0.9544,1.2472,1.0078,1.0068
442,SEC23B,6.1354,4,APEX1,False,1.0203,1.2298,0.9544,1.2472,1.0078,1.0068
442,PADI4,5.5205,7,APEX1,False,1.0203,1.2298,0.9544,1.2472,1.0078,1.0068
442,HADHB,5.5205,7,APEX1,False,1.0203,1.2298,0.9544,1.2472,1.0078,1.0068
442,RFC4,5.5205,7,APEX1,False,1.0203,1.2298,0.9544,1.2472,1.0078,1.0068
442,SF3B3,5.5205,7,APEX1,False,1.0203,1.2298,0.9544,1.2472,1.0078,1.0068
442,PERP,5.0171,11,APEX1,False,1.0203,1.2298,0.9544,1.2472,1.0078,1.0068
442,PRDX2,2.4984,12,APEX1,False,1.0203,1.2298,0.9544,1.2472,1.0078,1.0068
442,KDM1A,1.0078,13,APEX1,False,1.0203,1.2298,0.9544,1.2472,1.0078,1.0068
443,APEX1,9.9002,1,APEX1,True,1.2364,1.1289,1.0072,0.7899,1.0943,1.0834
443,TNFRSF10C,7.0959,2,APEX1,False,1.2364,1.1289,1.0072,0.7899,1.0943,1.0834
443,ARID5B,7.0959,2,APEX1,False,1.2364,1.1289,1.0072,0.7899,1.0943,1.0834
443,DHFR,6.5314,4,APEX1,False,1.2364,1.1289,1.0072,0.7899,1.0943,1.0834
443,BACE1,6.5314,4,APEX1,False,1.2364,1.1289,1.0072,0.7899,1.0943,1.0834
443,SEC23B,6.5314,4,APEX1,False,1.2364,1.1289,1.0072,0.7899,1.0943,1.0834
443,PADI4,5.967,7,APEX1,False,1.2364,1.1289,1.0072,0.7899,1.0943,1.0834
443,HADHB,5.967,7,APEX1,False,1.2364,1.1289,1.0072,0.7899,1.0943,1.0834
443,RFC4,5.967,7,APEX1,False,1.2364,1.1289,1.0072,0.7899,1.0943,1.0834
443,SF3B3,5.967,7,APEX1,False,1.2364,1.1289,1.0072,0.7899,1.0943,1.0834
443,PERP,5.4253,11,APEX1,False,1.2364,1.1289,1.0072,0.7899,1.0943,1.0834
443,PRDX2,3.0147,12,APEX1,False,1.2364,1.1289,1.0072,0.7899,1.0943,1.0834
443,KDM1A,1.0943,13,APEX1,False,1.2364,1.1289,1.0072,0.7899,1.0943,1.0834
444,APEX1,8.2424,1,APEX1,True,0.912,0.9276,0.872,0.9797,0.9736,0.8359
444,TNFRSF10C,5.5187,2,APEX1,False,0.912,0.9276,0.872,0.9797,0.9736,0.8359
444,ARID5B,5.5187,2,APEX1,False,0.912,0.9276,0.872,0.9797,0.9736,0.8359
444,DHFR,5.0549,4,APEX1,False,0.912,0.9276,0.872,0.9797,0.9736,0.8359
444,BACE1,5.0549,4,APEX1,False,0.912,0.9276,0.872,0.9797,0.9736,0.8359
444,SEC23B,5.0549,4,APEX1,False,0.912,0.9276,0.872,0.9797,0.9736,0.8359
444,PADI4,4.5912,7,APEX1,False,0.912,0.9276,0.872,0.9797,0.9736,0.8359
444,HADHB,4.5912,7,APEX1,False,0.912,0.9276,0.872,0.9797,0.9736,0.8359
444,RFC4,4.5912,7,APEX1,False,0.912,0.9276,0.872,0.9797,0.9736,0.8359
444,SF3B3,4.5912,7,APEX1,False,0.912,0.9276,0.872,0.9797,0.9736,0.8359
444,PERP,4.1732,11,APEX1,False,0.912,0.9276,0.872,0.9797,0.9736,0.8359
444,PRDX2,2.3162,12,APEX1,False,0.912,0.9276,0.872,0.9797,0.9736,0.8359
444,KDM1A,0.9736,13,APEX1,False,0.912,0.9276,0.872,0.9797,0.9736,0.8359
445,APEX1,8.5847,1,APEX1,True,0.8212,0.9683,0.9845,1.247,1.0194,0.9431
445,TNFRSF10C,5.3687,2,APEX1,False,0.8212,0.9683,0.9845,1.247,1.0194,0.9431
445,ARID5B,5.3687,2,APEX1,False,0.8212,0.9683,0.9845,1.247,1.0194,0.9431
445,DHFR,4.8845,4,APEX1,False,0.8212,0.9683,0.9845,1.247,1.0194,0.9431
445,BACE1,4.8845,4,APEX1,False,0.8212,0.9683,0.9845,1.247,1.0194,0.9431
445,SEC23B,4.8845,4,APEX1,False,0.8212,0.9683,0.9845,1.247,1.0194,0.9431
445,PADI4,4.4004,7,APEX1,False,0.8212,0.9683,0.9845,1.247,1.0194,0.9431
445,HADHB,4.4004,7,APEX1,False,0.8212,0.9683,0.9845,1.247,1.0194,0.9431
445,RFC4,4.4004,7,APEX1,False,0.8212,0.9683,0.9845,1.247,1.0194,0.9431
445,SF3B3,4.4004,7,APEX1,False,0.8212,0.9683,0.9845,1.247,1.0194,0.9431
445,PERP,3.9288,11,APEX1,False,0.8212,0.9683,0.9845,1.247,1.0194,0.9431
445,PRDX2,2.0946,12,APEX1,False,0.8212,0.9683,0.9845,1.247,1.0194,0.9431
445,KDM1A,1.0194,13,APEX1,False,0.8212,0.9683,0.9845,1.247,1.0194,0.9431
446,APEX1,8.4072,1,APEX1,True,1.0568,0.7602,0.8879,1.1804,0.9971,0.9723
446,TNFRSF10C,5.451,2,APEX1,False,1.0568,0.7602,0.8879,1.1804,0.9971,0.9723
446,ARID5B,5.451,2,APEX1,False,1.0568,0.7602,0.8879,1.1804,0.9971,0.9723
446,DHFR,5.0709,4,APEX1,False,1.0568,0.7602,0.8879,1.1804,0.9971,0.9723
446,BACE1,5.0709,4,APEX1,False,1.0568,0.7602,0.8879,1.1804,0.9971,0.9723
446,SEC23B,5.0709,4,APEX1,False,1.0568,0.7602,0.8879,1.1804,0.9971,0.9723
446,PADI4,4.6908,7,APEX1,False,1.0568,0.7602,0.8879,1.1804,0.9971,0.9723
446,HADHB,4.6908,7,APEX1,False,1.0568,0.7602,0.8879,1.1804,0.9971,0.9723
446,RFC4,4.6908,7,APEX1,False,1.0568,0.7602,0.8879,1.1804,0.9971,0.9723
446,SF3B3,4.6908,7,APEX1,False,1.0568,0.7602,0.8879,1.1804,0.9971,0.9723
446,PERP,4.2047,11,APEX1,False,1.0568,0.7602,0.8879,1.1804,0.9971,0.9723
446,PRDX2,2.5578,12,APEX1,False,1.0568,0.7602,0.8879,1.1804,0.9971,0.9723
446,KDM1A,0.9971,13,APEX1,False,1.0568,0.7602,0.8879,1.1804,0.9971,0.9723
447,APEX1,8.8261,1,APEX1,True,0.8898,0.9501,1.0677,1.171,1.1693,1.1225
447,TNFRSF10C,5.5197,2,APEX1,False,0.8898,0.9501,1.0677,1.171,1.1693,1.1225
447,ARID5B,5.5197,2,APEX1,False,0.8898,0.9501,1.0677,1.171,1.1693,1.1225
447,DHFR,5.0447,4,APEX1,False,0.8898,0.9501,1.0677,1.171,1.1693,1.1225
447,BACE1,5.0447,4,APEX1,False,0.8898,0.9501,1.0677,1.171,1.1693,1.1225
447,SEC23B,5.0447,4,APEX1,False,0.8898,0.9501,1.0677,1.171,1.1693,1.1225
447,PADI4,4.5696,7,APEX1,False,0.8898,0.9501,1.0677,1.171,1.1693,1.1225
447,HADHB,4.5696,7,APEX1,False,0.8898,0.9501,1.0677,1.171,1.1693,1.1225
447,RFC4,4.5696,7,APEX1,False,0.8898,0.9501,1.0677,1.171,1.1693,1.1225
447,SF3B3,4.5696,7,APEX1,False,0.8898,0.9501,1.0677,1.171,1.1693,1.1225
447,PERP,4.0084,11,APEX1,False,0.8898,0.9501,1.0677,1.171,1.1693,1.1225
447,PRDX2,2.1697,12,APEX1,False,0.8898,0.9501,1.0677,1.171,1.1693,1.1225
447,KDM1A,1.1693,13,APEX1,False,0.8898,0.9501,1.0677,1.171,1.1693,1.1225
448,APEX1,9.4218,1,APEX1,True,1.096,0.9408,1.05,1.2112,0.9024,0.8346
448,TNFRSF10C,6.1106,2,APEX1,False,1.096,0.9408,1.05,1.2112,0.9024,0.8346
448,ARID5B,6.1106,2,APEX1,False,1.096,0.9408,1.05,1.2112,0.9024,0.8346
448,DHFR,5.6402,4,APEX1,False,1.096,0.9408,1.05,1.2112,0.9024,0.8346
448,BACE1,5.6402,4,APEX1,False,1.096,0.9408,1.05,1.2112,0.9024,0.8346
448,SEC23B,5.6402,4,APEX1,False,1.096,0.9408,1.05,1.2112,0.9024,0.8346
448,PADI4,5.1698,7,APEX1,False,1.096,0.9408,1.05,1.2112,0.9024,0.8346
448,HADHB,5.1698,7,APEX1,False,1.096,0.9408,1.05,1.2112,0.9024,0.8346
448,RFC4,5.1698,7,APEX1,False,1.096,0.9408,1.05,1.2112,0.9024,0.8346
448,SF3B3,5.1698,7,APEX1,False,1.096,0.9408,1.05,1.2112,0.9024,0.8346
448,PERP,4.7525,11,APEX1,False,1.096,0.9408,1.05,1.2112,0.9024,0.8346
448,PRDX2,2.9555,12,APEX1,False,1.096,0.9408,1.05,1.2112,0.9024,0.8346
448,KDM1A,0.9024,13,APEX1,False,1.096,0.9408,1.05,1.2112,0.9024,0.8346
449,APEX1,10.2284,1,APEX1,True,1.1842,1.1108,1.0845,1.1742,0.9977,1.0935
449,TNFRSF10C,6.8852,2,APEX1,False,1.1842,1.1108,1.0845,1.1742,0.9977,1.0935
449,ARID5B,6.8852,2,APEX1,False,1.1842,1.1108,1.0845,1.1742,0.9977,1.0935
449,DHFR,6.3297,4,APEX1,False,1.1842,1.1108,1.0845,1.1742,0.9977,1.0935
449,BACE1,6.3297,4,APEX1,False,1.1842,1.1108,1.0845,1.1742,0.9977,1.0935
449,SEC23B,6.3297,4,APEX1,False,1.1842,1.1108,1.0845,1.1742,0.9977,1.0935
449,PADI4,5.7743,7,APEX1,False,1.1842,1.1108,1.0845,1.1742,0.9977,1.0935
449,HADHB,5.7743,7,APEX1,False,1.1842,1.1108,1.0845,1.1742,0.9977,1.0935
449,RFC4,5.7743,7,APEX1,False,1.1842,1.1108,1.0845,1.1742,0.9977,1.0935
449,SF3B3,5.7743,7,APEX1,False,1.1842,1.1108,1.0845,1.1742,0.9977,1.0935
449,PERP,5.2276,11,APEX1,False,1.1842,1.1108,1.0845,1.1742,0.9977,1.0935
449,PRDX2,2.9516,12,APEX1,False,1.1842,1.1108,1.0845,1.1742,0.9977,1.0935
449,KDM1A,0.9977,13,APEX1,False,1.1842,1.1108,1.0845,1.1742,0.9977,1.0935
450,APEX1,8.6608,1,APEX1,True,1.2378,0.8206,0.7602,0.965,1.1476,0.9654
450,TNFRSF10C,6.1753,2,APEX1,False,1.2378,0.8206,0.7602,0.965,1.1476,0.9654
450,ARID5B,6.1753,2,APEX1,False,1.2378,0.8206,0.7602,0.965,1.1476,0.9654
450,DHFR,5.765,4,APEX1,False,1.2378,0.8206,0.7602,0.965,1.1476,0.9654
450,BACE1,5.765,4,APEX1,False,1.2378,0.8206,0.7602,0.965,1.1476,0.9654
450,SEC23B,5.765,4,APEX1,False,1.2378,0.8206,0.7602,0.965,1.1476,0.9654
450,PADI4,5.3547,7,APEX1,False,1.2378,0.8206,0.7602,0.965,1.1476,0.9654
450,HADHB,5.3547,7,APEX1,False,1.2378,0.8206,0.7602,0.965,1.1476,0.9654
450,RFC4,5.3547,7,APEX1,False,1.2378,0.8206,0.7602,0.965,1.1476,0.9654
450,SF3B3,5.3547,7,APEX1,False,1.2378,0.8206,0.7602,0.965,1.1476,0.9654
450,PERP,4.8721,11,APEX1,False,1.2378,0.8206,0.7602,0.965,1.1476,0.9654
450,PRDX2,2.8895,12,APEX1,False,1.2378,0.8206,0.7602,0.965,1.1476,0.9654
450,KDM1A,1.1476,13,APEX1,False,1.2378,0.8206,0.7602,0.965,1.1476,0.9654
451,APEX1,8.9881,1,APEX1,True,0.7778,1.1429,1.0661,1.0939,0.818,0.7652
451,TNFRSF10C,5.7621,2,APEX1,False,0.7778,1.1429,1.0661,1.0939,0.818,0.7652
451,ARID5B,5.7621,2,APEX1,False,0.7778,1.1429,1.0661,1.0939,0.818,0.7652
451,DHFR,5.1906,4,APEX1,False,0.7778,1.1429,1.0661,1.0939,0.818,0.7652
451,BACE1,5.1906,4,APEX1,False,0.7778,1.1429,1.0661,1.0939,0.818,0.7652
451,SEC23B,5.1906,4,APEX1,False,0.7778,1.1429,1.0661,1.0939,0.818,0.7652
451,PADI4,4.6192,7,APEX1,False,0.7778,1.1429,1.0661,1.0939,0.818,0.7652
451,HADHB,4.6192,7,APEX1,False,0.7778,1.1429,1.0661,1.0939,0.818,0.7652
451,RFC4,4.6192,7,APEX1,False,0.7778,1.1429,1.0661,1.0939,0.818,0.7652
451,SF3B3,4.6192,7,APEX1,False,0.7778,1.1429,1.0661,1.0939,0.818,0.7652
451,PERP,4.2366,11,APEX1,False,0.7778,1.1429,1.0661,1.0939,0.818,0.7652
451,PRDX2,2.2454,12,APEX1,False,0.7778,1.1429,1.0661,1.0939,0.818,0.7652
451,KDM1A,0.818,13,APEX1,False,0.7778,1.1429,1.0661,1.0939,0.818,0.7652
452,APEX1,8.9303,1,APEX1,True,1.1264,0.7866,1.0772,1.0369,1.085,0.9395
452,TNFRSF10C,5.739,2,APEX1,False,1.1264,0.7866,1.0772,1.0369,1.085,0.9395
452,ARID5B,5.739,2,APEX1,False,1.1264,0.7866,1.0772,1.0369,1.085,0.9395
452,DHFR,5.3457,4,APEX1,False,1.1264,0.7866,1.0772,1.0369,1.085,0.9395
452,BACE1,5.3457,4,APEX1,False,1.1264,0.7866,1.0772,1.0369,1.085,0.9395
452,SEC23B,5.3457,4,APEX1,False,1.1264,0.7866,1.0772,1.0369,1.085,0.9395
452,PADI4,4.9524,7,APEX1,False,1.1264,0.7866,1.0772,1.0369,1.085,0.9395
452,HADHB,4.9524,7,APEX1,False,1.1264,0.7866,1.0772,1.0369,1.085,0.9395
452,RFC4,4.9524,7,APEX1,False,1.1264,0.7866,1.0772,1.0369,1.085,0.9395
452,SF3B3,4.9524,7,APEX1,False,1.1264,0.7866,1.0772,1.0369,1.085,0.9395
452,PERP,4.4827,11,APEX1,False,1.1264,0.7866,1.0772,1.0369,1.085,0.9395
452,PRDX2,2.9537,12,APEX1,False,1.1264,0.7866,1.0772,1.0369,1.085,0.9395
452,KDM1A,1.085,13,APEX1,False,1.1264,0.7866,1.0772,1.0369,1.085,0.9395
453,APEX1,10.5267,1,APEX1,True,1.1917,1.1708,1.1366,1.166,1.2147,0.9948
453,TNFRSF10C,7.0875,2,APEX1,False,1.1917,1.1708,1.1366,1.166,1.2147,0.9948
453,ARID5B,7.0875,2,APEX1,False,1.1917,1.1708,1.1366,1.166,1.2147,0.9948
453,DHFR,6.5021,4,APEX1,False,1.1917,1.1708,1.1366,1.166,1.2147,0.9948
453,BACE1,6.5021,4,APEX1,False,1.1917,1.1708,1.1366,1.166,1.2147,0.9948
453,SEC23B,6.5021,4,APEX1,False,1.1917,1.1708,1.1366,1.166,1.2147,0.9948
453,PADI4,5.9167,7,APEX1,False,1.1917,1.1708,1.1366,1.166,1.2147,0.9948
453,HADHB,5.9167,7,APEX1,False,1.1917,1.1708,1.1366,1.166,1.2147,0.9948
453,RFC4,5.9167,7,APEX1,False,1.1917,1.1708,1.1366,1.166,1.2147,0.9948
453,SF3B3,5.9167,7,APEX1,False,1.1917,1.1708,1.1366,1.166,1.2147,0.9948
453,PERP,5.4193,11,APEX1,False,1.1917,1.1708,1.1366,1.166,1.2147,0.9948
453,PRDX2,3.121,12,APEX1,False,1.1917,1.1708,1.1366,1.166,1.2147,0.9948
453,KDM1A,1.2147,13,APEX1,False,1.1917,1.1708,1.1366,1.166,1.2147,0.9948
454,APEX1,8.7991,1,APEX1,True,1.1348,0.9427,0.7673,1.0321,1.0712,1.0772
454,TNFRSF10C,6.2325,2,APEX1,False,1.1348,0.9427,0.7673,1.0321,1.0712,1.0772
454,ARID5B,6.2325,2,APEX1,False,1.1348,0.9427,0.7673,1.0321,1.0712,1.0772
454,DHFR,5.7611,4,APEX1,False,1.1348,0.9427,0.7673,1.0321,1.0712,1.0772
454,BACE1,5.7611,4,APEX1,False,1.1348,0.9427,0.7673,1.0321,1.0712,1.0772
454,SEC23B,5.7611,4,APEX1,False,1.1348,0.9427,0.7673,1.0321,1.0712,1.0772
454,PADI4,5.2898,7,APEX1,False,1.1348,0.9427,0.7673,1.0321,1.0712,1.0772
454,HADHB,5.2898,7,APEX1,False,1.1348,0.9427,0.7673,1.0321,1.0712,1.0772
454,RFC4,5.2898,7,APEX1,False,1.1348,0.9427,0.7673,1.0321,1.0712,1.0772
454,SF3B3,5.2898,7,APEX1,False,1.1348,0.9427,0.7673,1.0321,1.0712,1.0772
454,PERP,4.7512,11,APEX1,False,1.1348,0.9427,0.7673,1.0321,1.0712,1.0772
454,PRDX2,2.5271,12,APEX1,False,1.1348,0.9427,0.7673,1.0321,1.0712,1.0772
454,KDM1A,1.0712,13,APEX1,False,1.1348,0.9427,0.7673,1.0321,1.0712,1.0772
455,APEX1,8.1294,1,APEX1,True,0.8748,1.0433,0.7896,0.796,0.9107,1.092
455,TNFRSF10C,5.7542,2,APEX1,False,0.8748,1.0433,0.7896,0.796,0.9107,1.092
455,ARID5B,5.7542,2,APEX1,False,0.8748,1.0433,0.7896,0.796,0.9107,1.092
455,DHFR,5.2326,4,APEX1,False,0.8748,1.0433,0.7896,0.796,0.9107,1.092
455,BACE1,5.2326,4,APEX1,False,0.8748,1.0433,0.7896,0.796,0.9107,1.092
455,SEC23B,5.2326,4,APEX1,False,0.8748,1.0433,0.7896,0.796,0.9107,1.092
455,PADI4,4.7109,7,APEX1,False,0.8748,1.0433,0.7896,0.796,0.9107,1.092
455,HADHB,4.7109,7,APEX1,False,0.8748,1.0433,0.7896,0.796,0.9107,1.092
455,RFC4,4.7109,7,APEX1,False,0.8748,1.0433,0.7896,0.796,0.9107,1.092
455,SF3B3,4.7109,7,APEX1,False,0.8748,1.0433,0.7896,0.796,0.9107,1.092
455,PERP,4.165,11,APEX1,False,0.8748,1.0433,0.7896,0.796,0.9107,1.092
455,PRDX2,1.8845,12,APEX1,False,0.8748,1.0433,0.7896,0.796,0.9107,1.092
455,KDM1A,0.9107,13,APEX1,False,0.8748,1.0433,0.7896,0.796,0.9107,1.092
456,APEX1,9.0365,1,APEX1,True,1.2333,0.8335,0.9009,1.0341,0.9,0.9253
456,TNFRSF10C,6.2007,2,APEX1,False,1.2333,0.8335,0.9009,1.0341,0.9,0.9253
456,ARID5B,6.2007,2,APEX1,False,1.2333,0.8335,0.9009,1.0341,0.9,0.9253
456,DHFR,5.7839,4,APEX1,False,1.2333,0.8335,0.9009,1.0341,0.9,0.9253
456,BACE1,5.7839,4,APEX1,False,1.2333,0.8335,0.9009,1.0341,0.9,0.9253
456,SEC23B,5.7839,4,APEX1,False,1.2333,0.8335,0.9009,1.0341,0.9,0.9253
456,PADI4,5.3671,7,APEX1,False,1.2333,0.8335,0.9009,1.0341,0.9,0.9253
456,HADHB,5.3671,7,APEX1,False,1.2333,0.8335,0.9009,1.0341,0.9,0.9253
456,RFC4,5.3671,7,APEX1,False,1.2333,0.8335,0.9009,1.0341,0.9,0.9253
456,SF3B3,5.3671,7,APEX1,False,1.2333,0.8335,0.9009,1.0341,0.9,0.9253
456,PERP,4.9045,11,APEX1,False,1.2333,0.8335,0.9009,1.0341,0.9,0.9253
456,PRDX2,3.059,12,APEX1,False,1.2333,0.8335,0.9009,1.0341,0.9,0.9253
456,KDM1A,0.9,13,APEX1,False,1.2333,0.8335,0.9009,1.0341,0.9,0.9253
457,APEX1,9.7232,1,APEX1,True,1.0805,0.9727,1.2146,1.1344,0.793,0.896
457,TNFRSF10C,6.1595,2,APEX1,False,1.0805,0.9727,1.2146,1.1344,0.793,0.896
457,ARID5B,6.1595,2,APEX1,False,1.0805,0.9727,1.2146,1.1344,0.793,0.896
457,DHFR,5.6732,4,APEX1,False,1.0805,0.9727,1.2146,1.1344,0.793,0.896
457,BACE1,5.6732,4,APEX1,False,1.0805,0.9727,1.2146,1.1344,0.793,0.896
457,SEC23B,5.6732,4,APEX1,False,1.0805,0.9727,1.2146,1.1344,0.793,0.896
457,PADI4,5.1868,7,APEX1,False,1.0805,0.9727,1.2146,1.1344,0.793,0.896
457,HADHB,5.1868,7,APEX1,False,1.0805,0.9727,1.2146,1.1344,0.793,0.896
457,RFC4,5.1868,7,APEX1,False,1.0805,0.9727,1.2146,1.1344,0.793,0.896
457,SF3B3,5.1868,7,APEX1,False,1.0805,0.9727,1.2146,1.1344,0.793,0.896
457,PERP,4.7388,11,APEX1,False,1.0805,0.9727,1.2146,1.1344,0.793,0.896
457,PRDX2,3.0199,12,APEX1,False,1.0805,0.9727,1.2146,1.1344,0.793,0.896
457,KDM1A,0.793,13,APEX1,False,1.0805,0.9727,1.2146,1.1344,0.793,0.896
458,APEX1,7.8052,1,APEX1,True,0.8012,0.8796,0.9538,0.8553,0.8869,1.1442
458,TNFRSF10C,5.0424,2,APEX1,False,0.8012,0.8796,0.9538,0.8553,0.8869,1.1442
458,ARID5B,5.0424,2,APEX1,False,0.8012,0.8796,0.9538,0.8553,0.8869,1.1442
458,DHFR,4.6026,4,APEX1,False,0.8012,0.8796,0.9538,0.8553,0.8869,1.1442
458,BACE1,4.6026,4,APEX1,False,0.8012,0.8796,0.9538,0.8553,0.8869,1.1442
458,SEC23B,4.6026,4,APEX1,False,0.8012,0.8796,0.9538,0.8553,0.8869,1.1442
458,PADI4,4.1628,7,APEX1,False,0.8012,0.8796,0.9538,0.8553,0.8869,1.1442
458,HADHB,4.1628,7,APEX1,False,0.8012,0.8796,0.9538,0.8553,0.8869,1.1442
458,RFC4,4.1628,7,APEX1,False,0.8012,0.8796,0.9538,0.8553,0.8869,1.1442
458,SF3B3,4.1628,7,APEX1,False,0.8012,0.8796,0.9538,0.8553,0.8869,1.1442
458,PERP,3.5906,11,APEX1,False,0.8012,0.8796,0.9538,0.8553,0.8869,1.1442
458,PRDX2,1.8126,12,APEX1,False,0.8012,0.8796,0.9538,0.8553,0.8869,1.1442
458,KDM1A,0.8869,13,APEX1,False,0.8012,0.8796,0.9538,0.8553,0.8869,1.1442
459,APEX1,9.3582,1,APEX1,True,1.1965,0.8637,1.037,1.1034,1.1783,1.0616
459,TNFRSF10C,6.1807,2,APEX1,False,1.1965,0.8637,1.037,1.1034,1.1783,1.0616
459,ARID5B,6.1807,2,APEX1,False,1.1965,0.8637,1.037,1.1034,1.1783,1.0616
459,DHFR,5.7488,4,APEX1,False,1.1965,0.8637,1.037,1.1034,1.1783,1.0616
459,BACE1,5.7488,4,APEX1,False,1.1965,0.8637,1.037,1.1034,1.1783,1.0616
459,SEC23B,5.7488,4,APEX1,False,1.1965,0.8637,1.037,1.1034,1.1783,1.0616
459,PADI4,5.317,7,APEX1,False,1.1965,0.8637,1.037,1.1034,1.1783,1.0616
459,HADHB,5.317,7,APEX1,False,1.1965,0.8637,1.037,1.1034,1.1783,1.0616
459,RFC4,5.317,7,APEX1,False,1.1965,0.8637,1.037,1.1034,1.1783,1.0616
459,SF3B3,5.317,7,APEX1,False,1.1965,0.8637,1.037,1.1034,1.1783,1.0616
459,PERP,4.7861,11,APEX1,False,1.1965,0.8637,1.037,1.1034,1.1783,1.0616
459,PRDX2,2.9666,12,APEX1,False,1.1965,0.8637,1.037,1.1034,1.1783,1.0616
459,KDM1A,1.1783,13,APEX1,False,1.1965,0.8637,1.037,1.1034,1.1783,1.0616
460,APEX1,9.2766,1,APEX1,True,1.0334,1.0014,1.0965,0.9792,1.1255,0.759
460,TNFRSF10C,6.1044,2,APEX1,False,1.0334,1.0014,1.0965,0.9792,1.1255,0.759
460,ARID5B,6.1044,2,APEX1,False,1.0334,1.0014,1.0965,0.9792,1.1255,0.759
460,DHFR,5.6037,4,APEX1,False,1.0334,1.0014,1.0965,0.9792,1.1255,0.759
460,BACE1,5.6037,4,APEX1,False,1.0334,1.0014,1.0965,0.9792,1.1255,0.759
460,SEC23B,5.6037,4,APEX1,False,1.0334,1.0014,1.0965,0.9792,1.1255,0.759
460,PADI4,5.103,7,APEX1,False,1.0334,1.0014,1.0965,0.9792,1.1255,0.759
460,HADHB,5.103,7,APEX1,False,1.0334,1.0014,1.0965,0.9792,1.1255,0.759
460,RFC4,5.103,7,APEX1,False,1.0334,1.0014,1.0965,0.9792,1.1255,0.759
460,SF3B3,5.103,7,APEX1,False,1.0334,1.0014,1.0965,0.9792,1.1255,0.759
460,PERP,4.7235,11,APEX1,False,1.0334,1.0014,1.0965,0.9792,1.1255,0.759
460,PRDX2,2.9209,12,APEX1,False,1.0334,1.0014,1.0965,0.9792,1.1255,0.759
460,KDM1A,1.1255,13,APEX1,False,1.0334,1.0014,1.0965,0.9792,1.1255,0.759
461,APEX1,8.8026,1,APEX1,True,1.0683,0.8192,1.1744,0.7916,1.0653,0.9556
461,TNFRSF10C,5.6624,2,APEX1,False,1.0683,0.8192,1.1744,0.7916,1.0653,0.9556
461,ARID5B,5.6624,2,APEX1,False,1.0683,0.8192,1.1744,0.7916,1.0653,0.9556
461,DHFR,5.2528,4,APEX1,False,1.0683,0.8192,1.1744,0.7916,1.0653,0.9556
461,BACE1,5.2528,4,APEX1,False,1.0683,0.8192,1.1744,0.7916,1.0653,0.9556
461,SEC23B,5.2528,4,APEX1,False,1.0683,0.8192,1.1744,0.7916,1.0653,0.9556
461,PADI4,4.8432,7,APEX1,False,1.0683,0.8192,1.1744,0.7916,1.0653,0.9556
461,HADHB,4.8432,7,APEX1,False,1.0683,0.8192,1.1744,0.7916,1.0653,0.9556
461,RFC4,4.8432,7,APEX1,False,1.0683,0.8192,1.1744,0.7916,1.0653,0.9556
461,SF3B3,4.8432,7,APEX1,False,1.0683,0.8192,1.1744,0.7916,1.0653,0.9556
461,PERP,4.3654,11,APEX1,False,1.0683,0.8192,1.1744,0.7916,1.0653,0.9556
461,PRDX2,2.8894,12,APEX1,False,1.0683,0.8192,1.1744,0.7916,1.0653,0.9556
461,KDM1A,1.0653,13,APEX1,False,1.0683,0.8192,1.1744,0.7916,1.0653,0.9556
462,APEX1,9.368,1,APEX1,True,1.0381,1.2479,0.8644,0.7813,1.1164,0.8213
462,TNFRSF10C,6.858,2,APEX1,False,1.0381,1.2479,0.8644,0.7813,1.1164,0.8213
462,ARID5B,6.858,2,APEX1,False,1.0381,1.2479,0.8644,0.7813,1.1164,0.8213
462,DHFR,6.2341,4,APEX1,False,1.0381,1.2479,0.8644,0.7813,1.1164,0.8213
462,BACE1,6.2341,4,APEX1,False,1.0381,1.2479,0.8644,0.7813,1.1164,0.8213
462,SEC23B,6.2341,4,APEX1,False,1.0381,1.2479,0.8644,0.7813,1.1164,0.8213
462,PADI4,5.6101,7,APEX1,False,1.0381,1.2479,0.8644,0.7813,1.1164,0.8213
462,HADHB,5.6101,7,APEX1,False,1.0381,1.2479,0.8644,0.7813,1.1164,0.8213
462,RFC4,5.6101,7,APEX1,False,1.0381,1.2479,0.8644,0.7813,1.1164,0.8213
462,SF3B3,5.6101,7,APEX1,False,1.0381,1.2479,0.8644,0.7813,1.1164,0.8213
462,PERP,5.1995,11,APEX1,False,1.0381,1.2479,0.8644,0.7813,1.1164,0.8213
462,PRDX2,2.6384,12,APEX1,False,1.0381,1.2479,0.8644,0.7813,1.1164,0.8213
462,KDM1A,1.1164,13,APEX1,False,1.0381,1.2479,0.8644,0.7813,1.1164,0.8213
463,APEX1,10.3145,1,APEX1,True,1.1723,1.2148,1.0779,0.9974,1.1256,0.9238
463,TNFRSF10C,7.1613,2,APEX1,False,1.1723,1.2148,1.0779,0.9974,1.1256,0.9238
463,ARID5B,7.1613,2,APEX1,False,1.1723,1.2148,1.0779,0.9974,1.1256,0.9238
463,DHFR,6.5539,4,APEX1,False,1.1723,1.2148,1.0779,0.9974,1.1256,0.9238
463,BACE1,6.5539,4,APEX1,False,1.1723,1.2148,1.0779,0.9974,1.1256,0.9238
463,SEC23B,6.5539,4,APEX1,False,1.1723,1.2148,1.0779,0.9974,1.1256,0.9238
463,PADI4,5.9465,7,APEX1,False,1.1723,1.2148,1.0779,0.9974,1.1256,0.9238
463,HADHB,5.9465,7,APEX1,False,1.1723,1.2148,1.0779,0.9974,1.1256,0.9238
463,RFC4,5.9465,7,APEX1,False,1.1723,1.2148,1.0779,0.9974,1.1256,0.9238
463,SF3B3,5.9465,7,APEX1,False,1.1723,1.2148,1.0779,0.9974,1.1256,0.9238
463,PERP,5.4846,11,APEX1,False,1.1723,1.2148,1.0779,0.9974,1.1256,0.9238
463,PRDX2,3.0848,12,APEX1,False,1.1723,1.2148,1.0779,0.9974,1.1256,0.9238
463,KDM1A,1.1256,13,APEX1,False,1.1723,1.2148,1.0779,0.9974,1.1256,0.9238
464,APEX1,8.9734,1,APEX1,True,0.8632,1.1246,0.9869,1.0361,1.1736,1.0183
464,TNFRSF10C,5.9634,2,APEX1,False,0.8632,1.1246,0.9869,1.0361,1.1736,1.0183
464,ARID5B,5.9634,2,APEX1,False,0.8632,1.1246,0.9869,1.0361,1.1736,1.0183
464,DHFR,5.4012,4,APEX1,False,0.8632,1.1246,0.9869,1.0361,1.1736,1.0183
464,BACE1,5.4012,4,APEX1,False,0.8632,1.1246,0.9869,1.0361,1.1736,1.0183
464,SEC23B,5.4012,4,APEX1,False,0.8632,1.1246,0.9869,1.0361,1.1736,1.0183
464,PADI4,4.8389,7,APEX1,False,0.8632,1.1246,0.9869,1.0361,1.1736,1.0183
464,HADHB,4.8389,7,APEX1,False,0.8632,1.1246,0.9869,1.0361,1.1736,1.0183
464,RFC4,4.8389,7,APEX1,False,0.8632,1.1246,0.9869,1.0361,1.1736,1.0183
464,SF3B3,4.8389,7,APEX1,False,0.8632,1.1246,0.9869,1.0361,1.1736,1.0183
464,PERP,4.3297,11,APEX1,False,0.8632,1.1246,0.9869,1.0361,1.1736,1.0183
464,PRDX2,2.1267,12,APEX1,False,0.8632,1.1246,0.9869,1.0361,1.1736,1.0183
464,KDM1A,1.1736,13,APEX1,False,0.8632,1.1246,0.9869,1.0361,1.1736,1.0183
465,APEX1,9.3141,1,APEX1,True,1.0263,1.0361,1.1172,0.8925,0.7682,1.0615
465,TNFRSF10C,6.1872,2,APEX1,False,1.0263,1.0361,1.1172,0.8925,0.7682,1.0615
465,ARID5B,6.1872,2,APEX1,False,1.0263,1.0361,1.1172,0.8925,0.7682,1.0615
465,DHFR,5.6691,4,APEX1,False,1.0263,1.0361,1.1172,0.8925,0.7682,1.0615
465,BACE1,5.6691,4,APEX1,False,1.0263,1.0361,1.1172,0.8925,0.7682,1.0615
465,SEC23B,5.6691,4,APEX1,False,1.0263,1.0361,1.1172,0.8925,0.7682,1.0615
465,PADI4,5.1511,7,APEX1,False,1.0263,1.0361,1.1172,0.8925,0.7682,1.0615
465,HADHB,5.1511,7,APEX1,False,1.0263,1.0361,1.1172,0.8925,0.7682,1.0615
465,RFC4,5.1511,7,APEX1,False,1.0263,1.0361,1.1172,0.8925,0.7682,1.0615
465,SF3B3,5.1511,7,APEX1,False,1.0263,1.0361,1.1172,0.8925,0.7682,1.0615
465,PERP,4.6204,11,APEX1,False,1.0263,1.0361,1.1172,0.8925,0.7682,1.0615
465,PRDX2,2.6216,12,APEX1,False,1.0263,1.0361,1.1172,0.8925,0.7682,1.0615
465,KDM1A,0.7682,13,APEX1,False,1.0263,1.0361,1.1172,0.8925,0.7682,1.0615
466,APEX1,8.2983,1,APEX1,True,0.9328,0.946,0.8793,0.9033,0.8626,0.8752
466,TNFRSF10C,5.6364,2,APEX1,False,0.9328,0.946,0.8793,0.9033,0.8626,0.8752
466,ARID5B,5.6364,2,APEX1,False,0.9328,0.946,0.8793,0.9033,0.8626,0.8752
466,DHFR,5.1634,4,APEX1,False,0.9328,0.946,0.8793,0.9033,0.8626,0.8752
466,BACE1,5.1634,4,APEX1,False,0.9328,0.946,0.8793,0.9033,0.8626,0.8752
466,SEC23B,5.1634,4,APEX1,False,0.9328,0.946,0.8793,0.9033,0.8626,0.8752
466,PADI4,4.6904,7,APEX1,False,0.9328,0.946,0.8793,0.9033,0.8626,0.8752
466,HADHB,4.6904,7,APEX1,False,0.9328,0.946,0.8793,0.9033,0.8626,0.8752
466,RFC4,4.6904,7,APEX1,False,0.9328,0.946,0.8793,0.9033,0.8626,0.8752
466,SF3B3,4.6904,7,APEX1,False,0.9328,0.946,0.8793,0.9033,0.8626,0.8752
466,PERP,4.2528,11,APEX1,False,0.9328,0.946,0.8793,0.9033,0.8626,0.8752
466,PRDX2,2.3362,12,APEX1,False,0.9328,0.946,0.8793,0.9033,0.8626,0.8752
466,KDM1A,0.8626,13,APEX1,False,0.9328,0.946,0.8793,0.9033,0.8626,0.8752
467,APEX1,7.9211,1,APEX1,True,0.8375,0.9162,0.7692,1.1218,0.8334,1.0039
467,TNFRSF10C,5.261,2,APEX1,False,0.8375,0.9162,0.7692,1.1218,0.8334,1.0039
467,ARID5B,5.261,2,APEX1,False,0.8375,0.9162,0.7692,1.1218,0.8334,1.0039
467,DHFR,4.8029,4,APEX1,False,0.8375,0.9162,0.7692,1.1218,0.8334,1.0039
467,BACE1,4.8029,4,APEX1,False,0.8375,0.9162,0.7692,1.1218,0.8334,1.0039
467,SEC23B,4.8029,4,APEX1,False,0.8375,0.9162,0.7692,1.1218,0.8334,1.0039
467,PADI4,4.3448,7,APEX1,False,0.8375,0.9162,0.7692,1.1218,0.8334,1.0039
467,HADHB,4.3448,7,APEX1,False,0.8375,0.9162,0.7692,1.1218,0.8334,1.0039
467,RFC4,4.3448,7,APEX1,False,0.8375,0.9162,0.7692,1.1218,0.8334,1.0039
467,SF3B3,4.3448,7,APEX1,False,0.8375,0.9162,0.7692,1.1218,0.8334,1.0039
467,PERP,3.8428,11,APEX1,False,0.8375,0.9162,0.7692,1.1218,0.8334,1.0039
467,PRDX2,1.8589,12,APEX1,False,0.8375,0.9162,0.7692,1.1218,0.8334,1.0039
467,KDM1A,0.8334,13,APEX1,False,0.8375,0.9162,0.7692,1.1218,0.8334,1.0039
468,APEX1,9.215,1,APEX1,True,1.1704,0.99,0.9612,0.8114,1.0925,0.9336
468,TNFRSF10C,6.4812,2,APEX1,False,1.1704,0.99,0.9612,0.8114,1.0925,0.9336
468,ARID5B,6.4812,2,APEX1,False,1.1704,0.99,0.9612,0.8114,1.0925,0.9336
468,DHFR,5.9862,4,APEX1,False,1.1704,0.99,0.9612,0.8114,1.0925,0.9336
468,BACE1,5.9862,4,APEX1,False,1.1704,0.99,0.9612,0.8114,1.0925,0.9336
468,SEC23B,5.9862,4,APEX1,False,1.1704,0.99,0.9612,0.8114,1.0925,0.9336
468,PADI4,5.4912,7,APEX1,False,1.1704,0.99,0.9612,0.8114,1.0925,0.9336
468,HADHB,5.4912,7,APEX1,False,1.1704,0.99,0.9612,0.8114,1.0925,0.9336
468,RFC4,5.4912,7,APEX1,False,1.1704,0.99,0.9612,0.8114,1.0925,0.9336
468,SF3B3,5.4912,7,APEX1,False,1.1704,0.99,0.9612,0.8114,1.0925,0.9336
468,PERP,5.0244,11,APEX1,False,1.1704,0.99,0.9612,0.8114,1.0925,0.9336
468,PRDX2,2.9536,12,APEX1,False,1.1704,0.99,0.9612,0.8114,1.0925,0.9336
468,KDM1A,1.0925,13,APEX1,False,1.1704,0.99,0.9612,0.8114,1.0925,0.9336
469,APEX1,9.0088,1,APEX1,True,1.2031,0.9821,0.7908,0.8716,0.916,0.9627
469,TNFRSF10C,6.5557,2,APEX1,False,1.2031,0.9821,0.7908,0.8716,0.916,0.9627
469,ARID5B,6.5557,2,APEX1,False,1.2031,0.9821,0.7908,0.8716,0.916,0.9627
469,DHFR,6.0647,4,APEX1,False,1.2031,0.9821,0.7908,0.8716,0.916,0.9627
469,BACE1,6.0647,4,APEX1,False,1.2031,0.9821,0.7908,0.8716,0.916,0.9627
469,SEC23B,6.0647,4,APEX1,False,1.2031,0.9821,0.7908,0.8716,0.916,0.9627
469,PADI4,5.5736,7,APEX1,False,1.2031,0.9821,0.7908,0.8716,0.916,0.9627
469,HADHB,5.5736,7,APEX1,False,1.2031,0.9821,0.7908,0.8716,0.916,0.9627
469,RFC4,5.5736,7,APEX1,False,1.2031,0.9821,0.7908,0.8716,0.916,0.9627
469,SF3B3,5.5736,7,APEX1,False,1.2031,0.9821,0.7908,0.8716,0.916,0.9627
469,PERP,5.0922,11,APEX1,False,1.2031,0.9821,0.7908,0.8716,0.916,0.9627
469,PRDX2,2.8359,12,APEX1,False,1.2031,0.9821,0.7908,0.8716,0.916,0.9627
469,KDM1A,0.916,13,APEX1,False,1.2031,0.9821,0.7908,0.8716,0.916,0.9627
470,APEX1,8.5912,1,APEX1,True,1.059,0.8799,0.8389,1.0964,1.0459,0.923
470,TNFRSF10C,5.8169,2,APEX1,False,1.059,0.8799,0.8389,1.0964,1.0459,0.923
470,ARID5B,5.8169,2,APEX1,False,1.059,0.8799,0.8389,1.0964,1.0459,0.923
470,DHFR,5.3769,4,APEX1,False,1.059,0.8799,0.8389,1.0964,1.0459,0.923
470,BACE1,5.3769,4,APEX1,False,1.059,0.8799,0.8389,1.0964,1.0459,0.923
470,SEC23B,5.3769,4,APEX1,False,1.059,0.8799,0.8389,1.0964,1.0459,0.923
470,PADI4,4.9369,7,APEX1,False,1.059,0.8799,0.8389,1.0964,1.0459,0.923
470,HADHB,4.9369,7,APEX1,False,1.059,0.8799,0.8389,1.0964,1.0459,0.923
470,RFC4,4.9369,7,APEX1,False,1.059,0.8799,0.8389,1.0964,1.0459,0.923
470,SF3B3,4.9369,7,APEX1,False,1.059,0.8799,0.8389,1.0964,1.0459,0.923
470,PERP,4.4755,11,APEX1,False,1.059,0.8799,0.8389,1.0964,1.0459,0.923
470,PRDX2,2.5636,12,APEX1,False,1.059,0.8799,0.8389,1.0964,1.0459,0.923
470,KDM1A,1.0459,13,APEX1,False,1.059,0.8799,0.8389,1.0964,1.0459,0.923
471,APEX1,7.8478,1,APEX1,True,0.7636,0.8037,1.1331,0.8796,1.2248,1.1181
471,TNFRSF10C,4.702,2,APEX1,False,0.7636,0.8037,1.1331,0.8796,1.2248,1.1181
471,ARID5B,4.702,2,APEX1,False,0.7636,0.8037,1.1331,0.8796,1.2248,1.1181
471,DHFR,4.3002,4,APEX1,False,0.7636,0.8037,1.1331,0.8796,1.2248,1.1181
471,BACE1,4.3002,4,APEX1,False,0.7636,0.8037,1.1331,0.8796,1.2248,1.1181
471,SEC23B,4.3002,4,APEX1,False,0.7636,0.8037,1.1331,0.8796,1.2248,1.1181
471,PADI4,3.8983,7,APEX1,False,0.7636,0.8037,1.1331,0.8796,1.2248,1.1181
471,HADHB,3.8983,7,APEX1,False,0.7636,0.8037,1.1331,0.8796,1.2248,1.1181
471,RFC4,3.8983,7,APEX1,False,0.7636,0.8037,1.1331,0.8796,1.2248,1.1181
471,SF3B3,3.8983,7,APEX1,False,0.7636,0.8037,1.1331,0.8796,1.2248,1.1181
471,PERP,3.3393,11,APEX1,False,0.7636,0.8037,1.1331,0.8796,1.2248,1.1181
471,PRDX2,1.924,12,APEX1,False,0.7636,0.8037,1.1331,0.8796,1.2248,1.1181
471,KDM1A,1.2248,13,APEX1,False,0.7636,0.8037,1.1331,0.8796,1.2248,1.1181
472,APEX1,7.5865,1,APEX1,True,0.8827,0.8145,0.7537,0.9875,1.2067,1.2479
472,TNFRSF10C,5.0916,2,APEX1,False,0.8827,0.8145,0.7537,0.9875,1.2067,1.2479
472,ARID5B,5.0916,2,APEX1,False,0.8827,0.8145,0.7537,0.9875,1.2067,1.2479
472,DHFR,4.6844,4,APEX1,False,0.8827,0.8145,0.7537,0.9875,1.2067,1.2479
472,BACE1,4.6844,4,APEX1,False,0.8827,0.8145,0.7537,0.9875,1.2067,1.2479
472,SEC23B,4.6844,4,APEX1,False,0.8827,0.8145,0.7537,0.9875,1.2067,1.2479
472,PADI4,4.2771,7,APEX1,False,0.8827,0.8145,0.7537,0.9875,1.2067,1.2479
472,HADHB,4.2771,7,APEX1,False,0.8827,0.8145,0.7537,0.9875,1.2067,1.2479
472,RFC4,4.2771,7,APEX1,False,0.8827,0.8145,0.7537,0.9875,1.2067,1.2479
472,SF3B3,4.2771,7,APEX1,False,0.8827,0.8145,0.7537,0.9875,1.2067,1.2479
472,PERP,3.6532,11,APEX1,False,0.8827,0.8145,0.7537,0.9875,1.2067,1.2479
472,PRDX2,1.7126,12,APEX1,False,0.8827,0.8145,0.7537,0.9875,1.2067,1.2479
472,KDM1A,1.2067,13,APEX1,False,0.8827,0.8145,0.7537,0.9875,1.2067,1.2479
473,APEX1,8.1784,1,APEX1,True,0.863,1.0444,0.824,0.8081,1.014,0.9459
473,TNFRSF10C,5.7224,2,APEX1,False,0.863,1.0444,0.824,0.8081,1.014,0.9459
473,ARID5B,5.7224,2,APEX1,False,0.863,1.0444,0.824,0.8081,1.014,0.9459
473,DHFR,5.2002,4,APEX1,False,0.863,1.0444,0.824,0.8081,1.014,0.9459
473,BACE1,5.2002,4,APEX1,False,0.863,1.0444,0.824,0.8081,1.014,0.9459
473,SEC23B,5.2002,4,APEX1,False,0.863,1.0444,0.824,0.8081,1.014,0.9459
473,PADI4,4.678,7,APEX1,False,0.863,1.0444,0.824,0.8081,1.014,0.9459
473,HADHB,4.678,7,APEX1,False,0.863,1.0444,0.824,0.8081,1.014,0.9459
473,RFC4,4.678,7,APEX1,False,0.863,1.0444,0.824,0.8081,1.014,0.9459
473,SF3B3,4.678,7,APEX1,False,0.863,1.0444,0.824,0.8081,1.014,0.9459
473,PERP,4.205,11,APEX1,False,0.863,1.0444,0.824,0.8081,1.014,0.9459
473,PRDX2,2.0356,12,APEX1,False,0.863,1.0444,0.824,0.8081,1.014,0.9459
473,KDM1A,1.014,13,APEX1,False,0.863,1.0444,0.824,0.8081,1.014,0.9459
474,APEX1,9.3801,1,APEX1,True,1.1191,0.8802,1.173,1.0362,1.1629,0.9138
474,TNFRSF10C,5.998,2,APEX1,False,1.1191,0.8802,1.173,1.0362,1.1629,0.9138
474,ARID5B,5.998,2,APEX1,False,1.1191,0.8802,1.173,1.0362,1.1629,0.9138
474,DHFR,5.5579,4,APEX1,False,1.1191,0.8802,1.173,1.0362,1.1629,0.9138
474,BACE1,5.5579,4,APEX1,False,1.1191,0.8802,1.173,1.0362,1.1629,0.9138
474,SEC23B,5.5579,4,APEX1,False,1.1191,0.8802,1.173,1.0362,1.1629,0.9138
474,PADI4,5.1177,7,APEX1,False,1.1191,0.8802,1.173,1.0362,1.1629,0.9138
474,HADHB,5.1177,7,APEX1,False,1.1191,0.8802,1.173,1.0362,1.1629,0.9138
474,RFC4,5.1177,7,APEX1,False,1.1191,0.8802,1.173,1.0362,1.1629,0.9138
474,SF3B3,5.1177,7,APEX1,False,1.1191,0.8802,1.173,1.0362,1.1629,0.9138
474,PERP,4.6609,11,APEX1,False,1.1191,0.8802,1.173,1.0362,1.1629,0.9138
474,PRDX2,3.057,12,APEX1,False,1.1191,0.8802,1.173,1.0362,1.1629,0.9138
474,KDM1A,1.1629,13,APEX1,False,1.1191,0.8802,1.173,1.0362,1.1629,0.9138
475,APEX1,9.8153,1,APEX1,True,0.9596,1.1418,1.14,1.2311,0.7956,1.1621
475,TNFRSF10C,6.3043,2,APEX1,False,0.9596,1.1418,1.14,1.2311,0.7956,1.1621
475,ARID5B,6.3043,2,APEX1,False,0.9596,1.1418,1.14,1.2311,0.7956,1.1621
475,DHFR,5.7334,4,APEX1,False,0.9596,1.1418,1.14,1.2311,0.7956,1.1621
475,BACE1,5.7334,4,APEX1,False,0.9596,1.1418,1.14,1.2311,0.7956,1.1621
475,SEC23B,5.7334,4,APEX1,False,0.9596,1.1418,1.14,1.2311,0.7956,1.1621
475,PADI4,5.1625,7,APEX1,False,0.9596,1.1418,1.14,1.2311,0.7956,1.1621
475,HADHB,5.1625,7,APEX1,False,0.9596,1.1418,1.14,1.2311,0.7956,1.1621
475,RFC4,5.1625,7,APEX1,False,0.9596,1.1418,1.14,1.2311,0.7956,1.1621
475,SF3B3,5.1625,7,APEX1,False,0.9596,1.1418,1.14,1.2311,0.7956,1.1621
475,PERP,4.5815,11,APEX1,False,0.9596,1.1418,1.14,1.2311,0.7956,1.1621
475,PRDX2,2.3769,12,APEX1,False,0.9596,1.1418,1.14,1.2311,0.7956,1.1621
475,KDM1A,0.7956,13,APEX1,False,0.9596,1.1418,1.14,1.2311,0.7956,1.1621
476,APEX1,7.8449,1,APEX1,True,0.7735,0.88,1.016,0.8521,0.8381,0.9148
476,TNFRSF10C,4.9607,2,APEX1,False,0.7735,0.88,1.016,0.8521,0.8381,0.9148
476,ARID5B,4.9607,2,APEX1,False,0.7735,0.88,1.016,0.8521,0.8381,0.9148
476,DHFR,4.5207,4,APEX1,False,0.7735,0.88,1.016,0.8521,0.8381,0.9148
476,BACE1,4.5207,4,APEX1,False,0.7735,0.88,1.016,0.8521,0.8381,0.9148
476,SEC23B,4.5207,4,APEX1,False,0.7735,0.88,1.016,0.8521,0.8381,0.9148
476,PADI4,4.0807,7,APEX1,False,0.7735,0.88,1.016,0.8521,0.8381,0.9148
476,HADHB,4.0807,7,APEX1,False,0.7735,0.88,1.016,0.8521,0.8381,0.9148
476,RFC4,4.0807,7,APEX1,False,0.7735,0.88,1.016,0.8521,0.8381,0.9148
476,SF3B3,4.0807,7,APEX1,False,0.7735,0.88,1.016,0.8521,0.8381,0.9148
476,PERP,3.6233,11,APEX1,False,0.7735,0.88,1.016,0.8521,0.8381,0.9148
476,PRDX2,2.0351,12,APEX1,False,0.7735,0.88,1.016,0.8521,0.8381,0.9148
476,KDM1A,0.8381,13,APEX1,False,0.7735,0.88,1.016,0.8521,0.8381,0.9148
477,APEX1,8.3702,1,APEX1,True,0.9943,0.8522,0.8196,1.1916,0.9901,0.7969
477,TNFRSF10C,5.5393,2,APEX1,False,0.9943,0.8522,0.8196,1.1916,0.9901,0.7969
477,ARID5B,5.5393,2,APEX1,False,0.9943,0.8522,0.8196,1.1916,0.9901,0.7969
477,DHFR,5.1132,4,APEX1,False,0.9943,0.8522,0.8196,1.1916,0.9901,0.7969
477,BACE1,5.1132,4,APEX1,False,0.9943,0.8522,0.8196,1.1916,0.9901,0.7969
477,SEC23B,5.1132,4,APEX1,False,0.9943,0.8522,0.8196,1.1916,0.9901,0.7969
477,PADI4,4.6872,7,APEX1,False,0.9943,0.8522,0.8196,1.1916,0.9901,0.7969
477,HADHB,4.6872,7,APEX1,False,0.9943,0.8522,0.8196,1.1916,0.9901,0.7969
477,RFC4,4.6872,7,APEX1,False,0.9943,0.8522,0.8196,1.1916,0.9901,0.7969
477,SF3B3,4.6872,7,APEX1,False,0.9943,0.8522,0.8196,1.1916,0.9901,0.7969
477,PERP,4.2887,11,APEX1,False,0.9943,0.8522,0.8196,1.1916,0.9901,0.7969
477,PRDX2,2.5084,12,APEX1,False,0.9943,0.8522,0.8196,1.1916,0.9901,0.7969
477,KDM1A,0.9901,13,APEX1,False,0.9943,0.8522,0.8196,1.1916,0.9901,0.7969
478,APEX1,9.0322,1,APEX1,True,1.0674,0.9482,0.9635,1.0585,0.8464,0.7862
478,TNFRSF10C,6.0467,2,APEX1,False,1.0674,0.9482,0.9635,1.0585,0.8464,0.7862
478,ARID5B,6.0467,2,APEX1,False,1.0674,0.9482,0.9635,1.0585,0.8464,0.7862
478,DHFR,5.5727,4,APEX1,False,1.0674,0.9482,0.9635,1.0585,0.8464,0.7862
478,BACE1,5.5727,4,APEX1,False,1.0674,0.9482,0.9635,1.0585,0.8464,0.7862
478,SEC23B,5.5727,4,APEX1,False,1.0674,0.9482,0.9635,1.0585,0.8464,0.7862
478,PADI4,5.0986,7,APEX1,False,1.0674,0.9482,0.9635,1.0585,0.8464,0.7862
478,HADHB,5.0986,7,APEX1,False,1.0674,0.9482,0.9635,1.0585,0.8464,0.7862
478,RFC4,5.0986,7,APEX1,False,1.0674,0.9482,0.9635,1.0585,0.8464,0.7862
478,SF3B3,5.0986,7,APEX1,False,1.0674,0.9482,0.9635,1.0585,0.8464,0.7862
478,PERP,4.7055,11,APEX1,False,1.0674,0.9482,0.9635,1.0585,0.8464,0.7862
478,PRDX2,2.8458,12,APEX1,False,1.0674,0.9482,0.9635,1.0585,0.8464,0.7862
478,KDM1A,0.8464,13,APEX1,False,1.0674,0.9482,0.9635,1.0585,0.8464,0.7862
479,APEX1,9.56,1,APEX1,True,1.1879,0.8567,1.1381,1.1501,0.8354,1.1805
479,TNFRSF10C,6.1337,2,APEX1,False,1.1879,0.8567,1.1381,1.1501,0.8354,1.1805
479,ARID5B,6.1337,2,APEX1,False,1.1879,0.8567,1.1381,1.1501,0.8354,1.1805
479,DHFR,5.7054,4,APEX1,False,1.1879,0.8567,1.1381,1.1501,0.8354,1.1805
479,BACE1,5.7054,4,APEX1,False,1.1879,0.8567,1.1381,1.1501,0.8354,1.1805
479,SEC23B,5.7054,4,APEX1,False,1.1879,0.8567,1.1381,1.1501,0.8354,1.1805
479,PADI4,5.2771,7,APEX1,False,1.1879,0.8567,1.1381,1.1501,0.8354,1.1805
479,HADHB,5.2771,7,APEX1,False,1.1879,0.8567,1.1381,1.1501,0.8354,1.1805
479,RFC4,5.2771,7,APEX1,False,1.1879,0.8567,1.1381,1.1501,0.8354,1.1805
479,SF3B3,5.2771,7,APEX1,False,1.1879,0.8567,1.1381,1.1501,0.8354,1.1805
479,PERP,4.6868,11,APEX1,False,1.1879,0.8567,1.1381,1.1501,0.8354,1.1805
479,PRDX2,2.9273,12,APEX1,False,1.1879,0.8567,1.1381,1.1501,0.8354,1.1805
479,KDM1A,0.8354,13,APEX1,False,1.1879,0.8567,1.1381,1.1501,0.8354,1.1805
480,APEX1,8.7587,1,APEX1,True,1.1508,0.818,0.8014,1.2496,1.1963,0.8802
480,TNFRSF10C,5.9064,2,APEX1,False,1.1508,0.818,0.8014,1.2496,1.1963,0.8802
480,ARID5B,5.9064,2,APEX1,False,1.1508,0.818,0.8014,1.2496,1.1963,0.8802
480,DHFR,5.4974,4,APEX1,False,1.1508,0.818,0.8014,1.2496,1.1963,0.8802
480,BACE1,5.4974,4,APEX1,False,1.1508,0.818,0.8014,1.2496,1.1963,0.8802
480,SEC23B,5.4974,4,APEX1,False,1.1508,0.818,0.8014,1.2496,1.1963,0.8802
480,PADI4,5.0884,7,APEX1,False,1.1508,0.818,0.8014,1.2496,1.1963,0.8802
480,HADHB,5.0884,7,APEX1,False,1.1508,0.818,0.8014,1.2496,1.1963,0.8802
480,RFC4,5.0884,7,APEX1,False,1.1508,0.818,0.8014,1.2496,1.1963,0.8802
480,SF3B3,5.0884,7,APEX1,False,1.1508,0.818,0.8014,1.2496,1.1963,0.8802
480,PERP,4.6483,11,APEX1,False,1.1508,0.818,0.8014,1.2496,1.1963,0.8802
480,PRDX2,2.7983,12,APEX1,False,1.1508,0.818,0.8014,1.2496,1.1963,0.8802
480,KDM1A,1.1963,13,APEX1,False,1.1508,0.818,0.8014,1.2496,1.1963,0.8802
481,APEX1,7.7462,1,APEX1,True,0.7523,0.8372,1.0096,0.9585,0.8784,0.826
481,TNFRSF10C,4.7684,2,APEX1,False,0.7523,0.8372,1.0096,0.9585,0.8784,0.826
481,ARID5B,4.7684,2,APEX1,False,0.7523,0.8372,1.0096,0.9585,0.8784,0.826
481,DHFR,4.3498,4,APEX1,False,0.7523,0.8372,1.0096,0.9585,0.8784,0.826
481,BACE1,4.3498,4,APEX1,False,0.7523,0.8372,1.0096,0.9585,0.8784,0.826
481,SEC23B,4.3498,4,APEX1,False,0.7523,0.8372,1.0096,0.9585,0.8784,0.826
481,PADI4,3.9312,7,APEX1,False,0.7523,0.8372,1.0096,0.9585,0.8784,0.826
481,HADHB,3.9312,7,APEX1,False,0.7523,0.8372,1.0096,0.9585,0.8784,0.826
481,RFC4,3.9312,7,APEX1,False,0.7523,0.8372,1.0096,0.9585,0.8784,0.826
481,SF3B3,3.9312,7,APEX1,False,0.7523,0.8372,1.0096,0.9585,0.8784,0.826
481,PERP,3.5182,11,APEX1,False,0.7523,0.8372,1.0096,0.9585,0.8784,0.826
481,PRDX2,2.0643,12,APEX1,False,0.7523,0.8372,1.0096,0.9585,0.8784,0.826
481,KDM1A,0.8784,13,APEX1,False,0.7523,0.8372,1.0096,0.9585,0.8784,0.826
482,APEX1,9.6787,1,APEX1,True,0.8871,1.1972,1.2454,0.9351,1.022,0.9655
482,TNFRSF10C,6.2528,2,APEX1,False,0.8871,1.1972,1.2454,0.9351,1.022,0.9655
482,ARID5B,6.2528,2,APEX1,False,0.8871,1.1972,1.2454,0.9351,1.022,0.9655
482,DHFR,5.6542,4,APEX1,False,0.8871,1.1972,1.2454,0.9351,1.022,0.9655
482,BACE1,5.6542,4,APEX1,False,0.8871,1.1972,1.2454,0.9351,1.022,0.9655
482,SEC23B,5.6542,4,APEX1,False,0.8871,1.1972,1.2454,0.9351,1.022,0.9655
482,PADI4,5.0556,7,APEX1,False,0.8871,1.1972,1.2454,0.9351,1.022,0.9655
482,HADHB,5.0556,7,APEX1,False,0.8871,1.1972,1.2454,0.9351,1.022,0.9655
482,RFC4,5.0556,7,APEX1,False,0.8871,1.1972,1.2454,0.9351,1.022,0.9655
482,SF3B3,5.0556,7,APEX1,False,0.8871,1.1972,1.2454,0.9351,1.022,0.9655
482,PERP,4.5729,11,APEX1,False,0.8871,1.1972,1.2454,0.9351,1.022,0.9655
482,PRDX2,2.4976,12,APEX1,False,0.8871,1.1972,1.2454,0.9351,1.022,0.9655
482,KDM1A,1.022,13,APEX1,False,0.8871,1.1972,1.2454,0.9351,1.022,0.9655
483,APEX1,8.6347,1,APEX1,True,0.9129,0.9405,1.1464,0.7817,1.1569,0.8118
483,TNFRSF10C,5.5601,2,APEX1,False,0.9129,0.9405,1.1464,0.7817,1.1569,0.8118
483,ARID5B,5.5601,2,APEX1,False,0.9129,0.9405,1.1464,0.7817,1.1569,0.8118
483,DHFR,5.0899,4,APEX1,False,0.9129,0.9405,1.1464,0.7817,1.1569,0.8118
483,BACE1,5.0899,4,APEX1,False,0.9129,0.9405,1.1464,0.7817,1.1569,0.8118
483,SEC23B,5.0899,4,APEX1,False,0.9129,0.9405,1.1464,0.7817,1.1569,0.8118
483,PADI4,4.6196,7,APEX1,False,0.9129,0.9405,1.1464,0.7817,1.1569,0.8118
483,HADHB,4.6196,7,APEX1,False,0.9129,0.9405,1.1464,0.7817,1.1569,0.8118
483,RFC4,4.6196,7,APEX1,False,0.9129,0.9405,1.1464,0.7817,1.1569,0.8118
483,SF3B3,4.6196,7,APEX1,False,0.9129,0.9405,1.1464,0.7817,1.1569,0.8118
483,PERP,4.2137,11,APEX1,False,0.9129,0.9405,1.1464,0.7817,1.1569,0.8118
483,PRDX2,2.6169,12,APEX1,False,0.9129,0.9405,1.1464,0.7817,1.1569,0.8118
483,KDM1A,1.1569,13,APEX1,False,0.9129,0.9405,1.1464,0.7817,1.1569,0.8118
484,APEX1,9.0751,1,APEX1,True,1.1617,1.0016,0.8589,0.8675,0.7728,1.1626
484,TNFRSF10C,6.4898,2,APEX1,False,1.1617,1.0016,0.8589,0.8675,0.7728,1.1626
484,ARID5B,6.4898,2,APEX1,False,1.1617,1.0016,0.8589,0.8675,0.7728,1.1626
484,DHFR,5.989,4,APEX1,False,1.1617,1.0016,0.8589,0.8675,0.7728,1.1626
484,BACE1,5.989,4,APEX1,False,1.1617,1.0016,0.8589,0.8675,0.7728,1.1626
484,SEC23B,5.989,4,APEX1,False,1.1617,1.0016,0.8589,0.8675,0.7728,1.1626
484,PADI4,5.4882,7,APEX1,False,1.1617,1.0016,0.8589,0.8675,0.7728,1.1626
484,HADHB,5.4882,7,APEX1,False,1.1617,1.0016,0.8589,0.8675,0.7728,1.1626
484,RFC4,5.4882,7,APEX1,False,1.1617,1.0016,0.8589,0.8675,0.7728,1.1626
484,SF3B3,5.4882,7,APEX1,False,1.1617,1.0016,0.8589,0.8675,0.7728,1.1626
484,PERP,4.9069,11,APEX1,False,1.1617,1.0016,0.8589,0.8675,0.7728,1.1626
484,PRDX2,2.6005,12,APEX1,False,1.1617,1.0016,0.8589,0.8675,0.7728,1.1626
484,KDM1A,0.7728,13,APEX1,False,1.1617,1.0016,0.8589,0.8675,0.7728,1.1626
485,APEX1,10.5326,1,APEX1,True,1.2246,1.1262,1.194,1.0921,1.1521,1.1526
485,TNFRSF10C,7.0524,2,APEX1,False,1.2246,1.1262,1.194,1.0921,1.1521,1.1526
485,ARID5B,7.0524,2,APEX1,False,1.2246,1.1262,1.194,1.0921,1.1521,1.1526
485,DHFR,6.4893,4,APEX1,False,1.2246,1.1262,1.194,1.0921,1.1521,1.1526
485,BACE1,6.4893,4,APEX1,False,1.2246,1.1262,1.194,1.0921,1.1521,1.1526
485,SEC23B,6.4893,4,APEX1,False,1.2246,1.1262,1.194,1.0921,1.1521,1.1526
485,PADI4,5.9262,7,APEX1,False,1.2246,1.1262,1.194,1.0921,1.1521,1.1526
485,HADHB,5.9262,7,APEX1,False,1.2246,1.1262,1.194,1.0921,1.1521,1.1526
485,RFC4,5.9262,7,APEX1,False,1.2246,1.1262,1.194,1.0921,1.1521,1.1526
485,SF3B3,5.9262,7,APEX1,False,1.2246,1.1262,1.194,1.0921,1.1521,1.1526
485,PERP,5.3499,11,APEX1,False,1.2246,1.1262,1.194,1.0921,1.1521,1.1526
485,PRDX2,3.1029,12,APEX1,False,1.2246,1.1262,1.194,1.0921,1.1521,1.1526
485,KDM1A,1.1521,13,APEX1,False,1.2246,1.1262,1.194,1.0921,1.1521,1.1526
486,APEX1,9.127,1,APEX1,True,1.0181,1.0011,1.0712,0.927,0.8569,0.78
486,TNFRSF10C,6.0577,2,APEX1,False,1.0181,1.0011,1.0712,0.927,0.8569,0.78
486,ARID5B,6.0577,2,APEX1,False,1.0181,1.0011,1.0712,0.927,0.8569,0.78
486,DHFR,5.5571,4,APEX1,False,1.0181,1.0011,1.0712,0.927,0.8569,0.78
486,BACE1,5.5571,4,APEX1,False,1.0181,1.0011,1.0712,0.927,0.8569,0.78
486,SEC23B,5.5571,4,APEX1,False,1.0181,1.0011,1.0712,0.927,0.8569,0.78
486,PADI4,5.0566,7,APEX1,False,1.0181,1.0011,1.0712,0.927,0.8569,0.78
486,HADHB,5.0566,7,APEX1,False,1.0181,1.0011,1.0712,0.927,0.8569,0.78
486,RFC4,5.0566,7,APEX1,False,1.0181,1.0011,1.0712,0.927,0.8569,0.78
486,SF3B3,5.0566,7,APEX1,False,1.0181,1.0011,1.0712,0.927,0.8569,0.78
486,PERP,4.6666,11,APEX1,False,1.0181,1.0011,1.0712,0.927,0.8569,0.78
486,PRDX2,2.8364,12,APEX1,False,1.0181,1.0011,1.0712,0.927,0.8569,0.78
486,KDM1A,0.8569,13,APEX1,False,1.0181,1.0011,1.0712,0.927,0.8569,0.78
487,APEX1,10.2358,1,APEX1,True,1.0864,1.2477,1.2027,0.8281,1.1268,1.1495
487,TNFRSF10C,7.0023,2,APEX1,False,1.0864,1.2477,1.2027,0.8281,1.1268,1.1495
487,ARID5B,7.0023,2,APEX1,False,1.0864,1.2477,1.2027,0.8281,1.1268,1.1495
487,DHFR,6.3784,4,APEX1,False,1.0864,1.2477,1.2027,0.8281,1.1268,1.1495
487,BACE1,6.3784,4,APEX1,False,1.0864,1.2477,1.2027,0.8281,1.1268,1.1495
487,SEC23B,6.3784,4,APEX1,False,1.0864,1.2477,1.2027,0.8281,1.1268,1.1495
487,PADI4,5.7546,7,APEX1,False,1.0864,1.2477,1.2027,0.8281,1.1268,1.1495
487,HADHB,5.7546,7,APEX1,False,1.0864,1.2477,1.2027,0.8281,1.1268,1.1495
487,RFC4,5.7546,7,APEX1,False,1.0864,1.2477,1.2027,0.8281,1.1268,1.1495
487,SF3B3,5.7546,7,APEX1,False,1.0864,1.2477,1.2027,0.8281,1.1268,1.1495
487,PERP,5.1798,11,APEX1,False,1.0864,1.2477,1.2027,0.8281,1.1268,1.1495
487,PRDX2,2.7691,12,APEX1,False,1.0864,1.2477,1.2027,0.8281,1.1268,1.1495
487,KDM1A,1.1268,13,APEX1,False,1.0864,1.2477,1.2027,0.8281,1.1268,1.1495
488,APEX1,9.9601,1,APEX1,True,1.1336,1.2462,0.8095,1.2019,0.9665,1.1896
488,TNFRSF10C,7.1392,2,APEX1,False,1.1336,1.2462,0.8095,1.2019,0.9665,1.1896
488,ARID5B,7.1392,2,APEX1,False,1.1336,1.2462,0.8095,1.2019,0.9665,1.1896
488,DHFR,6.5161,4,APEX1,False,1.1336,1.2462,0.8095,1.2019,0.9665,1.1896
488,BACE1,6.5161,4,APEX1,False,1.1336,1.2462,0.8095,1.2019,0.9665,1.1896
488,SEC23B,6.5161,4,APEX1,False,1.1336,1.2462,0.8095,1.2019,0.9665,1.1896
488,PADI4,5.893,7,APEX1,False,1.1336,1.2462,0.8095,1.2019,0.9665,1.1896
488,HADHB,5.893,7,APEX1,False,1.1336,1.2462,0.8095,1.2019,0.9665,1.1896
488,RFC4,5.893,7,APEX1,False,1.1336,1.2462,0.8095,1.2019,0.9665,1.1896
488,SF3B3,5.893,7,APEX1,False,1.1336,1.2462,0.8095,1.2019,0.9665,1.1896
488,PERP,5.2982,11,APEX1,False,1.1336,1.2462,0.8095,1.2019,0.9665,1.1896
488,PRDX2,2.4538,12,APEX1,False,1.1336,1.2462,0.8095,1.2019,0.9665,1.1896
488,KDM1A,0.9665,13,APEX1,False,1.1336,1.2462,0.8095,1.2019,0.9665,1.1896
489,APEX1,8.8667,1,APEX1,True,1.2364,0.7673,0.8807,1.0942,1.1806,0.838
489,TNFRSF10C,6.0109,2,APEX1,False,1.2364,0.7673,0.8807,1.0942,1.1806,0.838
489,ARID5B,6.0109,2,APEX1,False,1.2364,0.7673,0.8807,1.0942,1.1806,0.838
489,DHFR,5.6273,4,APEX1,False,1.2364,0.7673,0.8807,1.0942,1.1806,0.838
489,BACE1,5.6273,4,APEX1,False,1.2364,0.7673,0.8807,1.0942,1.1806,0.838
489,SEC23B,5.6273,4,APEX1,False,1.2364,0.7673,0.8807,1.0942,1.1806,0.838
489,PADI4,5.2436,7,APEX1,False,1.2364,0.7673,0.8807,1.0942,1.1806,0.838
489,HADHB,5.2436,7,APEX1,False,1.2364,0.7673,0.8807,1.0942,1.1806,0.838
489,RFC4,5.2436,7,APEX1,False,1.2364,0.7673,0.8807,1.0942,1.1806,0.838
489,SF3B3,5.2436,7,APEX1,False,1.2364,0.7673,0.8807,1.0942,1.1806,0.838
489,PERP,4.8246,11,APEX1,False,1.2364,0.7673,0.8807,1.0942,1.1806,0.838
489,PRDX2,3.1336,12,APEX1,False,1.2364,0.7673,0.8807,1.0942,1.1806,0.838
489,KDM1A,1.1806,13,APEX1,False,1.2364,0.7673,0.8807,1.0942,1.1806,0.838
490,APEX1,8.2421,1,APEX1,True,1.0328,0.8092,0.857,1.002,1.2173,1.1415
490,TNFRSF10C,5.5261,2,APEX1,False,1.0328,0.8092,0.857,1.002,1.2173,1.1415
490,ARID5B,5.5261,2,APEX1,False,1.0328,0.8092,0.857,1.002,1.2173,1.1415
490,DHFR,5.1215,4,APEX1,False,1.0328,0.8092,0.857,1.002,1.2173,1.1415
490,BACE1,5.1215,4,APEX1,False,1.0328,0.8092,0.857,1.002,1.2173,1.1415
490,SEC23B,5.1215,4,APEX1,False,1.0328,0.8092,0.857,1.002,1.2173,1.1415
490,PADI4,4.7169,7,APEX1,False,1.0328,0.8092,0.857,1.002,1.2173,1.1415
490,HADHB,4.7169,7,APEX1,False,1.0328,0.8092,0.857,1.002,1.2173,1.1415
490,RFC4,4.7169,7,APEX1,False,1.0328,0.8092,0.857,1.002,1.2173,1.1415
490,SF3B3,4.7169,7,APEX1,False,1.0328,0.8092,0.857,1.002,1.2173,1.1415
490,PERP,4.1462,11,APEX1,False,1.0328,0.8092,0.857,1.002,1.2173,1.1415
490,PRDX2,2.2976,12,APEX1,False,1.0328,0.8092,0.857,1.002,1.2173,1.1415
490,KDM1A,1.2173,13,APEX1,False,1.0328,0.8092,0.857,1.002,1.2173,1.1415
491,APEX1,10.5595,1,APEX1,True,1.1044,1.2357,1.2413,1.0567,1.0459,1.1547
491,TNFRSF10C,7.0203,2,APEX1,False,1.1044,1.2357,1.2413,1.0567,1.0459,1.1547
491,ARID5B,7.0203,2,APEX1,False,1.1044,1.2357,1.2413,1.0567,1.0459,1.1547
491,DHFR,6.4024,4,APEX1,False,1.1044,1.2357,1.2413,1.0567,1.0459,1.1547
491,BACE1,6.4024,4,APEX1,False,1.1044,1.2357,1.2413,1.0567,1.0459,1.1547
491,SEC23B,6.4024,4,APEX1,False,1.1044,1.2357,1.2413,1.0567,1.0459,1.1547
491,PADI4,5.7846,7,APEX1,False,1.1044,1.2357,1.2413,1.0567,1.0459,1.1547
491,HADHB,5.7846,7,APEX1,False,1.1044,1.2357,1.2413,1.0567,1.0459,1.1547
491,RFC4,5.7846,7,APEX1,False,1.1044,1.2357,1.2413,1.0567,1.0459,1.1547
491,SF3B3,5.7846,7,APEX1,False,1.1044,1.2357,1.2413,1.0567,1.0459,1.1547
491,PERP,5.2072,11,APEX1,False,1.1044,1.2357,1.2413,1.0567,1.0459,1.1547
491,PRDX2,2.8475,12,APEX1,False,1.1044,1.2357,1.2413,1.0567,1.0459,1.1547
491,KDM1A,1.0459,13,APEX1,False,1.1044,1.2357,1.2413,1.0567,1.0459,1.1547
492,APEX1,9.4699,1,APEX1,True,1.017,1.0239,1.1647,1.0176,1.2086,0.7981
492,TNFRSF10C,6.1228,2,APEX1,False,1.017,1.0239,1.1647,1.0176,1.2086,0.7981
492,ARID5B,6.1228,2,APEX1,False,1.017,1.0239,1.1647,1.0176,1.2086,0.7981
492,DHFR,5.6109,4,APEX1,False,1.017,1.0239,1.1647,1.0176,1.2086,0.7981
492,BACE1,5.6109,4,APEX1,False,1.017,1.0239,1.1647,1.0176,1.2086,0.7981
492,SEC23B,5.6109,4,APEX1,False,1.017,1.0239,1.1647,1.0176,1.2086,0.7981
492,PADI4,5.0989,7,APEX1,False,1.017,1.0239,1.1647,1.0176,1.2086,0.7981
492,HADHB,5.0989,7,APEX1,False,1.017,1.0239,1.1647,1.0176,1.2086,0.7981
492,RFC4,5.0989,7,APEX1,False,1.017,1.0239,1.1647,1.0176,1.2086,0.7981
492,SF3B3,5.0989,7,APEX1,False,1.017,1.0239,1.1647,1.0176,1.2086,0.7981
492,PERP,4.6999,11,APEX1,False,1.017,1.0239,1.1647,1.0176,1.2086,0.7981
492,PRDX2,2.9092,12,APEX1,False,1.017,1.0239,1.1647,1.0176,1.2086,0.7981
492,KDM1A,1.2086,13,APEX1,False,1.017,1.0239,1.1647,1.0176,1.2086,0.7981
493,APEX1,8.5004,1,APEX1,True,1.013,0.9433,0.8152,1.0013,1.1586,0.8951
493,TNFRSF10C,5.8688,2,APEX1,False,1.013,0.9433,0.8152,1.0013,1.1586,0.8951
493,ARID5B,5.8688,2,APEX1,False,1.013,0.9433,0.8152,1.0013,1.1586,0.8951
493,DHFR,5.3971,4,APEX1,False,1.013,0.9433,0.8152,1.0013,1.1586,0.8951
493,BACE1,5.3971,4,APEX1,False,1.013,0.9433,0.8152,1.0013,1.1586,0.8951
493,SEC23B,5.3971,4,APEX1,False,1.013,0.9433,0.8152,1.0013,1.1586,0.8951
493,PADI4,4.9255,7,APEX1,False,1.013,0.9433,0.8152,1.0013,1.1586,0.8951
493,HADHB,4.9255,7,APEX1,False,1.013,0.9433,0.8152,1.0013,1.1586,0.8951
493,RFC4,4.9255,7,APEX1,False,1.013,0.9433,0.8152,1.0013,1.1586,0.8951
493,SF3B3,4.9255,7,APEX1,False,1.013,0.9433,0.8152,1.0013,1.1586,0.8951
493,PERP,4.4779,11,APEX1,False,1.013,0.9433,0.8152,1.0013,1.1586,0.8951
493,PRDX2,2.4525,12,APEX1,False,1.013,0.9433,0.8152,1.0013,1.1586,0.8951
493,KDM1A,1.1586,13,APEX1,False,1.013,0.9433,0.8152,1.0013,1.1586,0.8951
494,APEX1,7.6401,1,APEX1,True,0.8001,0.8972,0.8022,0.9436,1.1791,1.1948
494,TNFRSF10C,5.092,2,APEX1,False,0.8001,0.8972,0.8022,0.9436,1.1791,1.1948
494,ARID5B,5.092,2,APEX1,False,0.8001,0.8972,0.8022,0.9436,1.1791,1.1948
494,DHFR,4.6434,4,APEX1,False,0.8001,0.8972,0.8022,0.9436,1.1791,1.1948
494,BACE1,4.6434,4,APEX1,False,0.8001,0.8972,0.8022,0.9436,1.1791,1.1948
494,SEC23B,4.6434,4,APEX1,False,0.8001,0.8972,0.8022,0.9436,1.1791,1.1948
494,PADI4,4.1948,7,APEX1,False,0.8001,0.8972,0.8022,0.9436,1.1791,1.1948
494,HADHB,4.1948,7,APEX1,False,0.8001,0.8972,0.8022,0.9436,1.1791,1.1948
494,RFC4,4.1948,7,APEX1,False,0.8001,0.8972,0.8022,0.9436,1.1791,1.1948
494,SF3B3,4.1948,7,APEX1,False,0.8001,0.8972,0.8022,0.9436,1.1791,1.1948
494,PERP,3.5974,11,APEX1,False,0.8001,0.8972,0.8022,0.9436,1.1791,1.1948
494,PRDX2,1.6077,12,APEX1,False,0.8001,0.8972,0.8022,0.9436,1.1791,1.1948
494,KDM1A,1.1791,13,APEX1,False,0.8001,0.8972,0.8022,0.9436,1.1791,1.1948
495,APEX1,8.7947,1,APEX1,True,1.1052,0.7612,1.1827,0.83,0.9439,1.089
495,TNFRSF10C,5.5993,2,APEX1,False,1.1052,0.7612,1.1827,0.83,0.9439,1.089
495,ARID5B,5.5993,2,APEX1,False,1.1052,0.7612,1.1827,0.83,0.9439,1.089
495,DHFR,5.2187,4,APEX1,False,1.1052,0.7612,1.1827,0.83,0.9439,1.089
495,BACE1,5.2187,4,APEX1,False,1.1052,0.7612,1.1827,0.83,0.9439,1.089
495,SEC23B,5.2187,4,APEX1,False,1.1052,0.7612,1.1827,0.83,0.9439,1.089
495,PADI4,4.8381,7,APEX1,False,1.1052,0.7612,1.1827,0.83,0.9439,1.089
495,HADHB,4.8381,7,APEX1,False,1.1052,0.7612,1.1827,0.83,0.9439,1.089
495,RFC4,4.8381,7,APEX1,False,1.1052,0.7612,1.1827,0.83,0.9439,1.089
495,SF3B3,4.8381,7,APEX1,False,1.1052,0.7612,1.1827,0.83,0.9439,1.089
495,PERP,4.2936,11,APEX1,False,1.1052,0.7612,1.1827,0.83,0.9439,1.089
495,PRDX2,2.8568,12,APEX1,False,1.1052,0.7612,1.1827,0.83,0.9439,1.089
495,KDM1A,0.9439,13,APEX1,False,1.1052,0.7612,1.1827,0.83,0.9439,1.089
496,APEX1,8.817,1,APEX1,True,1.0046,1.0456,0.825,1.0164,0.9283,0.8124
496,TNFRSF10C,6.1505,2,APEX1,False,1.0046,1.0456,0.825,1.0164,0.9283,0.8124
496,ARID5B,6.1505,2,APEX1,False,1.0046,1.0456,0.825,1.0164,0.9283,0.8124
496,DHFR,5.6278,4,APEX1,False,1.0046,1.0456,0.825,1.0164,0.9283,0.8124
496,BACE1,5.6278,4,APEX1,False,1.0046,1.0456,0.825,1.0164,0.9283,0.8124
496,SEC23B,5.6278,4,APEX1,False,1.0046,1.0456,0.825,1.0164,0.9283,0.8124
496,PADI4,5.105,7,APEX1,False,1.0046,1.0456,0.825,1.0164,0.9283,0.8124
496,HADHB,5.105,7,APEX1,False,1.0046,1.0456,0.825,1.0164,0.9283,0.8124
496,RFC4,5.105,7,APEX1,False,1.0046,1.0456,0.825,1.0164,0.9283,0.8124
496,SF3B3,5.105,7,APEX1,False,1.0046,1.0456,0.825,1.0164,0.9283,0.8124
496,PERP,4.6988,11,APEX1,False,1.0046,1.0456,0.825,1.0164,0.9283,0.8124
496,PRDX2,2.5242,12,APEX1,False,1.0046,1.0456,0.825,1.0164,0.9283,0.8124
496,KDM1A,0.9283,13,APEX1,False,1.0046,1.0456,0.825,1.0164,0.9283,0.8124
497,APEX1,8.5063,1,APEX1,True,0.7755,0.9734,1.1509,0.9578,0.8351,0.816
497,TNFRSF10C,5.2468,2,APEX1,False,0.7755,0.9734,1.1509,0.9578,0.8351,0.816
497,ARID5B,5.2468,2,APEX1,False,0.7755,0.9734,1.1509,0.9578,0.8351,0.816
497,DHFR,4.7601,4,APEX1,False,0.7755,0.9734,1.1509,0.9578,0.8351,0.816
497,BACE1,4.7601,4,APEX1,False,0.7755,0.9734,1.1509,0.9578,0.8351,0.816
497,SEC23B,4.7601,4,APEX1,False,0.7755,0.9734,1.1509,0.9578,0.8351,0.816
497,PADI4,4.2734,7,APEX1,False,0.7755,0.9734,1.1509,0.9578,0.8351,0.816
497,HADHB,4.2734,7,APEX1,False,0.7755,0.9734,1.1509,0.9578,0.8351,0.816
497,RFC4,4.2734,7,APEX1,False,0.7755,0.9734,1.1509,0.9578,0.8351,0.816
497,SF3B3,4.2734,7,APEX1,False,0.7755,0.9734,1.1509,0.9578,0.8351,0.816
497,PERP,3.8654,11,APEX1,False,0.7755,0.9734,1.1509,0.9578,0.8351,0.816
497,PRDX2,2.2736,12,APEX1,False,0.7755,0.9734,1.1509,0.9578,0.8351,0.816
497,KDM1A,0.8351,13,APEX1,False,0.7755,0.9734,1.1509,0.9578,0.8351,0.816
498,APEX1,8.1115,1,APEX1,True,1.105,0.7539,0.8077,0.9195,1.0405,0.923
498,TNFRSF10C,5.5766,2,APEX1,False,1.105,0.7539,0.8077,0.9195,1.0405,0.923
498,ARID5B,5.5766,2,APEX1,False,1.105,0.7539,0.8077,0.9195,1.0405,0.923
498,DHFR,5.1997,4,APEX1,False,1.105,0.7539,0.8077,0.9195,1.0405,0.923
498,BACE1,5.1997,4,APEX1,False,1.105,0.7539,0.8077,0.9195,1.0405,0.923
498,SEC23B,5.1997,4,APEX1,False,1.105,0.7539,0.8077,0.9195,1.0405,0.923
498,PADI4,4.8228,7,APEX1,False,1.105,0.7539,0.8077,0.9195,1.0405,0.923
498,HADHB,4.8228,7,APEX1,False,1.105,0.7539,0.8077,0.9195,1.0405,0.923
498,RFC4,4.8228,7,APEX1,False,1.105,0.7539,0.8077,0.9195,1.0405,0.923
498,SF3B3,4.8228,7,APEX1,False,1.105,0.7539,0.8077,0.9195,1.0405,0.923
498,PERP,4.3613,11,APEX1,False,1.105,0.7539,0.8077,0.9195,1.0405,0.923
498,PRDX2,2.6472,12,APEX1,False,1.105,0.7539,0.8077,0.9195,1.0405,0.923
498,KDM1A,1.0405,13,APEX1,False,1.105,0.7539,0.8077,0.9195,1.0405,0.923
499,APEX1,9.6745,1,APEX1,True,1.0106,1.05,1.2152,1.0622,1.1046,0.9438
499,TNFRSF10C,6.1818,2,APEX1,False,1.0106,1.05,1.2152,1.0622,1.1046,0.9438
499,ARID5B,6.1818,2,APEX1,False,1.0106,1.05,1.2152,1.0622,1.1046,0.9438
499,DHFR,5.6568,4,APEX1,False,1.0106,1.05,1.2152,1.0622,1.1046,0.9438
499,BACE1,5.6568,4,APEX1,False,1.0106,1.05,1.2152,1.0622,1.1046,0.9438
499,SEC23B,5.6568,4,APEX1,False,1.0106,1.05,1.2152,1.0622,1.1046,0.9438
499,PADI4,5.1318,7,APEX1,False,1.0106,1.05,1.2152,1.0622,1.1046,0.9438
499,HADHB,5.1318,7,APEX1,False,1.0106,1.05,1.2152,1.0622,1.1046,0.9438
499,RFC4,5.1318,7,APEX1,False,1.0106,1.05,1.2152,1.0622,1.1046,0.9438
499,SF3B3,5.1318,7,APEX1,False,1.0106,1.05,1.2152,1.0622,1.1046,0.9438
499,PERP,4.6599,11,APEX1,False,1.0106,1.05,1.2152,1.0622,1.1046,0.9438
499,PRDX2,2.7979,12,APEX1,False,1.0106,1.05,1.2152,1.0622,1.1046,0.9438
499,KDM1A,1.1046,13,APEX1,False,1.0106,1.05,1.2152,1.0622,1.1046,0.9438
500,APEX1,9.7325,1,APEX1,True,1.2426,0.909,1.0947,1.0882,0.8716,0.8948
500,TNFRSF10C,6.4549,2,APEX1,False,1.2426,0.909,1.0947,1.0882,0.8716,0.8948
500,ARID5B,6.4549,2,APEX1,False,1.2426,0.909,1.0947,1.0882,0.8716,0.8948
500,DHFR,6.0004,4,APEX1,False,1.2426,0.909,1.0947,1.0882,0.8716,0.8948
500,BACE1,6.0004,4,APEX1,False,1.2426,0.909,1.0947,1.0882,0.8716,0.8948
500,SEC23B,6.0004,4,APEX1,False,1.2426,0.909,1.0947,1.0882,0.8716,0.8948
500,PADI4,5.5458,7,APEX1,False,1.2426,0.909,1.0947,1.0882,0.8716,0.8948
500,HADHB,5.5458,7,APEX1,False,1.2426,0.909,1.0947,1.0882,0.8716,0.8948
500,RFC4,5.5458,7,APEX1,False,1.2426,0.909,1.0947,1.0882,0.8716,0.8948
500,SF3B3,5.5458,7,APEX1,False,1.2426,0.909,1.0947,1.0882,0.8716,0.8948
500,PERP,5.0984,11,APEX1,False,1.2426,0.909,1.0947,1.0882,0.8716,0.8948
500,PRDX2,3.3064,12,APEX1,False,1.2426,0.909,1.0947,1.0882,0.8716,0.8948
500,KDM1A,0.8716,13,APEX1,False,1.2426,0.909,1.0947,1.0882,0.8716,0.8948
501,APEX1,9.0619,1,APEX1,True,1.0974,0.9783,0.8546,1.1258,0.8294,0.7915
501,TNFRSF10C,6.227,2,APEX1,False,1.0974,0.9783,0.8546,1.1258,0.8294,0.7915
501,ARID5B,6.227,2,APEX1,False,1.0974,0.9783,0.8546,1.1258,0.8294,0.7915
501,DHFR,5.7378,4,APEX1,False,1.0974,0.9783,0.8546,1.1258,0.8294,0.7915
501,BACE1,5.7378,4,APEX1,False,1.0974,0.9783,0.8546,1.1258,0.8294,0.7915
501,SEC23B,5.7378,4,APEX1,False,1.0974,0.9783,0.8546,1.1258,0.8294,0.7915
501,PADI4,5.2487,7,APEX1,False,1.0974,0.9783,0.8546,1.1258,0.8294,0.7915
501,HADHB,5.2487,7,APEX1,False,1.0974,0.9783,0.8546,1.1258,0.8294,0.7915
501,RFC4,5.2487,7,APEX1,False,1.0974,0.9783,0.8546,1.1258,0.8294,0.7915
501,SF3B3,5.2487,7,APEX1,False,1.0974,0.9783,0.8546,1.1258,0.8294,0.7915
501,PERP,4.853,11,APEX1,False,1.0974,0.9783,0.8546,1.1258,0.8294,0.7915
501,PRDX2,2.8065,12,APEX1,False,1.0974,0.9783,0.8546,1.1258,0.8294,0.7915
501,KDM1A,0.8294,13,APEX1,False,1.0974,0.9783,0.8546,1.1258,0.8294,0.7915
502,APEX1,7.884,1,APEX1,True,0.8398,0.7532,1.0193,1.0667,1.2201,0.9794
502,TNFRSF10C,4.7787,2,APEX1,False,0.8398,0.7532,1.0193,1.0667,1.2201,0.9794
502,ARID5B,4.7787,2,APEX1,False,0.8398,0.7532,1.0193,1.0667,1.2201,0.9794
502,DHFR,4.4021,4,APEX1,False,0.8398,0.7532,1.0193,1.0667,1.2201,0.9794
502,BACE1,4.4021,4,APEX1,False,0.8398,0.7532,1.0193,1.0667,1.2201,0.9794
502,SEC23B,4.4021,4,APEX1,False,0.8398,0.7532,1.0193,1.0667,1.2201,0.9794
502,PADI4,4.0256,7,APEX1,False,0.8398,0.7532,1.0193,1.0667,1.2201,0.9794
502,HADHB,4.0256,7,APEX1,False,0.8398,0.7532,1.0193,1.0667,1.2201,0.9794
502,RFC4,4.0256,7,APEX1,False,0.8398,0.7532,1.0193,1.0667,1.2201,0.9794
502,SF3B3,4.0256,7,APEX1,False,0.8398,0.7532,1.0193,1.0667,1.2201,0.9794
502,PERP,3.5359,11,APEX1,False,0.8398,0.7532,1.0193,1.0667,1.2201,0.9794
502,PRDX2,2.1393,12,APEX1,False,0.8398,0.7532,1.0193,1.0667,1.2201,0.9794
502,KDM1A,1.2201,13,APEX1,False,0.8398,0.7532,1.0193,1.0667,1.2201,0.9794
503,APEX1,9.4011,1,APEX1,True,0.8877,1.2417,1.0435,0.9258,1.0307,0.8192
503,TNFRSF10C,6.3884,2,APEX1,False,0.8877,1.2417,1.0435,0.9258,1.0307,0.8192
503,ARID5B,6.3884,2,APEX1,False,0.8877,1.2417,1.0435,0.9258,1.0307,0.8192
503,DHFR,5.7675,4,APEX1,False,0.8877,1.2417,1.0435,0.9258,1.0307,0.8192
503,BACE1,5.7675,4,APEX1,False,0.8877,1.2417,1.0435,0.9258,1.0307,0.8192
503,SEC23B,5.7675,4,APEX1,False,0.8877,1.2417,1.0435,0.9258,1.0307,0.8192
503,PADI4,5.1467,7,APEX1,False,0.8877,1.2417,1.0435,0.9258,1.0307,0.8192
503,HADHB,5.1467,7,APEX1,False,0.8877,1.2417,1.0435,0.9258,1.0307,0.8192
503,RFC4,5.1467,7,APEX1,False,0.8877,1.2417,1.0435,0.9258,1.0307,0.8192
503,SF3B3,5.1467,7,APEX1,False,0.8877,1.2417,1.0435,0.9258,1.0307,0.8192
503,PERP,4.737,11,APEX1,False,0.8877,1.2417,1.0435,0.9258,1.0307,0.8192
503,PRDX2,2.4436,12,APEX1,False,0.8877,1.2417,1.0435,0.9258,1.0307,0.8192
503,KDM1A,1.0307,13,APEX1,False,0.8877,1.2417,1.0435,0.9258,1.0307,0.8192
504,APEX1,8.9076,1,APEX1,True,0.8118,1.0435,1.1849,0.9719,0.8418,0.8407
504,TNFRSF10C,5.5658,2,APEX1,False,0.8118,1.0435,1.1849,0.9719,0.8418,0.8407
504,ARID5B,5.5658,2,APEX1,False,0.8118,1.0435,1.1849,0.9719,0.8418,0.8407
504,DHFR,5.0441,4,APEX1,False,0.8118,1.0435,1.1849,0.9719,0.8418,0.8407
504,BACE1,5.0441,4,APEX1,False,0.8118,1.0435,1.1849,0.9719,0.8418,0.8407
504,SEC23B,5.0441,4,APEX1,False,0.8118,1.0435,1.1849,0.9719,0.8418,0.8407
504,PADI4,4.5223,7,APEX1,False,0.8118,1.0435,1.1849,0.9719,0.8418,0.8407
504,HADHB,4.5223,7,APEX1,False,0.8118,1.0435,1.1849,0.9719,0.8418,0.8407
504,RFC4,4.5223,7,APEX1,False,0.8118,1.0435,1.1849,0.9719,0.8418,0.8407
504,SF3B3,4.5223,7,APEX1,False,0.8118,1.0435,1.1849,0.9719,0.8418,0.8407
504,PERP,4.102,11,APEX1,False,0.8118,1.0435,1.1849,0.9719,0.8418,0.8407
504,PRDX2,2.3737,12,APEX1,False,0.8118,1.0435,1.1849,0.9719,0.8418,0.8407
504,KDM1A,0.8418,13,APEX1,False,0.8118,1.0435,1.1849,0.9719,0.8418,0.8407
505,APEX1,9.8578,1,APEX1,True,1.0486,1.2218,1.0389,0.9692,0.8395,0.9541
505,TNFRSF10C,6.8109,2,APEX1,False,1.0486,1.2218,1.0389,0.9692,0.8395,0.9541
505,ARID5B,6.8109,2,APEX1,False,1.0486,1.2218,1.0389,0.9692,0.8395,0.9541
505,DHFR,6.2001,4,APEX1,False,1.0486,1.2218,1.0389,0.9692,0.8395,0.9541
505,BACE1,6.2001,4,APEX1,False,1.0486,1.2218,1.0389,0.9692,0.8395,0.9541
505,SEC23B,6.2001,4,APEX1,False,1.0486,1.2218,1.0389,0.9692,0.8395,0.9541
505,PADI4,5.5892,7,APEX1,False,1.0486,1.2218,1.0389,0.9692,0.8395,0.9541
505,HADHB,5.5892,7,APEX1,False,1.0486,1.2218,1.0389,0.9692,0.8395,0.9541
505,RFC4,5.5892,7,APEX1,False,1.0486,1.2218,1.0389,0.9692,0.8395,0.9541
505,SF3B3,5.5892,7,APEX1,False,1.0486,1.2218,1.0389,0.9692,0.8395,0.9541
505,PERP,5.1121,11,APEX1,False,1.0486,1.2218,1.0389,0.9692,0.8395,0.9541
505,PRDX2,2.7061,12,APEX1,False,1.0486,1.2218,1.0389,0.9692,0.8395,0.9541
505,KDM1A,0.8395,13,APEX1,False,1.0486,1.2218,1.0389,0.9692,0.8395,0.9541
506,APEX1,8.5528,1,APEX1,True,1.0851,0.7596,1.1241,0.7705,0.9804,0.8385
506,TNFRSF10C,5.5341,2,APEX1,False,1.0851,0.7596,1.1241,0.7705,0.9804,0.8385
506,ARID5B,5.5341,2,APEX1,False,1.0851,0.7596,1.1241,0.7705,0.9804,0.8385
506,DHFR,5.1543,4,APEX1,False,1.0851,0.7596,1.1241,0.7705,0.9804,0.8385
506,BACE1,5.1543,4,APEX1,False,1.0851,0.7596,1.1241,0.7705,0.9804,0.8385
506,SEC23B,5.1543,4,APEX1,False,1.0851,0.7596,1.1241,0.7705,0.9804,0.8385
506,PADI4,4.7745,7,APEX1,False,1.0851,0.7596,1.1241,0.7705,0.9804,0.8385
506,HADHB,4.7745,7,APEX1,False,1.0851,0.7596,1.1241,0.7705,0.9804,0.8385
506,RFC4,4.7745,7,APEX1,False,1.0851,0.7596,1.1241,0.7705,0.9804,0.8385
506,SF3B3,4.7745,7,APEX1,False,1.0851,0.7596,1.1241,0.7705,0.9804,0.8385
506,PERP,4.3553,11,APEX1,False,1.0851,0.7596,1.1241,0.7705,0.9804,0.8385
506,PRDX2,2.9984,12,APEX1,False,1.0851,0.7596,1.1241,0.7705,0.9804,0.8385
506,KDM1A,0.9804,13,APEX1,False,1.0851,0.7596,1.1241,0.7705,0.9804,0.8385
507,APEX1,9.2161,1,APEX1,True,1.1298,1.1569,0.764,0.828,1.0164,1.0025
507,TNFRSF10C,6.8602,2,APEX1,False,1.1298,1.1569,0.764,0.828,1.0164,1.0025
507,ARID5B,6.8602,2,APEX1,False,1.1298,1.1569,0.764,0.828,1.0164,1.0025
507,DHFR,6.2817,4,APEX1,False,1.1298,1.1569,0.764,0.828,1.0164,1.0025
507,BACE1,6.2817,4,APEX1,False,1.1298,1.1569,0.764,0.828,1.0164,1.0025
507,SEC23B,6.2817,4,APEX1,False,1.1298,1.1569,0.764,0.828,1.0164,1.0025
507,PADI4,5.7033,7,APEX1,False,1.1298,1.1569,0.764,0.828,1.0164,1.0025
507,HADHB,5.7033,7,APEX1,False,1.1298,1.1569,0.764,0.828,1.0164,1.0025
507,RFC4,5.7033,7,APEX1,False,1.1298,1.1569,0.764,0.828,1.0164,1.0025
507,SF3B3,5.7033,7,APEX1,False,1.1298,1.1569,0.764,0.828,1.0164,1.0025
507,PERP,5.202,11,APEX1,False,1.1298,1.1569,0.764,0.828,1.0164,1.0025
507,PRDX2,2.586,12,APEX1,False,1.1298,1.1569,0.764,0.828,1.0164,1.0025
507,KDM1A,1.0164,13,APEX1,False,1.1298,1.1569,0.764,0.828,1.0164,1.0025
508,APEX1,9.8383,1,APEX1,True,0.9286,1.2289,1.2112,0.9433,0.982,0.8137
508,TNFRSF10C,6.4727,2,APEX1,False,0.9286,1.2289,1.2112,0.9433,0.982,0.8137
508,ARID5B,6.4727,2,APEX1,False,0.9286,1.2289,1.2112,0.9433,0.982,0.8137
508,DHFR,5.8582,4,APEX1,False,0.9286,1.2289,1.2112,0.9433,0.982,0.8137
508,BACE1,5.8582,4,APEX1,False,0.9286,1.2289,1.2112,0.9433,0.982,0.8137
508,SEC23B,5.8582,4,APEX1,False,0.9286,1.2289,1.2112,0.9433,0.982,0.8137
508,PADI4,5.2437,7,APEX1,False,0.9286,1.2289,1.2112,0.9433,0.982,0.8137
508,HADHB,5.2437,7,APEX1,False,0.9286,1.2289,1.2112,0.9433,0.982,0.8137
508,RFC4,5.2437,7,APEX1,False,0.9286,1.2289,1.2112,0.9433,0.982,0.8137
508,SF3B3,5.2437,7,APEX1,False,0.9286,1.2289,1.2112,0.9433,0.982,0.8137
508,PERP,4.8369,11,APEX1,False,0.9286,1.2289,1.2112,0.9433,0.982,0.8137
508,PRDX2,2.719,12,APEX1,False,0.9286,1.2289,1.2112,0.9433,0.982,0.8137
508,KDM1A,0.982,13,APEX1,False,0.9286,1.2289,1.2112,0.9433,0.982,0.8137
509,APEX1,8.5537,1,APEX1,True,0.9697,0.8755,1.0672,0.8836,1.2315,0.8207
509,TNFRSF10C,5.5356,2,APEX1,False,0.9697,0.8755,1.0672,0.8836,1.2315,0.8207
509,ARID5B,5.5356,2,APEX1,False,0.9697,0.8755,1.0672,0.8836,1.2315,0.8207
509,DHFR,5.0979,4,APEX1,False,0.9697,0.8755,1.0672,0.8836,1.2315,0.8207
509,BACE1,5.0979,4,APEX1,False,0.9697,0.8755,1.0672,0.8836,1.2315,0.8207
509,SEC23B,5.0979,4,APEX1,False,0.9697,0.8755,1.0672,0.8836,1.2315,0.8207
509,PADI4,4.6601,7,APEX1,False,0.9697,0.8755,1.0672,0.8836,1.2315,0.8207
509,HADHB,4.6601,7,APEX1,False,0.9697,0.8755,1.0672,0.8836,1.2315,0.8207
509,RFC4,4.6601,7,APEX1,False,0.9697,0.8755,1.0672,0.8836,1.2315,0.8207
509,SF3B3,4.6601,7,APEX1,False,0.9697,0.8755,1.0672,0.8836,1.2315,0.8207
509,PERP,4.2498,11,APEX1,False,0.9697,0.8755,1.0672,0.8836,1.2315,0.8207
509,PRDX2,2.6707,12,APEX1,False,0.9697,0.8755,1.0672,0.8836,1.2315,0.8207
509,KDM1A,1.2315,13,APEX1,False,0.9697,0.8755,1.0672,0.8836,1.2315,0.8207
510,APEX1,10.8846,1,APEX1,True,1.2435,1.1989,1.2202,1.1172,1.201,1.015
510,TNFRSF10C,7.3271,2,APEX1,False,1.2435,1.1989,1.2202,1.1172,1.201,1.015
510,ARID5B,7.3271,2,APEX1,False,1.2435,1.1989,1.2202,1.1172,1.201,1.015
510,DHFR,6.7277,4,APEX1,False,1.2435,1.1989,1.2202,1.1172,1.201,1.015
510,BACE1,6.7277,4,APEX1,False,1.2435,1.1989,1.2202,1.1172,1.201,1.015
510,SEC23B,6.7277,4,APEX1,False,1.2435,1.1989,1.2202,1.1172,1.201,1.015
510,PADI4,6.1283,7,APEX1,False,1.2435,1.1989,1.2202,1.1172,1.201,1.015
510,HADHB,6.1283,7,APEX1,False,1.2435,1.1989,1.2202,1.1172,1.201,1.015
510,RFC4,6.1283,7,APEX1,False,1.2435,1.1989,1.2202,1.1172,1.201,1.015
510,SF3B3,6.1283,7,APEX1,False,1.2435,1.1989,1.2202,1.1172,1.201,1.015
510,PERP,5.6208,11,APEX1,False,1.2435,1.1989,1.2202,1.1172,1.201,1.015
510,PRDX2,3.314,12,APEX1,False,1.2435,1.1989,1.2202,1.1172,1.201,1.015
510,KDM1A,1.201,13,APEX1,False,1.2435,1.1989,1.2202,1.1172,1.201,1.015
511,APEX1,9.672,1,APEX1,True,1.1978,1.1681,0.8011,0.972,1.0683,0.7547
511,TNFRSF10C,7.0977,2,APEX1,False,1.1978,1.1681,0.8011,0.972,1.0683,0.7547
511,ARID5B,7.0977,2,APEX1,False,1.1978,1.1681,0.8011,0.972,1.0683,0.7547
511,DHFR,6.5137,4,APEX1,False,1.1978,1.1681,0.8011,0.972,1.0683,0.7547
511,BACE1,6.5137,4,APEX1,False,1.1978,1.1681,0.8011,0.972,1.0683,0.7547
511,SEC23B,6.5137,4,APEX1,False,1.1978,1.1681,0.8011,0.972,1.0683,0.7547
511,PADI4,5.9296,7,APEX1,False,1.1978,1.1681,0.8011,0.972,1.0683,0.7547
511,HADHB,5.9296,7,APEX1,False,1.1978,1.1681,0.8011,0.972,1.0683,0.7547
511,RFC4,5.9296,7,APEX1,False,1.1978,1.1681,0.8011,0.972,1.0683,0.7547
511,SF3B3,5.9296,7,APEX1,False,1.1978,1.1681,0.8011,0.972,1.0683,0.7547
511,PERP,5.5523,11,APEX1,False,1.1978,1.1681,0.8011,0.972,1.0683,0.7547
511,PRDX2,3.041,12,APEX1,False,1.1978,1.1681,0.8011,0.972,1.0683,0.7547
511,KDM1A,1.0683,13,APEX1,False,1.1978,1.1681,0.8011,0.972,1.0683,0.7547
512,APEX1,8.8775,1,APEX1,True,1.1299,1.028,0.7595,0.8847,1.1379,0.8597
512,TNFRSF10C,6.4737,2,APEX1,False,1.1299,1.028,0.7595,0.8847,1.1379,0.8597
512,ARID5B,6.4737,2,APEX1,False,1.1299,1.028,0.7595,0.8847,1.1379,0.8597
512,DHFR,5.9597,4,APEX1,False,1.1299,1.028,0.7595,0.8847,1.1379,0.8597
512,BACE1,5.9597,4,APEX1,False,1.1299,1.028,0.7595,0.8847,1.1379,0.8597
512,SEC23B,5.9597,4,APEX1,False,1.1299,1.028,0.7595,0.8847,1.1379,0.8597
512,PADI4,5.4457,7,APEX1,False,1.1299,1.028,0.7595,0.8847,1.1379,0.8597
512,HADHB,5.4457,7,APEX1,False,1.1299,1.028,0.7595,0.8847,1.1379,0.8597
512,RFC4,5.4457,7,APEX1,False,1.1299,1.028,0.7595,0.8847,1.1379,0.8597
512,SF3B3,5.4457,7,APEX1,False,1.1299,1.028,0.7595,0.8847,1.1379,0.8597
512,PERP,5.0159,11,APEX1,False,1.1299,1.028,0.7595,0.8847,1.1379,0.8597
512,PRDX2,2.7246,12,APEX1,False,1.1299,1.028,0.7595,0.8847,1.1379,0.8597
512,KDM1A,1.1379,13,APEX1,False,1.1299,1.028,0.7595,0.8847,1.1379,0.8597
513,APEX1,8.0749,1,APEX1,True,0.7536,1.0155,0.96,0.8479,0.8699,1.2176
513,TNFRSF10C,5.3071,2,APEX1,False,0.7536,1.0155,0.96,0.8479,0.8699,1.2176
513,ARID5B,5.3071,2,APEX1,False,0.7536,1.0155,0.96,0.8479,0.8699,1.2176
513,DHFR,4.7994,4,APEX1,False,0.7536,1.0155,0.96,0.8479,0.8699,1.2176
513,BACE1,4.7994,4,APEX1,False,0.7536,1.0155,0.96,0.8479,0.8699,1.2176
513,SEC23B,4.7994,4,APEX1,False,0.7536,1.0155,0.96,0.8479,0.8699,1.2176
513,PADI4,4.2917,7,APEX1,False,0.7536,1.0155,0.96,0.8479,0.8699,1.2176
513,HADHB,4.2917,7,APEX1,False,0.7536,1.0155,0.96,0.8479,0.8699,1.2176
513,RFC4,4.2917,7,APEX1,False,0.7536,1.0155,0.96,0.8479,0.8699,1.2176
513,SF3B3,4.2917,7,APEX1,False,0.7536,1.0155,0.96,0.8479,0.8699,1.2176
513,PERP,3.6829,11,APEX1,False,0.7536,1.0155,0.96,0.8479,0.8699,1.2176
513,PRDX2,1.6263,12,APEX1,False,0.7536,1.0155,0.96,0.8479,0.8699,1.2176
513,KDM1A,0.8699,13,APEX1,False,0.7536,1.0155,0.96,0.8479,0.8699,1.2176
514,APEX1,8.2756,1,APEX1,True,0.8481,0.8061,1.1739,0.9653,0.8966,1.242
514,TNFRSF10C,4.9625,2,APEX1,False,0.8481,0.8061,1.1739,0.9653,0.8966,1.242
514,ARID5B,4.9625,2,APEX1,False,0.8481,0.8061,1.1739,0.9653,0.8966,1.242
514,DHFR,4.5594,4,APEX1,False,0.8481,0.8061,1.1739,0.9653,0.8966,1.242
514,BACE1,4.5594,4,APEX1,False,0.8481,0.8061,1.1739,0.9653,0.8966,1.242
514,SEC23B,4.5594,4,APEX1,False,0.8481,0.8061,1.1739,0.9653,0.8966,1.242
514,PADI4,4.1564,7,APEX1,False,0.8481,0.8061,1.1739,0.9653,0.8966,1.242
514,HADHB,4.1564,7,APEX1,False,0.8481,0.8061,1.1739,0.9653,0.8966,1.242
514,RFC4,4.1564,7,APEX1,False,0.8481,0.8061,1.1739,0.9653,0.8966,1.242
514,SF3B3,4.1564,7,APEX1,False,0.8481,0.8061,1.1739,0.9653,0.8966,1.242
514,PERP,3.5354,11,APEX1,False,0.8481,0.8061,1.1739,0.9653,0.8966,1.242
514,PRDX2,2.052,12,APEX1,False,0.8481,0.8061,1.1739,0.9653,0.8966,1.242
514,KDM1A,0.8966,13,APEX1,False,0.8481,0.8061,1.1739,0.9653,0.8966,1.242
515,APEX1,9.0558,1,APEX1,True,1.1139,0.992,0.9186,0.9009,1.0839,1.0724
515,TNFRSF10C,6.3177,2,APEX1,False,1.1139,0.992,0.9186,0.9009,1.0839,1.0724
515,ARID5B,6.3177,2,APEX1,False,1.1139,0.992,0.9186,0.9009,1.0839,1.0724
515,DHFR,5.8217,4,APEX1,False,1.1139,0.992,0.9186,0.9009,1.0839,1.0724
515,BACE1,5.8217,4,APEX1,False,1.1139,0.992,0.9186,0.9009,1.0839,1.0724
515,SEC23B,5.8217,4,APEX1,False,1.1139,0.992,0.9186,0.9009,1.0839,1.0724
515,PADI4,5.3257,7,APEX1,False,1.1139,0.992,0.9186,0.9009,1.0839,1.0724
515,HADHB,5.3257,7,APEX1,False,1.1139,0.992,0.9186,0.9009,1.0839,1.0724
515,RFC4,5.3257,7,APEX1,False,1.1139,0.992,0.9186,0.9009,1.0839,1.0724
515,SF3B3,5.3257,7,APEX1,False,1.1139,0.992,0.9186,0.9009,1.0839,1.0724
515,PERP,4.7895,11,APEX1,False,1.1139,0.992,0.9186,0.9009,1.0839,1.0724
515,PRDX2,2.631,12,APEX1,False,1.1139,0.992,0.9186,0.9009,1.0839,1.0724
515,KDM1A,1.0839,13,APEX1,False,1.1139,0.992,0.9186,0.9009,1.0839,1.0724
516,APEX1,8.6144,1,APEX1,True,0.9185,0.9124,1.0204,1.0809,0.8077,1.1846
516,TNFRSF10C,5.4927,2,APEX1,False,0.9185,0.9124,1.0204,1.0809,0.8077,1.1846
516,ARID5B,5.4927,2,APEX1,False,0.9185,0.9124,1.0204,1.0809,0.8077,1.1846
516,DHFR,5.0365,4,APEX1,False,0.9185,0.9124,1.0204,1.0809,0.8077,1.1846
516,BACE1,5.0365,4,APEX1,False,0.9185,0.9124,1.0204,1.0809,0.8077,1.1846
516,SEC23B,5.0365,4,APEX1,False,0.9185,0.9124,1.0204,1.0809,0.8077,1.1846
516,PADI4,4.5803,7,APEX1,False,0.9185,0.9124,1.0204,1.0809,0.8077,1.1846
516,HADHB,4.5803,7,APEX1,False,0.9185,0.9124,1.0204,1.0809,0.8077,1.1846
516,RFC4,4.5803,7,APEX1,False,0.9185,0.9124,1.0204,1.0809,0.8077,1.1846
516,SF3B3,4.5803,7,APEX1,False,0.9185,0.9124,1.0204,1.0809,0.8077,1.1846
516,PERP,3.988,11,APEX1,False,0.9185,0.9124,1.0204,1.0809,0.8077,1.1846
516,PRDX2,2.1321,12,APEX1,False,0.9185,0.9124,1.0204,1.0809,0.8077,1.1846
516,KDM1A,0.8077,13,APEX1,False,0.9185,0.9124,1.0204,1.0809,0.8077,1.1846
517,APEX1,9.1929,1,APEX1,True,0.9364,1.0211,1.1981,0.9242,0.9012,1.1961
517,TNFRSF10C,5.8724,2,APEX1,False,0.9364,1.0211,1.1981,0.9242,0.9012,1.1961
517,ARID5B,5.8724,2,APEX1,False,0.9364,1.0211,1.1981,0.9242,0.9012,1.1961
517,DHFR,5.3619,4,APEX1,False,0.9364,1.0211,1.1981,0.9242,0.9012,1.1961
517,BACE1,5.3619,4,APEX1,False,0.9364,1.0211,1.1981,0.9242,0.9012,1.1961
517,SEC23B,5.3619,4,APEX1,False,0.9364,1.0211,1.1981,0.9242,0.9012,1.1961
517,PADI4,4.8514,7,APEX1,False,0.9364,1.0211,1.1981,0.9242,0.9012,1.1961
517,HADHB,4.8514,7,APEX1,False,0.9364,1.0211,1.1981,0.9242,0.9012,1.1961
517,RFC4,4.8514,7,APEX1,False,0.9364,1.0211,1.1981,0.9242,0.9012,1.1961
517,SF3B3,4.8514,7,APEX1,False,0.9364,1.0211,1.1981,0.9242,0.9012,1.1961
517,PERP,4.2533,11,APEX1,False,0.9364,1.0211,1.1981,0.9242,0.9012,1.1961
517,PRDX2,2.3431,12,APEX1,False,0.9364,1.0211,1.1981,0.9242,0.9012,1.1961
517,KDM1A,0.9012,13,APEX1,False,0.9364,1.0211,1.1981,0.9242,0.9012,1.1961
518,APEX1,8.1479,1,APEX1,True,0.9031,0.8436,1.0473,0.8134,0.9904,1.0458
518,TNFRSF10C,5.24,2,APEX1,False,0.9031,0.8436,1.0473,0.8134,0.9904,1.0458
518,ARID5B,5.24,2,APEX1,False,0.9031,0.8436,1.0473,0.8134,0.9904,1.0458
518,DHFR,4.8182,4,APEX1,False,0.9031,0.8436,1.0473,0.8134,0.9904,1.0458
518,BACE1,4.8182,4,APEX1,False,0.9031,0.8436,1.0473,0.8134,0.9904,1.0458
518,SEC23B,4.8182,4,APEX1,False,0.9031,0.8436,1.0473,0.8134,0.9904,1.0458
518,PADI4,4.3964,7,APEX1,False,0.9031,0.8436,1.0473,0.8134,0.9904,1.0458
518,HADHB,4.3964,7,APEX1,False,0.9031,0.8436,1.0473,0.8134,0.9904,1.0458
518,RFC4,4.3964,7,APEX1,False,0.9031,0.8436,1.0473,0.8134,0.9904,1.0458
518,SF3B3,4.3964,7,APEX1,False,0.9031,0.8436,1.0473,0.8134,0.9904,1.0458
518,PERP,3.8735,11,APEX1,False,0.9031,0.8436,1.0473,0.8134,0.9904,1.0458
518,PRDX2,2.2592,12,APEX1,False,0.9031,0.8436,1.0473,0.8134,0.9904,1.0458
518,KDM1A,0.9904,13,APEX1,False,0.9031,0.8436,1.0473,0.8134,0.9904,1.0458
519,APEX1,10.3467,1,APEX1,True,1.233,1.1473,1.2272,0.7513,0.8936,1.0551
519,TNFRSF10C,7.1411,2,APEX1,False,1.233,1.1473,1.2272,0.7513,0.8936,1.0551
519,ARID5B,7.1411,2,APEX1,False,1.233,1.1473,1.2272,0.7513,0.8936,1.0551
519,DHFR,6.5674,4,APEX1,False,1.233,1.1473,1.2272,0.7513,0.8936,1.0551
519,BACE1,6.5674,4,APEX1,False,1.233,1.1473,1.2272,0.7513,0.8936,1.0551
519,SEC23B,6.5674,4,APEX1,False,1.233,1.1473,1.2272,0.7513,0.8936,1.0551
519,PADI4,5.9938,7,APEX1,False,1.233,1.1473,1.2272,0.7513,0.8936,1.0551
519,HADHB,5.9938,7,APEX1,False,1.233,1.1473,1.2272,0.7513,0.8936,1.0551
519,RFC4,5.9938,7,APEX1,False,1.233,1.1473,1.2272,0.7513,0.8936,1.0551
519,SF3B3,5.9938,7,APEX1,False,1.233,1.1473,1.2272,0.7513,0.8936,1.0551
519,PERP,5.4662,11,APEX1,False,1.233,1.1473,1.2272,0.7513,0.8936,1.0551
519,PRDX2,3.2546,12,APEX1,False,1.233,1.1473,1.2272,0.7513,0.8936,1.0551
519,KDM1A,0.8936,13,APEX1,False,1.233,1.1473,1.2272,0.7513,0.8936,1.0551
520,APEX1,8.5447,1,APEX1,True,1.0596,0.966,0.8553,0.7573,1.1051,0.8958
520,TNFRSF10C,6.0769,2,APEX1,False,1.0596,0.966,0.8553,0.7573,1.1051,0.8958
520,ARID5B,6.0769,2,APEX1,False,1.0596,0.966,0.8553,0.7573,1.1051,0.8958
520,DHFR,5.5939,4,APEX1,False,1.0596,0.966,0.8553,0.7573,1.1051,0.8958
520,BACE1,5.5939,4,APEX1,False,1.0596,0.966,0.8553,0.7573,1.1051,0.8958
520,SEC23B,5.5939,4,APEX1,False,1.0596,0.966,0.8553,0.7573,1.1051,0.8958
520,PADI4,5.1109,7,APEX1,False,1.0596,0.966,0.8553,0.7573,1.1051,0.8958
520,HADHB,5.1109,7,APEX1,False,1.0596,0.966,0.8553,0.7573,1.1051,0.8958
520,RFC4,5.1109,7,APEX1,False,1.0596,0.966,0.8553,0.7573,1.1051,0.8958
520,SF3B3,5.1109,7,APEX1,False,1.0596,0.966,0.8553,0.7573,1.1051,0.8958
520,PERP,4.663,11,APEX1,False,1.0596,0.966,0.8553,0.7573,1.1051,0.8958
520,PRDX2,2.6085,12,APEX1,False,1.0596,0.966,0.8553,0.7573,1.1051,0.8958
520,KDM1A,1.1051,13,APEX1,False,1.0596,0.966,0.8553,0.7573,1.1051,0.8958
521,APEX1,10.3088,1,APEX1,True,1.1845,1.2285,1.0264,1.0168,1.0211,0.9873
521,TNFRSF10C,7.2392,2,APEX1,False,1.1845,1.2285,1.0264,1.0168,1.0211,0.9873
521,ARID5B,7.2392,2,APEX1,False,1.1845,1.2285,1.0264,1.0168,1.0211,0.9873
521,DHFR,6.625,4,APEX1,False,1.1845,1.2285,1.0264,1.0168,1.0211,0.9873
521,BACE1,6.625,4,APEX1,False,1.1845,1.2285,1.0264,1.0168,1.0211,0.9873
521,SEC23B,6.625,4,APEX1,False,1.1845,1.2285,1.0264,1.0168,1.0211,0.9873
521,PADI4,6.0107,7,APEX1,False,1.1845,1.2285,1.0264,1.0168,1.0211,0.9873
521,HADHB,6.0107,7,APEX1,False,1.1845,1.2285,1.0264,1.0168,1.0211,0.9873
521,RFC4,6.0107,7,APEX1,False,1.1845,1.2285,1.0264,1.0168,1.0211,0.9873
521,SF3B3,6.0107,7,APEX1,False,1.1845,1.2285,1.0264,1.0168,1.0211,0.9873
521,PERP,5.517,11,APEX1,False,1.1845,1.2285,1.0264,1.0168,1.0211,0.9873
521,PRDX2,3.0005,12,APEX1,False,1.1845,1.2285,1.0264,1.0168,1.0211,0.9873
521,KDM1A,1.0211,13,APEX1,False,1.1845,1.2285,1.0264,1.0168,1.0211,0.9873
522,APEX1,9.0433,1,APEX1,True,1.0321,1.0486,0.9098,0.9817,0.9258,1.1875
522,TNFRSF10C,6.2421,2,APEX1,False,1.0321,1.0486,0.9098,0.9817,0.9258,1.1875
522,ARID5B,6.2421,2,APEX1,False,1.0321,1.0486,0.9098,0.9817,0.9258,1.1875
522,DHFR,5.7178,4,APEX1,False,1.0321,1.0486,0.9098,0.9817,0.9258,1.1875
522,BACE1,5.7178,4,APEX1,False,1.0321,1.0486,0.9098,0.9817,0.9258,1.1875
522,SEC23B,5.7178,4,APEX1,False,1.0321,1.0486,0.9098,0.9817,0.9258,1.1875
522,PADI4,5.1935,7,APEX1,False,1.0321,1.0486,0.9098,0.9817,0.9258,1.1875
522,HADHB,5.1935,7,APEX1,False,1.0321,1.0486,0.9098,0.9817,0.9258,1.1875
522,RFC4,5.1935,7,APEX1,False,1.0321,1.0486,0.9098,0.9817,0.9258,1.1875
522,SF3B3,5.1935,7,APEX1,False,1.0321,1.0486,0.9098,0.9817,0.9258,1.1875
522,PERP,4.5997,11,APEX1,False,1.0321,1.0486,0.9098,0.9817,0.9258,1.1875
522,PRDX2,2.3025,12,APEX1,False,1.0321,1.0486,0.9098,0.9817,0.9258,1.1875
522,KDM1A,0.9258,13,APEX1,False,1.0321,1.0486,0.9098,0.9817,0.9258,1.1875
523,APEX1,9.0446,1,APEX1,True,0.8384,1.1153,0.967,1.2497,1.2356,0.8379
523,TNFRSF10C,5.8609,2,APEX1,False,0.8384,1.1153,0.967,1.2497,1.2356,0.8379
523,ARID5B,5.8609,2,APEX1,False,0.8384,1.1153,0.967,1.2497,1.2356,0.8379
523,DHFR,5.3032,4,APEX1,False,0.8384,1.1153,0.967,1.2497,1.2356,0.8379
523,BACE1,5.3032,4,APEX1,False,0.8384,1.1153,0.967,1.2497,1.2356,0.8379
523,SEC23B,5.3032,4,APEX1,False,0.8384,1.1153,0.967,1.2497,1.2356,0.8379
523,PADI4,4.7456,7,APEX1,False,0.8384,1.1153,0.967,1.2497,1.2356,0.8379
523,HADHB,4.7456,7,APEX1,False,0.8384,1.1153,0.967,1.2497,1.2356,0.8379
523,RFC4,4.7456,7,APEX1,False,0.8384,1.1153,0.967,1.2497,1.2356,0.8379
523,SF3B3,4.7456,7,APEX1,False,0.8384,1.1153,0.967,1.2497,1.2356,0.8379
523,PERP,4.3267,11,APEX1,False,0.8384,1.1153,0.967,1.2497,1.2356,0.8379
523,PRDX2,2.225,12,APEX1,False,0.8384,1.1153,0.967,1.2497,1.2356,0.8379
523,KDM1A,1.2356,13,APEX1,False,0.8384,1.1153,0.967,1.2497,1.2356,0.8379
524,APEX1,8.7539,1,APEX1,True,1.0704,1.0315,0.8,0.8482,1.1936,1.2053
524,TNFRSF10C,6.3057,2,APEX1,False,1.0704,1.0315,0.8,0.8482,1.1936,1.2053
524,ARID5B,6.3057,2,APEX1,False,1.0704,1.0315,0.8,0.8482,1.1936,1.2053
524,DHFR,5.79,4,APEX1,False,1.0704,1.0315,0.8,0.8482,1.1936,1.2053
524,BACE1,5.79,4,APEX1,False,1.0704,1.0315,0.8,0.8482,1.1936,1.2053
524,SEC23B,5.79,4,APEX1,False,1.0704,1.0315,0.8,0.8482,1.1936,1.2053
524,PADI4,5.2742,7,APEX1,False,1.0704,1.0315,0.8,0.8482,1.1936,1.2053
524,HADHB,5.2742,7,APEX1,False,1.0704,1.0315,0.8,0.8482,1.1936,1.2053
524,RFC4,5.2742,7,APEX1,False,1.0704,1.0315,0.8,0.8482,1.1936,1.2053
524,SF3B3,5.2742,7,APEX1,False,1.0704,1.0315,0.8,0.8482,1.1936,1.2053
524,PERP,4.6715,11,APEX1,False,1.0704,1.0315,0.8,0.8482,1.1936,1.2053
524,PRDX2,2.2706,12,APEX1,False,1.0704,1.0315,0.8,0.8482,1.1936,1.2053
524,KDM1A,1.1936,13,APEX1,False,1.0704,1.0315,0.8,0.8482,1.1936,1.2053
525,APEX1,10.5821,1,APEX1,True,1.2037,1.2273,1.1564,0.9762,0.7952,1.1403
525,TNFRSF10C,7.2931,2,APEX1,False,1.2037,1.2273,1.1564,0.9762,0.7952,1.1403
525,ARID5B,7.2931,2,APEX1,False,1.2037,1.2273,1.1564,0.9762,0.7952,1.1403
525,DHFR,6.6794,4,APEX1,False,1.2037,1.2273,1.1564,0.9762,0.7952,1.1403
525,BACE1,6.6794,4,APEX1,False,1.2037,1.2273,1.1564,0.9762,0.7952,1.1403
525,SEC23B,6.6794,4,APEX1,False,1.2037,1.2273,1.1564,0.9762,0.7952,1.1403
525,PADI4,6.0658,7,APEX1,False,1.2037,1.2273,1.1564,0.9762,0.7952,1.1403
525,HADHB,6.0658,7,APEX1,False,1.2037,1.2273,1.1564,0.9762,0.7952,1.1403
525,RFC4,6.0658,7,APEX1,False,1.2037,1.2273,1.1564,0.9762,0.7952,1.1403
525,SF3B3,6.0658,7,APEX1,False,1.2037,1.2273,1.1564,0.9762,0.7952,1.1403
525,PERP,5.4956,11,APEX1,False,1.2037,1.2273,1.1564,0.9762,0.7952,1.1403
525,PRDX2,3.0255,12,APEX1,False,1.2037,1.2273,1.1564,0.9762,0.7952,1.1403
525,KDM1A,0.7952,13,APEX1,False,1.2037,1.2273,1.1564,0.9762,0.7952,1.1403
526,APEX1,10.1553,1,APEX1,True,1.1176,1.2406,1.1096,0.8615,1.0872,0.8259
526,TNFRSF10C,7.0746,2,APEX1,False,1.1176,1.2406,1.1096,0.8615,1.0872,0.8259
526,ARID5B,7.0746,2,APEX1,False,1.1176,1.2406,1.1096,0.8615,1.0872,0.8259
526,DHFR,6.4543,4,APEX1,False,1.1176,1.2406,1.1096,0.8615,1.0872,0.8259
526,BACE1,6.4543,4,APEX1,False,1.1176,1.2406,1.1096,0.8615,1.0872,0.8259
526,SEC23B,6.4543,4,APEX1,False,1.1176,1.2406,1.1096,0.8615,1.0872,0.8259
526,PADI4,5.834,7,APEX1,False,1.1176,1.2406,1.1096,0.8615,1.0872,0.8259
526,HADHB,5.834,7,APEX1,False,1.1176,1.2406,1.1096,0.8615,1.0872,0.8259
526,RFC4,5.834,7,APEX1,False,1.1176,1.2406,1.1096,0.8615,1.0872,0.8259
526,SF3B3,5.834,7,APEX1,False,1.1176,1.2406,1.1096,0.8615,1.0872,0.8259
526,PERP,5.421,11,APEX1,False,1.1176,1.2406,1.1096,0.8615,1.0872,0.8259
526,PRDX2,3.0778,12,APEX1,False,1.1176,1.2406,1.1096,0.8615,1.0872,0.8259
526,KDM1A,1.0872,13,APEX1,False,1.1176,1.2406,1.1096,0.8615,1.0872,0.8259
527,APEX1,8.4452,1,APEX1,True,0.8415,1.0655,0.7804,1.1635,0.8697,0.78
527,TNFRSF10C,5.721,2,APEX1,False,0.8415,1.0655,0.7804,1.1635,0.8697,0.78
527,ARID5B,5.721,2,APEX1,False,0.8415,1.0655,0.7804,1.1635,0.8697,0.78
527,DHFR,5.1882,4,APEX1,False,0.8415,1.0655,0.7804,1.1635,0.8697,0.78
527,BACE1,5.1882,4,APEX1,False,0.8415,1.0655,0.7804,1.1635,0.8697,0.78
527,SEC23B,5.1882,4,APEX1,False,0.8415,1.0655,0.7804,1.1635,0.8697,0.78
527,PADI4,4.6555,7,APEX1,False,0.8415,1.0655,0.7804,1.1635,0.8697,0.78
527,HADHB,4.6555,7,APEX1,False,0.8415,1.0655,0.7804,1.1635,0.8697,0.78
527,RFC4,4.6555,7,APEX1,False,0.8415,1.0655,0.7804,1.1635,0.8697,0.78
527,SF3B3,4.6555,7,APEX1,False,0.8415,1.0655,0.7804,1.1635,0.8697,0.78
527,PERP,4.2655,11,APEX1,False,0.8415,1.0655,0.7804,1.1635,0.8697,0.78
527,PRDX2,2.1041,12,APEX1,False,0.8415,1.0655,0.7804,1.1635,0.8697,0.78
527,KDM1A,0.8697,13,APEX1,False,0.8415,1.0655,0.7804,1.1635,0.8697,0.78
528,APEX1,9.8181,1,APEX1,True,1.2479,1.0865,0.9179,0.9788,0.8097,1.0848
528,TNFRSF10C,7.0034,2,APEX1,False,1.2479,1.0865,0.9179,0.9788,0.8097,1.0848
528,ARID5B,7.0034,2,APEX1,False,1.2479,1.0865,0.9179,0.9788,0.8097,1.0848
528,DHFR,6.4602,4,APEX1,False,1.2479,1.0865,0.9179,0.9788,0.8097,1.0848
528,BACE1,6.4602,4,APEX1,False,1.2479,1.0865,0.9179,0.9788,0.8097,1.0848
528,SEC23B,6.4602,4,APEX1,False,1.2479,1.0865,0.9179,0.9788,0.8097,1.0848
528,PADI4,5.9169,7,APEX1,False,1.2479,1.0865,0.9179,0.9788,0.8097,1.0848
528,HADHB,5.9169,7,APEX1,False,1.2479,1.0865,0.9179,0.9788,0.8097,1.0848
528,RFC4,5.9169,7,APEX1,False,1.2479,1.0865,0.9179,0.9788,0.8097,1.0848
528,SF3B3,5.9169,7,APEX1,False,1.2479,1.0865,0.9179,0.9788,0.8097,1.0848
528,PERP,5.3745,11,APEX1,False,1.2479,1.0865,0.9179,0.9788,0.8097,1.0848
528,PRDX2,2.953,12,APEX1,False,1.2479,1.0865,0.9179,0.9788,0.8097,1.0848
528,KDM1A,0.8097,13,APEX1,False,1.2479,1.0865,0.9179,0.9788,0.8097,1.0848
529,APEX1,9.2855,1,APEX1,True,1.1554,0.8876,1.0666,1.0234,1.1464,0.9289
529,TNFRSF10C,6.1289,2,APEX1,False,1.1554,0.8876,1.0666,1.0234,1.1464,0.9289
529,ARID5B,6.1289,2,APEX1,False,1.1554,0.8876,1.0666,1.0234,1.1464,0.9289
529,DHFR,5.6851,4,APEX1,False,1.1554,0.8876,1.0666,1.0234,1.1464,0.9289
529,BACE1,5.6851,4,APEX1,False,1.1554,0.8876,1.0666,1.0234,1.1464,0.9289
529,SEC23B,5.6851,4,APEX1,False,1.1554,0.8876,1.0666,1.0234,1.1464,0.9289
529,PADI4,5.2413,7,APEX1,False,1.1554,0.8876,1.0666,1.0234,1.1464,0.9289
529,HADHB,5.2413,7,APEX1,False,1.1554,0.8876,1.0666,1.0234,1.1464,0.9289
529,RFC4,5.2413,7,APEX1,False,1.1554,0.8876,1.0666,1.0234,1.1464,0.9289
529,SF3B3,5.2413,7,APEX1,False,1.1554,0.8876,1.0666,1.0234,1.1464,0.9289
529,PERP,4.7769,11,APEX1,False,1.1554,0.8876,1.0666,1.0234,1.1464,0.9289
529,PRDX2,3.0262,12,APEX1,False,1.1554,0.8876,1.0666,1.0234,1.1464,0.9289
529,KDM1A,1.1464,13,APEX1,False,1.1554,0.8876,1.0666,1.0234,1.1464,0.9289
530,APEX1,9.2828,1,APEX1,True,0.9498,1.1736,0.8861,1.1403,1.1895,0.8811
530,TNFRSF10C,6.3703,2,APEX1,False,0.9498,1.1736,0.8861,1.1403,1.1895,0.8811
530,ARID5B,6.3703,2,APEX1,False,0.9498,1.1736,0.8861,1.1403,1.1895,0.8811
530,DHFR,5.7835,4,APEX1,False,0.9498,1.1736,0.8861,1.1403,1.1895,0.8811
530,BACE1,5.7835,4,APEX1,False,0.9498,1.1736,0.8861,1.1403,1.1895,0.8811
530,SEC23B,5.7835,4,APEX1,False,0.9498,1.1736,0.8861,1.1403,1.1895,0.8811
530,PADI4,5.1967,7,APEX1,False,0.9498,1.1736,0.8861,1.1403,1.1895,0.8811
530,HADHB,5.1967,7,APEX1,False,0.9498,1.1736,0.8861,1.1403,1.1895,0.8811
530,RFC4,5.1967,7,APEX1,False,0.9498,1.1736,0.8861,1.1403,1.1895,0.8811
530,SF3B3,5.1967,7,APEX1,False,0.9498,1.1736,0.8861,1.1403,1.1895,0.8811
530,PERP,4.7561,11,APEX1,False,0.9498,1.1736,0.8861,1.1403,1.1895,0.8811
530,PRDX2,2.3796,12,APEX1,False,0.9498,1.1736,0.8861,1.1403,1.1895,0.8811
530,KDM1A,1.1895,13,APEX1,False,0.9498,1.1736,0.8861,1.1403,1.1895,0.8811
531,APEX1,9.138,1,APEX1,True,1.2138,0.8806,1.0522,0.7506,1.1958,0.9595
531,TNFRSF10C,6.283,2,APEX1,False,1.2138,0.8806,1.0522,0.7506,1.1958,0.9595
531,ARID5B,6.283,2,APEX1,False,1.2138,0.8806,1.0522,0.7506,1.1958,0.9595
531,DHFR,5.8427,4,APEX1,False,1.2138,0.8806,1.0522,0.7506,1.1958,0.9595
531,BACE1,5.8427,4,APEX1,False,1.2138,0.8806,1.0522,0.7506,1.1958,0.9595
531,SEC23B,5.8427,4,APEX1,False,1.2138,0.8806,1.0522,0.7506,1.1958,0.9595
531,PADI4,5.4024,7,APEX1,False,1.2138,0.8806,1.0522,0.7506,1.1958,0.9595
531,HADHB,5.4024,7,APEX1,False,1.2138,0.8806,1.0522,0.7506,1.1958,0.9595
531,RFC4,5.4024,7,APEX1,False,1.2138,0.8806,1.0522,0.7506,1.1958,0.9595
531,SF3B3,5.4024,7,APEX1,False,1.2138,0.8806,1.0522,0.7506,1.1958,0.9595
531,PERP,4.9226,11,APEX1,False,1.2138,0.8806,1.0522,0.7506,1.1958,0.9595
531,PRDX2,3.127,12,APEX1,False,1.2138,0.8806,1.0522,0.7506,1.1958,0.9595
531,KDM1A,1.1958,13,APEX1,False,1.2138,0.8806,1.0522,0.7506,1.1958,0.9595
532,APEX1,8.5891,1,APEX1,True,0.7637,1.174,0.8131,1.1497,0.8227,1.0817
532,TNFRSF10C,5.8131,2,APEX1,False,0.7637,1.174,0.8131,1.1497,0.8227,1.0817
532,ARID5B,5.8131,2,APEX1,False,0.7637,1.174,0.8131,1.1497,0.8227,1.0817
532,DHFR,5.2261,4,APEX1,False,0.7637,1.174,0.8131,1.1497,0.8227,1.0817
532,BACE1,5.2261,4,APEX1,False,0.7637,1.174,0.8131,1.1497,0.8227,1.0817
532,SEC23B,5.2261,4,APEX1,False,0.7637,1.174,0.8131,1.1497,0.8227,1.0817
532,PADI4,4.6391,7,APEX1,False,0.7637,1.174,0.8131,1.1497,0.8227,1.0817
532,HADHB,4.6391,7,APEX1,False,0.7637,1.174,0.8131,1.1497,0.8227,1.0817
532,RFC4,4.6391,7,APEX1,False,0.7637,1.174,0.8131,1.1497,0.8227,1.0817
532,SF3B3,4.6391,7,APEX1,False,0.7637,1.174,0.8131,1.1497,0.8227,1.0817
532,PERP,4.0982,11,APEX1,False,0.7637,1.174,0.8131,1.1497,0.8227,1.0817
532,PRDX2,1.6406,12,APEX1,False,0.7637,1.174,0.8131,1.1497,0.8227,1.0817
532,KDM1A,0.8227,13,APEX1,False,0.7637,1.174,0.8131,1.1497,0.8227,1.0817
533,APEX1,9.2409,1,APEX1,True,1.1726,0.7671,1.1977,1.0264,1.2008,0.864
533,TNFRSF10C,5.8191,2,APEX1,False,1.1726,0.7671,1.1977,1.0264,1.2008,0.864
533,ARID5B,5.8191,2,APEX1,False,1.1726,0.7671,1.1977,1.0264,1.2008,0.864
533,DHFR,5.4356,4,APEX1,False,1.1726,0.7671,1.1977,1.0264,1.2008,0.864
533,BACE1,5.4356,4,APEX1,False,1.1726,0.7671,1.1977,1.0264,1.2008,0.864
533,SEC23B,5.4356,4,APEX1,False,1.1726,0.7671,1.1977,1.0264,1.2008,0.864
533,PADI4,5.052,7,APEX1,False,1.1726,0.7671,1.1977,1.0264,1.2008,0.864
533,HADHB,5.052,7,APEX1,False,1.1726,0.7671,1.1977,1.0264,1.2008,0.864
533,RFC4,5.052,7,APEX1,False,1.1726,0.7671,1.1977,1.0264,1.2008,0.864
533,SF3B3,5.052,7,APEX1,False,1.1726,0.7671,1.1977,1.0264,1.2008,0.864
533,PERP,4.62,11,APEX1,False,1.1726,0.7671,1.1977,1.0264,1.2008,0.864
533,PRDX2,3.2653,12,APEX1,False,1.1726,0.7671,1.1977,1.0264,1.2008,0.864
533,KDM1A,1.2008,13,APEX1,False,1.1726,0.7671,1.1977,1.0264,1.2008,0.864
534,APEX1,9.3865,1,APEX1,True,0.9559,1.0957,1.1442,0.9433,1.2125,1.1896
534,TNFRSF10C,6.1549,2,APEX1,False,0.9559,1.0957,1.1442,0.9433,1.2125,1.1896
534,ARID5B,6.1549,2,APEX1,False,0.9559,1.0957,1.1442,0.9433,1.2125,1.1896
534,DHFR,5.607,4,APEX1,False,0.9559,1.0957,1.1442,0.9433,1.2125,1.1896
534,BACE1,5.607,4,APEX1,False,0.9559,1.0957,1.1442,0.9433,1.2125,1.1896
534,SEC23B,5.607,4,APEX1,False,0.9559,1.0957,1.1442,0.9433,1.2125,1.1896
534,PADI4,5.0592,7,APEX1,False,0.9559,1.0957,1.1442,0.9433,1.2125,1.1896
534,HADHB,5.0592,7,APEX1,False,0.9559,1.0957,1.1442,0.9433,1.2125,1.1896
534,RFC4,5.0592,7,APEX1,False,0.9559,1.0957,1.1442,0.9433,1.2125,1.1896
534,SF3B3,5.0592,7,APEX1,False,0.9559,1.0957,1.1442,0.9433,1.2125,1.1896
534,PERP,4.4644,11,APEX1,False,0.9559,1.0957,1.1442,0.9433,1.2125,1.1896
534,PRDX2,2.3444,12,APEX1,False,0.9559,1.0957,1.1442,0.9433,1.2125,1.1896
534,KDM1A,1.2125,13,APEX1,False,0.9559,1.0957,1.1442,0.9433,1.2125,1.1896
535,APEX1,8.1761,1,APEX1,True,0.8346,0.8173,1.1202,0.9799,1.1917,1.1471
535,TNFRSF10C,4.9557,2,APEX1,False,0.8346,0.8173,1.1202,0.9799,1.1917,1.1471
535,ARID5B,4.9557,2,APEX1,False,0.8346,0.8173,1.1202,0.9799,1.1917,1.1471
535,DHFR,4.5471,4,APEX1,False,0.8346,0.8173,1.1202,0.9799,1.1917,1.1471
535,BACE1,4.5471,4,APEX1,False,0.8346,0.8173,1.1202,0.9799,1.1917,1.1471
535,SEC23B,4.5471,4,APEX1,False,0.8346,0.8173,1.1202,0.9799,1.1917,1.1471
535,PADI4,4.1384,7,APEX1,False,0.8346,0.8173,1.1202,0.9799,1.1917,1.1471
535,HADHB,4.1384,7,APEX1,False,0.8346,0.8173,1.1202,0.9799,1.1917,1.1471
535,RFC4,4.1384,7,APEX1,False,0.8346,0.8173,1.1202,0.9799,1.1917,1.1471
535,SF3B3,4.1384,7,APEX1,False,0.8346,0.8173,1.1202,0.9799,1.1917,1.1471
535,PERP,3.5649,11,APEX1,False,0.8346,0.8173,1.1202,0.9799,1.1917,1.1471
535,PRDX2,2.0596,12,APEX1,False,0.8346,0.8173,1.1202,0.9799,1.1917,1.1471
535,KDM1A,1.1917,13,APEX1,False,0.8346,0.8173,1.1202,0.9799,1.1917,1.1471
536,APEX1,9.2737,1,APEX1,True,1.0849,0.9569,1.0285,1.0914,0.8526,1.0506
536,TNFRSF10C,6.1254,2,APEX1,False,1.0849,0.9569,1.0285,1.0914,0.8526,1.0506
536,ARID5B,6.1254,2,APEX1,False,1.0849,0.9569,1.0285,1.0914,0.8526,1.0506
536,DHFR,5.6469,4,APEX1,False,1.0849,0.9569,1.0285,1.0914,0.8526,1.0506
536,BACE1,5.6469,4,APEX1,False,1.0849,0.9569,1.0285,1.0914,0.8526,1.0506
536,SEC23B,5.6469,4,APEX1,False,1.0849,0.9569,1.0285,1.0914,0.8526,1.0506
536,PADI4,5.1685,7,APEX1,False,1.0849,0.9569,1.0285,1.0914,0.8526,1.0506
536,HADHB,5.1685,7,APEX1,False,1.0849,0.9569,1.0285,1.0914,0.8526,1.0506
536,RFC4,5.1685,7,APEX1,False,1.0849,0.9569,1.0285,1.0914,0.8526,1.0506
536,SF3B3,5.1685,7,APEX1,False,1.0849,0.9569,1.0285,1.0914,0.8526,1.0506
536,PERP,4.6431,11,APEX1,False,1.0849,0.9569,1.0285,1.0914,0.8526,1.0506
536,PRDX2,2.69,12,APEX1,False,1.0849,0.9569,1.0285,1.0914,0.8526,1.0506
536,KDM1A,0.8526,13,APEX1,False,1.0849,0.9569,1.0285,1.0914,0.8526,1.0506
537,APEX1,9.4035,1,APEX1,True,1.1922,0.8275,1.169,1.0067,1.1209,1.137
537,TNFRSF10C,6.0589,2,APEX1,False,1.1922,0.8275,1.169,1.0067,1.1209,1.137
537,ARID5B,6.0589,2,APEX1,False,1.1922,0.8275,1.169,1.0067,1.1209,1.137
537,DHFR,5.6451,4,APEX1,False,1.1922,0.8275,1.169,1.0067,1.1209,1.137
537,BACE1,5.6451,4,APEX1,False,1.1922,0.8275,1.169,1.0067,1.1209,1.137
537,SEC23B,5.6451,4,APEX1,False,1.1922,0.8275,1.169,1.0067,1.1209,1.137
537,PADI4,5.2314,7,APEX1,False,1.1922,0.8275,1.169,1.0067,1.1209,1.137
537,HADHB,5.2314,7,APEX1,False,1.1922,0.8275,1.169,1.0067,1.1209,1.137
537,RFC4,5.2314,7,APEX1,False,1.1922,0.8275,1.169,1.0067,1.1209,1.137
537,SF3B3,5.2314,7,APEX1,False,1.1922,0.8275,1.169,1.0067,1.1209,1.137
537,PERP,4.6629,11,APEX1,False,1.1922,0.8275,1.169,1.0067,1.1209,1.137
537,PRDX2,3.0124,12,APEX1,False,1.1922,0.8275,1.169,1.0067,1.1209,1.137
537,KDM1A,1.1209,13,APEX1,False,1.1922,0.8275,1.169,1.0067,1.1209,1.137
538,APEX1,9.5483,1,APEX1,True,1.0349,1.1604,0.969,1.0246,1.2172,1.211
538,TNFRSF10C,6.5857,2,APEX1,False,1.0349,1.1604,0.969,1.0246,1.2172,1.211
538,ARID5B,6.5857,2,APEX1,False,1.0349,1.1604,0.969,1.0246,1.2172,1.211
538,DHFR,6.0055,4,APEX1,False,1.0349,1.1604,0.969,1.0246,1.2172,1.211
538,BACE1,6.0055,4,APEX1,False,1.0349,1.1604,0.969,1.0246,1.2172,1.211
538,SEC23B,6.0055,4,APEX1,False,1.0349,1.1604,0.969,1.0246,1.2172,1.211
538,PADI4,5.4253,7,APEX1,False,1.0349,1.1604,0.969,1.0246,1.2172,1.211
538,HADHB,5.4253,7,APEX1,False,1.0349,1.1604,0.969,1.0246,1.2172,1.211
538,RFC4,5.4253,7,APEX1,False,1.0349,1.1604,0.969,1.0246,1.2172,1.211
538,SF3B3,5.4253,7,APEX1,False,1.0349,1.1604,0.969,1.0246,1.2172,1.211
538,PERP,4.8198,11,APEX1,False,1.0349,1.1604,0.969,1.0246,1.2172,1.211
538,PRDX2,2.3452,12,APEX1,False,1.0349,1.1604,0.969,1.0246,1.2172,1.211
538,KDM1A,1.2172,13,APEX1,False,1.0349,1.1604,0.969,1.0246,1.2172,1.211
539,APEX1,9.9478,1,APEX1,True,1.157,1.1488,1.1376,0.755,0.7527,0.8774
539,TNFRSF10C,6.9175,2,APEX1,False,1.157,1.1488,1.1376,0.755,0.7527,0.8774
539,ARID5B,6.9175,2,APEX1,False,1.157,1.1488,1.1376,0.755,0.7527,0.8774
539,DHFR,6.3431,4,APEX1,False,1.157,1.1488,1.1376,0.755,0.7527,0.8774
539,BACE1,6.3431,4,APEX1,False,1.157,1.1488,1.1376,0.755,0.7527,0.8774
539,SEC23B,6.3431,4,APEX1,False,1.157,1.1488,1.1376,0.755,0.7527,0.8774
539,PADI4,5.7686,7,APEX1,False,1.157,1.1488,1.1376,0.755,0.7527,0.8774
539,HADHB,5.7686,7,APEX1,False,1.157,1.1488,1.1376,0.755,0.7527,0.8774
539,RFC4,5.7686,7,APEX1,False,1.157,1.1488,1.1376,0.755,0.7527,0.8774
539,SF3B3,5.7686,7,APEX1,False,1.157,1.1488,1.1376,0.755,0.7527,0.8774
539,PERP,5.33,11,APEX1,False,1.157,1.1488,1.1376,0.755,0.7527,0.8774
539,PRDX2,3.1527,12,APEX1,False,1.157,1.1488,1.1376,0.755,0.7527,0.8774
539,KDM1A,0.7527,13,APEX1,False,1.157,1.1488,1.1376,0.755,0.7527,0.8774
540,APEX1,8.9279,1,APEX1,True,1.0829,0.848,1.1227,0.8899,1.1173,1.2025
540,TNFRSF10C,5.7927,2,APEX1,False,1.0829,0.848,1.1227,0.8899,1.1173,1.2025
540,ARID5B,5.7927,2,APEX1,False,1.0829,0.848,1.1227,0.8899,1.1173,1.2025
540,DHFR,5.3687,4,APEX1,False,1.0829,0.848,1.1227,0.8899,1.1173,1.2025
540,BACE1,5.3687,4,APEX1,False,1.0829,0.848,1.1227,0.8899,1.1173,1.2025
540,SEC23B,5.3687,4,APEX1,False,1.0829,0.848,1.1227,0.8899,1.1173,1.2025
540,PADI4,4.9447,7,APEX1,False,1.0829,0.848,1.1227,0.8899,1.1173,1.2025
540,HADHB,4.9447,7,APEX1,False,1.0829,0.848,1.1227,0.8899,1.1173,1.2025
540,RFC4,4.9447,7,APEX1,False,1.0829,0.848,1.1227,0.8899,1.1173,1.2025
540,SF3B3,4.9447,7,APEX1,False,1.0829,0.848,1.1227,0.8899,1.1173,1.2025
540,PERP,4.3434,11,APEX1,False,1.0829,0.848,1.1227,0.8899,1.1173,1.2025
540,PRDX2,2.6273,12,APEX1,False,1.0829,0.848,1.1227,0.8899,1.1173,1.2025
540,KDM1A,1.1173,13,APEX1,False,1.0829,0.848,1.1227,0.8899,1.1173,1.2025
541,APEX1,10.1928,1,APEX1,True,1.1026,1.2012,1.0606,1.1603,1.0948,1.0595
541,TNFRSF10C,6.9114,2,APEX1,False,1.1026,1.2012,1.0606,1.1603,1.0948,1.0595
541,ARID5B,6.9114,2,APEX1,False,1.1026,1.2012,1.0606,1.1603,1.0948,1.0595
541,DHFR,6.3108,4,APEX1,False,1.1026,1.2012,1.0606,1.1603,1.0948,1.0595
541,BACE1,6.3108,4,APEX1,False,1.1026,1.2012,1.0606,1.1603,1.0948,1.0595
541,SEC23B,6.3108,4,APEX1,False,1.1026,1.2012,1.0606,1.1603,1.0948,1.0595
541,PADI4,5.7102,7,APEX1,False,1.1026,1.2012,1.0606,1.1603,1.0948,1.0595
541,HADHB,5.7102,7,APEX1,False,1.1026,1.2012,1.0606,1.1603,1.0948,1.0595
541,RFC4,5.7102,7,APEX1,False,1.1026,1.2012,1.0606,1.1603,1.0948,1.0595
541,SF3B3,5.7102,7,APEX1,False,1.1026,1.2012,1.0606,1.1603,1.0948,1.0595
541,PERP,5.1804,11,APEX1,False,1.1026,1.2012,1.0606,1.1603,1.0948,1.0595
541,PRDX2,2.7576,12,APEX1,False,1.1026,1.2012,1.0606,1.1603,1.0948,1.0595
541,KDM1A,1.0948,13,APEX1,False,1.1026,1.2012,1.0606,1.1603,1.0948,1.0595
542,APEX1,10.1242,1,APEX1,True,1.2167,1.1087,1.0986,0.951,0.8602,0.8205
542,TNFRSF10C,6.9761,2,APEX1,False,1.2167,1.1087,1.0986,0.951,0.8602,0.8205
542,ARID5B,6.9761,2,APEX1,False,1.2167,1.1087,1.0986,0.951,0.8602,0.8205
542,DHFR,6.4217,4,APEX1,False,1.2167,1.1087,1.0986,0.951,0.8602,0.8205
542,BACE1,6.4217,4,APEX1,False,1.2167,1.1087,1.0986,0.951,0.8602,0.8205
542,SEC23B,6.4217,4,APEX1,False,1.2167,1.1087,1.0986,0.951,0.8602,0.8205
542,PADI4,5.8674,7,APEX1,False,1.2167,1.1087,1.0986,0.951,0.8602,0.8205
542,HADHB,5.8674,7,APEX1,False,1.2167,1.1087,1.0986,0.951,0.8602,0.8205
542,RFC4,5.8674,7,APEX1,False,1.2167,1.1087,1.0986,0.951,0.8602,0.8205
542,SF3B3,5.8674,7,APEX1,False,1.2167,1.1087,1.0986,0.951,0.8602,0.8205
542,PERP,5.4571,11,APEX1,False,1.2167,1.1087,1.0986,0.951,0.8602,0.8205
542,PRDX2,3.3197,12,APEX1,False,1.2167,1.1087,1.0986,0.951,0.8602,0.8205
542,KDM1A,0.8602,13,APEX1,False,1.2167,1.1087,1.0986,0.951,0.8602,0.8205
543,APEX1,8.5122,1,APEX1,True,1.1123,0.9044,0.8167,0.8287,0.874,1.2043
543,TNFRSF10C,6.0501,2,APEX1,False,1.1123,0.9044,0.8167,0.8287,0.874,1.2043
543,ARID5B,6.0501,2,APEX1,False,1.1123,0.9044,0.8167,0.8287,0.874,1.2043
543,DHFR,5.5979,4,APEX1,False,1.1123,0.9044,0.8167,0.8287,0.874,1.2043
543,BACE1,5.5979,4,APEX1,False,1.1123,0.9044,0.8167,0.8287,0.874,1.2043
543,SEC23B,5.5979,4,APEX1,False,1.1123,0.9044,0.8167,0.8287,0.874,1.2043
543,PADI4,5.1457,7,APEX1,False,1.1123,0.9044,0.8167,0.8287,0.874,1.2043
543,HADHB,5.1457,7,APEX1,False,1.1123,0.9044,0.8167,0.8287,0.874,1.2043
543,RFC4,5.1457,7,APEX1,False,1.1123,0.9044,0.8167,0.8287,0.874,1.2043
543,SF3B3,5.1457,7,APEX1,False,1.1123,0.9044,0.8167,0.8287,0.874,1.2043
543,PERP,4.5435,11,APEX1,False,1.1123,0.9044,0.8167,0.8287,0.874,1.2043
543,PRDX2,2.3931,12,APEX1,False,1.1123,0.9044,0.8167,0.8287,0.874,1.2043
543,KDM1A,0.874,13,APEX1,False,1.1123,0.9044,0.8167,0.8287,0.874,1.2043
544,APEX1,8.6627,1,APEX1,True,0.8575,1.1018,0.8459,1.0932,1.1422,0.9338
544,TNFRSF10C,5.8777,2,APEX1,False,0.8575,1.1018,0.8459,1.0932,1.1422,0.9338
544,ARID5B,5.8777,2,APEX1,False,0.8575,1.1018,0.8459,1.0932,1.1422,0.9338
544,DHFR,5.3268,4,APEX1,False,0.8575,1.1018,0.8459,1.0932,1.1422,0.9338
544,BACE1,5.3268,4,APEX1,False,0.8575,1.1018,0.8459,1.0932,1.1422,0.9338
544,SEC23B,5.3268,4,APEX1,False,0.8575,1.1018,0.8459,1.0932,1.1422,0.9338
544,PADI4,4.7759,7,APEX1,False,0.8575,1.1018,0.8459,1.0932,1.1422,0.9338
544,HADHB,4.7759,7,APEX1,False,0.8575,1.1018,0.8459,1.0932,1.1422,0.9338
544,RFC4,4.7759,7,APEX1,False,0.8575,1.1018,0.8459,1.0932,1.1422,0.9338
544,SF3B3,4.7759,7,APEX1,False,0.8575,1.1018,0.8459,1.0932,1.1422,0.9338
544,PERP,4.309,11,APEX1,False,0.8575,1.1018,0.8459,1.0932,1.1422,0.9338
544,PRDX2,2.0557,12,APEX1,False,0.8575,1.1018,0.8459,1.0932,1.1422,0.9338
544,KDM1A,1.1422,13,APEX1,False,0.8575,1.1018,0.8459,1.0932,1.1422,0.9338
545,APEX1,9.2406,1,APEX1,True,1.2166,0.9975,0.7736,1.0512,0.9016,0.8474
545,TNFRSF10C,6.6421,2,APEX1,False,1.2166,0.9975,0.7736,1.0512,0.9016,0.8474
545,ARID5B,6.6421,2,APEX1,False,1.2166,0.9975,0.7736,1.0512,0.9016,0.8474
545,DHFR,6.1434,4,APEX1,False,1.2166,0.9975,0.7736,1.0512,0.9016,0.8474
545,BACE1,6.1434,4,APEX1,False,1.2166,0.9975,0.7736,1.0512,0.9016,0.8474
545,SEC23B,6.1434,4,APEX1,False,1.2166,0.9975,0.7736,1.0512,0.9016,0.8474
545,PADI4,5.6446,7,APEX1,False,1.2166,0.9975,0.7736,1.0512,0.9016,0.8474
545,HADHB,5.6446,7,APEX1,False,1.2166,0.9975,0.7736,1.0512,0.9016,0.8474
545,RFC4,5.6446,7,APEX1,False,1.2166,0.9975,0.7736,1.0512,0.9016,0.8474
545,SF3B3,5.6446,7,APEX1,False,1.2166,0.9975,0.7736,1.0512,0.9016,0.8474
545,PERP,5.221,11,APEX1,False,1.2166,0.9975,0.7736,1.0512,0.9016,0.8474
545,PRDX2,2.9677,12,APEX1,False,1.2166,0.9975,0.7736,1.0512,0.9016,0.8474
545,KDM1A,0.9016,13,APEX1,False,1.2166,0.9975,0.7736,1.0512,0.9016,0.8474
546,APEX1,7.8795,1,APEX1,True,0.7897,0.8641,1.047,0.8242,0.7871,0.9794
546,TNFRSF10C,4.9614,2,APEX1,False,0.7897,0.8641,1.047,0.8242,0.7871,0.9794
546,ARID5B,4.9614,2,APEX1,False,0.7897,0.8641,1.047,0.8242,0.7871,0.9794
546,DHFR,4.5293,4,APEX1,False,0.7897,0.8641,1.047,0.8242,0.7871,0.9794
546,BACE1,4.5293,4,APEX1,False,0.7897,0.8641,1.047,0.8242,0.7871,0.9794
546,SEC23B,4.5293,4,APEX1,False,0.7897,0.8641,1.047,0.8242,0.7871,0.9794
546,PADI4,4.0973,7,APEX1,False,0.7897,0.8641,1.047,0.8242,0.7871,0.9794
546,HADHB,4.0973,7,APEX1,False,0.7897,0.8641,1.047,0.8242,0.7871,0.9794
546,RFC4,4.0973,7,APEX1,False,0.7897,0.8641,1.047,0.8242,0.7871,0.9794
546,SF3B3,4.0973,7,APEX1,False,0.7897,0.8641,1.047,0.8242,0.7871,0.9794
546,PERP,3.6076,11,APEX1,False,0.7897,0.8641,1.047,0.8242,0.7871,0.9794
546,PRDX2,2.0417,12,APEX1,False,0.7897,0.8641,1.047,0.8242,0.7871,0.9794
546,KDM1A,0.7871,13,APEX1,False,0.7897,0.8641,1.047,0.8242,0.7871,0.9794
547,APEX1,9.6055,1,APEX1,True,1.1156,1.1609,0.9895,0.7971,1.189,1.0023
547,TNFRSF10C,6.8294,2,APEX1,False,1.1156,1.1609,0.9895,0.7971,1.189,1.0023
547,ARID5B,6.8294,2,APEX1,False,1.1156,1.1609,0.9895,0.7971,1.189,1.0023
547,DHFR,6.2489,4,APEX1,False,1.1156,1.1609,0.9895,0.7971,1.189,1.0023
547,BACE1,6.2489,4,APEX1,False,1.1156,1.1609,0.9895,0.7971,1.189,1.0023
547,SEC23B,6.2489,4,APEX1,False,1.1156,1.1609,0.9895,0.7971,1.189,1.0023
547,PADI4,5.6685,7,APEX1,False,1.1156,1.1609,0.9895,0.7971,1.189,1.0023
547,HADHB,5.6685,7,APEX1,False,1.1156,1.1609,0.9895,0.7971,1.189,1.0023
547,RFC4,5.6685,7,APEX1,False,1.1156,1.1609,0.9895,0.7971,1.189,1.0023
547,SF3B3,5.6685,7,APEX1,False,1.1156,1.1609,0.9895,0.7971,1.189,1.0023
547,PERP,5.1673,11,APEX1,False,1.1156,1.1609,0.9895,0.7971,1.189,1.0023
547,PRDX2,2.7761,12,APEX1,False,1.1156,1.1609,0.9895,0.7971,1.189,1.0023
547,KDM1A,1.189,13,APEX1,False,1.1156,1.1609,0.9895,0.7971,1.189,1.0023
548,APEX1,7.3698,1,APEX1,True,0.7774,0.7516,0.9357,0.9113,1.1022,0.8025
548,TNFRSF10C,4.587,2,APEX1,False,0.7774,0.7516,0.9357,0.9113,1.1022,0.8025
548,ARID5B,4.587,2,APEX1,False,0.7774,0.7516,0.9357,0.9113,1.1022,0.8025
548,DHFR,4.2113,4,APEX1,False,0.7774,0.7516,0.9357,0.9113,1.1022,0.8025
548,BACE1,4.2113,4,APEX1,False,0.7774,0.7516,0.9357,0.9113,1.1022,0.8025
548,SEC23B,4.2113,4,APEX1,False,0.7774,0.7516,0.9357,0.9113,1.1022,0.8025
548,PADI4,3.8355,7,APEX1,False,0.7774,0.7516,0.9357,0.9113,1.1022,0.8025
548,HADHB,3.8355,7,APEX1,False,0.7774,0.7516,0.9357,0.9113,1.1022,0.8025
548,RFC4,3.8355,7,APEX1,False,0.7774,0.7516,0.9357,0.9113,1.1022,0.8025
548,SF3B3,3.8355,7,APEX1,False,0.7774,0.7516,0.9357,0.9113,1.1022,0.8025
548,PERP,3.4342,11,APEX1,False,0.7774,0.7516,0.9357,0.9113,1.1022,0.8025
548,PRDX2,2.0769,12,APEX1,False,0.7774,0.7516,0.9357,0.9113,1.1022,0.8025
548,KDM1A,1.1022,13,APEX1,False,0.7774,0.7516,0.9357,0.9113,1.1022,0.8025
549,APEX1,8.9733,1,APEX1,True,1.184,1.0253,0.7801,0.7852,1.1635,1.1109
549,TNFRSF10C,6.6279,2,APEX1,False,1.184,1.0253,0.7801,0.7852,1.1635,1.1109
549,ARID5B,6.6279,2,APEX1,False,1.184,1.0253,0.7801,0.7852,1.1635,1.1109
549,DHFR,6.1153,4,APEX1,False,1.184,1.0253,0.7801,0.7852,1.1635,1.1109
549,BACE1,6.1153,4,APEX1,False,1.184,1.0253,0.7801,0.7852,1.1635,1.1109
549,SEC23B,6.1153,4,APEX1,False,1.184,1.0253,0.7801,0.7852,1.1635,1.1109
549,PADI4,5.6027,7,APEX1,False,1.184,1.0253,0.7801,0.7852,1.1635,1.1109
549,HADHB,5.6027,7,APEX1,False,1.184,1.0253,0.7801,0.7852,1.1635,1.1109
549,RFC4,5.6027,7,APEX1,False,1.184,1.0253,0.7801,0.7852,1.1635,1.1109
549,SF3B3,5.6027,7,APEX1,False,1.184,1.0253,0.7801,0.7852,1.1635,1.1109
549,PERP,5.0472,11,APEX1,False,1.184,1.0253,0.7801,0.7852,1.1635,1.1109
549,PRDX2,2.6292,12,APEX1,False,1.184,1.0253,0.7801,0.7852,1.1635,1.1109
549,KDM1A,1.1635,13,APEX1,False,1.184,1.0253,0.7801,0.7852,1.1635,1.1109
550,APEX1,8.0481,1,APEX1,True,0.7739,0.8801,0.9739,1.1385,0.9247,1.0081
550,TNFRSF10C,4.9619,2,APEX1,False,0.7739,0.8801,0.9739,1.1385,0.9247,1.0081
550,ARID5B,4.9619,2,APEX1,False,0.7739,0.8801,0.9739,1.1385,0.9247,1.0081
550,DHFR,4.5218,4,APEX1,False,0.7739,0.8801,0.9739,1.1385,0.9247,1.0081
550,BACE1,4.5218,4,APEX1,False,0.7739,0.8801,0.9739,1.1385,0.9247,1.0081
550,SEC23B,4.5218,4,APEX1,False,0.7739,0.8801,0.9739,1.1385,0.9247,1.0081
550,PADI4,4.0818,7,APEX1,False,0.7739,0.8801,0.9739,1.1385,0.9247,1.0081
550,HADHB,4.0818,7,APEX1,False,0.7739,0.8801,0.9739,1.1385,0.9247,1.0081
550,RFC4,4.0818,7,APEX1,False,0.7739,0.8801,0.9739,1.1385,0.9247,1.0081
550,SF3B3,4.0818,7,APEX1,False,0.7739,0.8801,0.9739,1.1385,0.9247,1.0081
550,PERP,3.5778,11,APEX1,False,0.7739,0.8801,0.9739,1.1385,0.9247,1.0081
550,PRDX2,1.9005,12,APEX1,False,0.7739,0.8801,0.9739,1.1385,0.9247,1.0081
550,KDM1A,0.9247,13,APEX1,False,0.7739,0.8801,0.9739,1.1385,0.9247,1.0081
551,APEX1,9.7928,1,APEX1,True,1.1855,1.2351,0.8299,0.8711,1.1975,0.7537
551,TNFRSF10C,7.2618,2,APEX1,False,1.1855,1.2351,0.8299,0.8711,1.1975,0.7537
551,ARID5B,7.2618,2,APEX1,False,1.1855,1.2351,0.8299,0.8711,1.1975,0.7537
551,DHFR,6.6442,4,APEX1,False,1.1855,1.2351,0.8299,0.8711,1.1975,0.7537
551,BACE1,6.6442,4,APEX1,False,1.1855,1.2351,0.8299,0.8711,1.1975,0.7537
551,SEC23B,6.6442,4,APEX1,False,1.1855,1.2351,0.8299,0.8711,1.1975,0.7537
551,PADI4,6.0266,7,APEX1,False,1.1855,1.2351,0.8299,0.8711,1.1975,0.7537
551,HADHB,6.0266,7,APEX1,False,1.1855,1.2351,0.8299,0.8711,1.1975,0.7537
551,RFC4,6.0266,7,APEX1,False,1.1855,1.2351,0.8299,0.8711,1.1975,0.7537
551,SF3B3,6.0266,7,APEX1,False,1.1855,1.2351,0.8299,0.8711,1.1975,0.7537
551,PERP,5.6498,11,APEX1,False,1.1855,1.2351,0.8299,0.8711,1.1975,0.7537
551,PRDX2,3.0399,12,APEX1,False,1.1855,1.2351,0.8299,0.8711,1.1975,0.7537
551,KDM1A,1.1975,13,APEX1,False,1.1855,1.2351,0.8299,0.8711,1.1975,0.7537
552,APEX1,8.9567,1,APEX1,True,0.7897,1.0269,1.2024,1.1019,1.1722,0.9418
552,TNFRSF10C,5.45,2,APEX1,False,0.7897,1.0269,1.2024,1.1019,1.1722,0.9418
552,ARID5B,5.45,2,APEX1,False,0.7897,1.0269,1.2024,1.1019,1.1722,0.9418
552,DHFR,4.9365,4,APEX1,False,0.7897,1.0269,1.2024,1.1019,1.1722,0.9418
552,BACE1,4.9365,4,APEX1,False,0.7897,1.0269,1.2024,1.1019,1.1722,0.9418
552,SEC23B,4.9365,4,APEX1,False,0.7897,1.0269,1.2024,1.1019,1.1722,0.9418
552,PADI4,4.423,7,APEX1,False,0.7897,1.0269,1.2024,1.1019,1.1722,0.9418
552,HADHB,4.423,7,APEX1,False,0.7897,1.0269,1.2024,1.1019,1.1722,0.9418
552,RFC4,4.423,7,APEX1,False,0.7897,1.0269,1.2024,1.1019,1.1722,0.9418
552,SF3B3,4.423,7,APEX1,False,0.7897,1.0269,1.2024,1.1019,1.1722,0.9418
552,PERP,3.9521,11,APEX1,False,0.7897,1.0269,1.2024,1.1019,1.1722,0.9418
552,PRDX2,2.2349,12,APEX1,False,0.7897,1.0269,1.2024,1.1019,1.1722,0.9418
552,KDM1A,1.1722,13,APEX1,False,0.7897,1.0269,1.2024,1.1019,1.1722,0.9418
553,APEX1,9.3586,1,APEX1,True,0.9008,1.1365,1.1039,1.0387,0.8292,1.0176
553,TNFRSF10C,6.112,2,APEX1,False,0.9008,1.1365,1.1039,1.0387,0.8292,1.0176
553,ARID5B,6.112,2,APEX1,False,0.9008,1.1365,1.1039,1.0387,0.8292,1.0176
553,DHFR,5.5438,4,APEX1,False,0.9008,1.1365,1.1039,1.0387,0.8292,1.0176
553,BACE1,5.5438,4,APEX1,False,0.9008,1.1365,1.1039,1.0387,0.8292,1.0176
553,SEC23B,5.5438,4,APEX1,False,0.9008,1.1365,1.1039,1.0387,0.8292,1.0176
553,PADI4,4.9755,7,APEX1,False,0.9008,1.1365,1.1039,1.0387,0.8292,1.0176
553,HADHB,4.9755,7,APEX1,False,0.9008,1.1365,1.1039,1.0387,0.8292,1.0176
553,RFC4,4.9755,7,APEX1,False,0.9008,1.1365,1.1039,1.0387,0.8292,1.0176
553,SF3B3,4.9755,7,APEX1,False,0.9008,1.1365,1.1039,1.0387,0.8292,1.0176
553,PERP,4.4667,11,APEX1,False,0.9008,1.1365,1.1039,1.0387,0.8292,1.0176
553,PRDX2,2.3384,12,APEX1,False,0.9008,1.1365,1.1039,1.0387,0.8292,1.0176
553,KDM1A,0.8292,13,APEX1,False,0.9008,1.1365,1.1039,1.0387,0.8292,1.0176
554,APEX1,9.0665,1,APEX1,True,1.1847,0.921,0.9982,0.7532,1.1836,1.2452
554,TNFRSF10C,6.3171,2,APEX1,False,1.1847,0.921,0.9982,0.7532,1.1836,1.2452
554,ARID5B,6.3171,2,APEX1,False,1.1847,0.921,0.9982,0.7532,1.1836,1.2452
554,DHFR,5.8566,4,APEX1,False,1.1847,0.921,0.9982,0.7532,1.1836,1.2452
554,BACE1,5.8566,4,APEX1,False,1.1847,0.921,0.9982,0.7532,1.1836,1.2452
554,SEC23B,5.8566,4,APEX1,False,1.1847,0.921,0.9982,0.7532,1.1836,1.2452
554,PADI4,5.396,7,APEX1,False,1.1847,0.921,0.9982,0.7532,1.1836,1.2452
554,HADHB,5.396,7,APEX1,False,1.1847,0.921,0.9982,0.7532,1.1836,1.2452
554,RFC4,5.396,7,APEX1,False,1.1847,0.921,0.9982,0.7532,1.1836,1.2452
554,SF3B3,5.396,7,APEX1,False,1.1847,0.921,0.9982,0.7532,1.1836,1.2452
554,PERP,4.7734,11,APEX1,False,1.1847,0.921,0.9982,0.7532,1.1836,1.2452
554,PRDX2,2.7146,12,APEX1,False,1.1847,0.921,0.9982,0.7532,1.1836,1.2452
554,KDM1A,1.1836,13,APEX1,False,1.1847,0.921,0.9982,0.7532,1.1836,1.2452
555,APEX1,7.9684,1,APEX1,True,1.0144,0.7558,0.7932,1.0714,0.933,0.845
555,TNFRSF10C,5.3107,2,APEX1,False,1.0144,0.7558,0.7932,1.0714,0.933,0.845
555,ARID5B,5.3107,2,APEX1,False,1.0144,0.7558,0.7932,1.0714,0.933,0.845
555,DHFR,4.9328,4,APEX1,False,1.0144,0.7558,0.7932,1.0714,0.933,0.845
555,BACE1,4.9328,4,APEX1,False,1.0144,0.7558,0.7932,1.0714,0.933,0.845
555,SEC23B,4.9328,4,APEX1,False,1.0144,0.7558,0.7932,1.0714,0.933,0.845
555,PADI4,4.5549,7,APEX1,False,1.0144,0.7558,0.7932,1.0714,0.933,0.845
555,HADHB,4.5549,7,APEX1,False,1.0144,0.7558,0.7932,1.0714,0.933,0.845
555,RFC4,4.5549,7,APEX1,False,1.0144,0.7558,0.7932,1.0714,0.933,0.845
555,SF3B3,4.5549,7,APEX1,False,1.0144,0.7558,0.7932,1.0714,0.933,0.845
555,PERP,4.1324,11,APEX1,False,1.0144,0.7558,0.7932,1.0714,0.933,0.845
555,PRDX2,2.4842,12,APEX1,False,1.0144,0.7558,0.7932,1.0714,0.933,0.845
555,KDM1A,0.933,13,APEX1,False,1.0144,0.7558,0.7932,1.0714,0.933,0.845
556,APEX1,8.8706,1,APEX1,True,0.8796,1.1266,0.831,1.1902,1.0183,0.8397
556,TNFRSF10C,6.0185,2,APEX1,False,0.8796,1.1266,0.831,1.1902,1.0183,0.8397
556,ARID5B,6.0185,2,APEX1,False,0.8796,1.1266,0.831,1.1902,1.0183,0.8397
556,DHFR,5.4552,4,APEX1,False,0.8796,1.1266,0.831,1.1902,1.0183,0.8397
556,BACE1,5.4552,4,APEX1,False,0.8796,1.1266,0.831,1.1902,1.0183,0.8397
556,SEC23B,5.4552,4,APEX1,False,0.8796,1.1266,0.831,1.1902,1.0183,0.8397
556,PADI4,4.8919,7,APEX1,False,0.8796,1.1266,0.831,1.1902,1.0183,0.8397
556,HADHB,4.8919,7,APEX1,False,0.8796,1.1266,0.831,1.1902,1.0183,0.8397
556,RFC4,4.8919,7,APEX1,False,0.8796,1.1266,0.831,1.1902,1.0183,0.8397
556,SF3B3,4.8919,7,APEX1,False,0.8796,1.1266,0.831,1.1902,1.0183,0.8397
556,PERP,4.4721,11,APEX1,False,0.8796,1.1266,0.831,1.1902,1.0183,0.8397
556,PRDX2,2.1902,12,APEX1,False,0.8796,1.1266,0.831,1.1902,1.0183,0.8397
556,KDM1A,1.0183,13,APEX1,False,0.8796,1.1266,0.831,1.1902,1.0183,0.8397
557,APEX1,9.1329,1,APEX1,True,0.7892,1.2089,1.1362,0.8664,0.8838,1.0025
557,TNFRSF10C,5.9941,2,APEX1,False,0.7892,1.2089,1.1362,0.8664,0.8838,1.0025
557,ARID5B,5.9941,2,APEX1,False,0.7892,1.2089,1.1362,0.8664,0.8838,1.0025
557,DHFR,5.3897,4,APEX1,False,0.7892,1.2089,1.1362,0.8664,0.8838,1.0025
557,BACE1,5.3897,4,APEX1,False,0.7892,1.2089,1.1362,0.8664,0.8838,1.0025
557,SEC23B,5.3897,4,APEX1,False,0.7892,1.2089,1.1362,0.8664,0.8838,1.0025
557,PADI4,4.7852,7,APEX1,False,0.7892,1.2089,1.1362,0.8664,0.8838,1.0025
557,HADHB,4.7852,7,APEX1,False,0.7892,1.2089,1.1362,0.8664,0.8838,1.0025
557,RFC4,4.7852,7,APEX1,False,0.7892,1.2089,1.1362,0.8664,0.8838,1.0025
557,SF3B3,4.7852,7,APEX1,False,0.7892,1.2089,1.1362,0.8664,0.8838,1.0025
557,PERP,4.284,11,APEX1,False,0.7892,1.2089,1.1362,0.8664,0.8838,1.0025
557,PRDX2,2.1066,12,APEX1,False,0.7892,1.2089,1.1362,0.8664,0.8838,1.0025
557,KDM1A,0.8838,13,APEX1,False,0.7892,1.2089,1.1362,0.8664,0.8838,1.0025
558,APEX1,9.2551,1,APEX1,True,1.0942,1.108,0.8199,1.0088,1.0182,1.0737
558,TNFRSF10C,6.6065,2,APEX1,False,1.0942,1.108,0.8199,1.0088,1.0182,1.0737
558,ARID5B,6.6065,2,APEX1,False,1.0942,1.108,0.8199,1.0088,1.0182,1.0737
558,DHFR,6.0525,4,APEX1,False,1.0942,1.108,0.8199,1.0088,1.0182,1.0737
558,BACE1,6.0525,4,APEX1,False,1.0942,1.108,0.8199,1.0088,1.0182,1.0737
558,SEC23B,6.0525,4,APEX1,False,1.0942,1.108,0.8199,1.0088,1.0182,1.0737
558,PADI4,5.4985,7,APEX1,False,1.0942,1.108,0.8199,1.0088,1.0182,1.0737
558,HADHB,5.4985,7,APEX1,False,1.0942,1.108,0.8199,1.0088,1.0182,1.0737
558,RFC4,5.4985,7,APEX1,False,1.0942,1.108,0.8199,1.0088,1.0182,1.0737
558,SF3B3,5.4985,7,APEX1,False,1.0942,1.108,0.8199,1.0088,1.0182,1.0737
558,PERP,4.9617,11,APEX1,False,1.0942,1.108,0.8199,1.0088,1.0182,1.0737
558,PRDX2,2.4816,12,APEX1,False,1.0942,1.108,0.8199,1.0088,1.0182,1.0737
558,KDM1A,1.0182,13,APEX1,False,1.0942,1.108,0.8199,1.0088,1.0182,1.0737
559,APEX1,8.738,1,APEX1,True,0.9973,0.9289,1.0914,0.7766,1.167,1.1097
559,TNFRSF10C,5.7787,2,APEX1,False,0.9973,0.9289,1.0914,0.7766,1.167,1.1097
559,ARID5B,5.7787,2,APEX1,False,0.9973,0.9289,1.0914,0.7766,1.167,1.1097
559,DHFR,5.3143,4,APEX1,False,0.9973,0.9289,1.0914,0.7766,1.167,1.1097
559,BACE1,5.3143,4,APEX1,False,0.9973,0.9289,1.0914,0.7766,1.167,1.1097
559,SEC23B,5.3143,4,APEX1,False,0.9973,0.9289,1.0914,0.7766,1.167,1.1097
559,PADI4,4.8498,7,APEX1,False,0.9973,0.9289,1.0914,0.7766,1.167,1.1097
559,HADHB,4.8498,7,APEX1,False,0.9973,0.9289,1.0914,0.7766,1.167,1.1097
559,RFC4,4.8498,7,APEX1,False,0.9973,0.9289,1.0914,0.7766,1.167,1.1097
559,SF3B3,4.8498,7,APEX1,False,0.9973,0.9289,1.0914,0.7766,1.167,1.1097
559,PERP,4.295,11,APEX1,False,0.9973,0.9289,1.0914,0.7766,1.167,1.1097
559,PRDX2,2.475,12,APEX1,False,0.9973,0.9289,1.0914,0.7766,1.167,1.1097
559,KDM1A,1.167,13,APEX1,False,0.9973,0.9289,1.0914,0.7766,1.167,1.1097
560,APEX1,9.7071,1,APEX1,True,0.8436,1.1909,1.2026,1.1987,1.2333,0.9399
560,TNFRSF10C,6.1033,2,APEX1,False,0.8436,1.1909,1.2026,1.1987,1.2333,0.9399
560,ARID5B,6.1033,2,APEX1,False,0.8436,1.1909,1.2026,1.1987,1.2333,0.9399
560,DHFR,5.5079,4,APEX1,False,0.8436,1.1909,1.2026,1.1987,1.2333,0.9399
560,BACE1,5.5079,4,APEX1,False,0.8436,1.1909,1.2026,1.1987,1.2333,0.9399
560,SEC23B,5.5079,4,APEX1,False,0.8436,1.1909,1.2026,1.1987,1.2333,0.9399
560,PADI4,4.9124,7,APEX1,False,0.8436,1.1909,1.2026,1.1987,1.2333,0.9399
560,HADHB,4.9124,7,APEX1,False,0.8436,1.1909,1.2026,1.1987,1.2333,0.9399
560,RFC4,4.9124,7,APEX1,False,0.8436,1.1909,1.2026,1.1987,1.2333,0.9399
560,SF3B3,4.9124,7,APEX1,False,0.8436,1.1909,1.2026,1.1987,1.2333,0.9399
560,PERP,4.4425,11,APEX1,False,0.8436,1.1909,1.2026,1.1987,1.2333,0.9399
560,PRDX2,2.3716,12,APEX1,False,0.8436,1.1909,1.2026,1.1987,1.2333,0.9399
560,KDM1A,1.2333,13,APEX1,False,0.8436,1.1909,1.2026,1.1987,1.2333,0.9399
561,APEX1,7.6724,1,APEX1,True,0.9073,0.851,0.7513,0.895,0.9672,1.0321
561,TNFRSF10C,5.2747,2,APEX1,False,0.9073,0.851,0.7513,0.895,0.9672,1.0321
561,ARID5B,5.2747,2,APEX1,False,0.9073,0.851,0.7513,0.895,0.9672,1.0321
561,DHFR,4.8492,4,APEX1,False,0.9073,0.851,0.7513,0.895,0.9672,1.0321
561,BACE1,4.8492,4,APEX1,False,0.9073,0.851,0.7513,0.895,0.9672,1.0321
561,SEC23B,4.8492,4,APEX1,False,0.9073,0.851,0.7513,0.895,0.9672,1.0321
561,PADI4,4.4237,7,APEX1,False,0.9073,0.851,0.7513,0.895,0.9672,1.0321
561,HADHB,4.4237,7,APEX1,False,0.9073,0.851,0.7513,0.895,0.9672,1.0321
561,RFC4,4.4237,7,APEX1,False,0.9073,0.851,0.7513,0.895,0.9672,1.0321
561,SF3B3,4.4237,7,APEX1,False,0.9073,0.851,0.7513,0.895,0.9672,1.0321
561,PERP,3.9077,11,APEX1,False,0.9073,0.851,0.7513,0.895,0.9672,1.0321
561,PRDX2,1.9874,12,APEX1,False,0.9073,0.851,0.7513,0.895,0.9672,1.0321
561,KDM1A,0.9672,13,APEX1,False,0.9073,0.851,0.7513,0.895,0.9672,1.0321
562,APEX1,9.3851,1,APEX1,True,1.1095,1.0507,0.8948,1.115,0.7865,0.8166
562,TNFRSF10C,6.4804,2,APEX1,False,1.1095,1.0507,0.8948,1.115,0.7865,0.8166
562,ARID5B,6.4804,2,APEX1,False,1.1095,1.0507,0.8948,1.115,0.7865,0.8166
562,DHFR,5.9551,4,APEX1,False,1.1095,1.0507,0.8948,1.115,0.7865,0.8166
562,BACE1,5.9551,4,APEX1,False,1.1095,1.0507,0.8948,1.115,0.7865,0.8166
562,SEC23B,5.9551,4,APEX1,False,1.1095,1.0507,0.8948,1.115,0.7865,0.8166
562,PADI4,5.4298,7,APEX1,False,1.1095,1.0507,0.8948,1.115,0.7865,0.8166
562,HADHB,5.4298,7,APEX1,False,1.1095,1.0507,0.8948,1.115,0.7865,0.8166
562,RFC4,5.4298,7,APEX1,False,1.1095,1.0507,0.8948,1.115,0.7865,0.8166
562,SF3B3,5.4298,7,APEX1,False,1.1095,1.0507,0.8948,1.115,0.7865,0.8166
562,PERP,5.0215,11,APEX1,False,1.1095,1.0507,0.8948,1.115,0.7865,0.8166
562,PRDX2,2.852,12,APEX1,False,1.1095,1.0507,0.8948,1.115,0.7865,0.8166
562,KDM1A,0.7865,13,APEX1,False,1.1095,1.0507,0.8948,1.115,0.7865,0.8166
563,APEX1,8.6882,1,APEX1,True,0.7544,1.1485,0.966,1.0476,1.0939,1.0396
563,TNFRSF10C,5.7087,2,APEX1,False,0.7544,1.1485,0.966,1.0476,1.0939,1.0396
563,ARID5B,5.7087,2,APEX1,False,0.7544,1.1485,0.966,1.0476,1.0939,1.0396
563,DHFR,5.1344,4,APEX1,False,0.7544,1.1485,0.966,1.0476,1.0939,1.0396
563,BACE1,5.1344,4,APEX1,False,0.7544,1.1485,0.966,1.0476,1.0939,1.0396
563,SEC23B,5.1344,4,APEX1,False,0.7544,1.1485,0.966,1.0476,1.0939,1.0396
563,PADI4,4.5602,7,APEX1,False,0.7544,1.1485,0.966,1.0476,1.0939,1.0396
563,HADHB,4.5602,7,APEX1,False,0.7544,1.1485,0.966,1.0476,1.0939,1.0396
563,RFC4,4.5602,7,APEX1,False,0.7544,1.1485,0.966,1.0476,1.0939,1.0396
563,SF3B3,4.5602,7,APEX1,False,0.7544,1.1485,0.966,1.0476,1.0939,1.0396
563,PERP,4.0404,11,APEX1,False,0.7544,1.1485,0.966,1.0476,1.0939,1.0396
563,PRDX2,1.8123,12,APEX1,False,0.7544,1.1485,0.966,1.0476,1.0939,1.0396
563,KDM1A,1.0939,13,APEX1,False,0.7544,1.1485,0.966,1.0476,1.0939,1.0396
564,APEX1,8.5219,1,APEX1,True,0.9332,1.0361,0.831,0.9519,0.8351,0.9541
564,TNFRSF10C,5.9081,2,APEX1,False,0.9332,1.0361,0.831,0.9519,0.8351,0.9541
564,ARID5B,5.9081,2,APEX1,False,0.9332,1.0361,0.831,0.9519,0.8351,0.9541
564,DHFR,5.39,4,APEX1,False,0.9332,1.0361,0.831,0.9519,0.8351,0.9541
564,BACE1,5.39,4,APEX1,False,0.9332,1.0361,0.831,0.9519,0.8351,0.9541
564,SEC23B,5.39,4,APEX1,False,0.9332,1.0361,0.831,0.9519,0.8351,0.9541
564,PADI4,4.8719,7,APEX1,False,0.9332,1.0361,0.831,0.9519,0.8351,0.9541
564,HADHB,4.8719,7,APEX1,False,0.9332,1.0361,0.831,0.9519,0.8351,0.9541
564,RFC4,4.8719,7,APEX1,False,0.9332,1.0361,0.831,0.9519,0.8351,0.9541
564,SF3B3,4.8719,7,APEX1,False,0.9332,1.0361,0.831,0.9519,0.8351,0.9541
564,PERP,4.3949,11,APEX1,False,0.9332,1.0361,0.831,0.9519,0.8351,0.9541
564,PRDX2,2.2099,12,APEX1,False,0.9332,1.0361,0.831,0.9519,0.8351,0.9541
564,KDM1A,0.8351,13,APEX1,False,0.9332,1.0361,0.831,0.9519,0.8351,0.9541
565,APEX1,9.9412,1,APEX1,True,1.1936,1.0984,1.1318,0.8018,0.7972,1.0778
565,TNFRSF10C,6.8759,2,APEX1,False,1.1936,1.0984,1.1318,0.8018,0.7972,1.0778
565,ARID5B,6.8759,2,APEX1,False,1.1936,1.0984,1.1318,0.8018,0.7972,1.0778
565,DHFR,6.3267,4,APEX1,False,1.1936,1.0984,1.1318,0.8018,0.7972,1.0778
565,BACE1,6.3267,4,APEX1,False,1.1936,1.0984,1.1318,0.8018,0.7972,1.0778
565,SEC23B,6.3267,4,APEX1,False,1.1936,1.0984,1.1318,0.8018,0.7972,1.0778
565,PADI4,5.7775,7,APEX1,False,1.1936,1.0984,1.1318,0.8018,0.7972,1.0778
565,HADHB,5.7775,7,APEX1,False,1.1936,1.0984,1.1318,0.8018,0.7972,1.0778
565,RFC4,5.7775,7,APEX1,False,1.1936,1.0984,1.1318,0.8018,0.7972,1.0778
565,SF3B3,5.7775,7,APEX1,False,1.1936,1.0984,1.1318,0.8018,0.7972,1.0778
565,PERP,5.2386,11,APEX1,False,1.1936,1.0984,1.1318,0.8018,0.7972,1.0778
565,PRDX2,3.0379,12,APEX1,False,1.1936,1.0984,1.1318,0.8018,0.7972,1.0778
565,KDM1A,0.7972,13,APEX1,False,1.1936,1.0984,1.1318,0.8018,0.7972,1.0778
566,APEX1,8.9074,1,APEX1,True,1.0074,0.8786,1.0205,1.2083,0.9698,1.0923
566,TNFRSF10C,5.6581,2,APEX1,False,1.0074,0.8786,1.0205,1.2083,0.9698,1.0923
566,ARID5B,5.6581,2,APEX1,False,1.0074,0.8786,1.0205,1.2083,0.9698,1.0923
566,DHFR,5.2188,4,APEX1,False,1.0074,0.8786,1.0205,1.2083,0.9698,1.0923
566,BACE1,5.2188,4,APEX1,False,1.0074,0.8786,1.0205,1.2083,0.9698,1.0923
566,SEC23B,5.2188,4,APEX1,False,1.0074,0.8786,1.0205,1.2083,0.9698,1.0923
566,PADI4,4.7795,7,APEX1,False,1.0074,0.8786,1.0205,1.2083,0.9698,1.0923
566,HADHB,4.7795,7,APEX1,False,1.0074,0.8786,1.0205,1.2083,0.9698,1.0923
566,RFC4,4.7795,7,APEX1,False,1.0074,0.8786,1.0205,1.2083,0.9698,1.0923
566,SF3B3,4.7795,7,APEX1,False,1.0074,0.8786,1.0205,1.2083,0.9698,1.0923
566,PERP,4.2334,11,APEX1,False,1.0074,0.8786,1.0205,1.2083,0.9698,1.0923
566,PRDX2,2.4468,12,APEX1,False,1.0074,0.8786,1.0205,1.2083,0.9698,1.0923
566,KDM1A,0.9698,13,APEX1,False,1.0074,0.8786,1.0205,1.2083,0.9698,1.0923
567,APEX1,9.1649,1,APEX1,True,1.1002,0.9396,0.9981,1.0493,1.129,0.9797
567,TNFRSF10C,6.1194,2,APEX1,False,1.1002,0.9396,0.9981,1.0493,1.129,0.9797
567,ARID5B,6.1194,2,APEX1,False,1.1002,0.9396,0.9981,1.0493,1.129,0.9797
567,DHFR,5.6496,4,APEX1,False,1.1002,0.9396,0.9981,1.0493,1.129,0.9797
567,BACE1,5.6496,4,APEX1,False,1.1002,0.9396,0.9981,1.0493,1.129,0.9797
567,SEC23B,5.6496,4,APEX1,False,1.1002,0.9396,0.9981,1.0493,1.129,0.9797
567,PADI4,5.1798,7,APEX1,False,1.1002,0.9396,0.9981,1.0493,1.129,0.9797
567,HADHB,5.1798,7,APEX1,False,1.1002,0.9396,0.9981,1.0493,1.129,0.9797
567,RFC4,5.1798,7,APEX1,False,1.1002,0.9396,0.9981,1.0493,1.129,0.9797
567,SF3B3,5.1798,7,APEX1,False,1.1002,0.9396,0.9981,1.0493,1.129,0.9797
567,PERP,4.69,11,APEX1,False,1.1002,0.9396,0.9981,1.0493,1.129,0.9797
567,PRDX2,2.7689,12,APEX1,False,1.1002,0.9396,0.9981,1.0493,1.129,0.9797
567,KDM1A,1.129,13,APEX1,False,1.1002,0.9396,0.9981,1.0493,1.129,0.9797
568,APEX1,9.8903,1,APEX1,True,1.1664,1.0946,1.1302,0.8467,0.9566,1.1369
568,TNFRSF10C,6.7831,2,APEX1,False,1.1664,1.0946,1.1302,0.8467,0.9566,1.1369
568,ARID5B,6.7831,2,APEX1,False,1.1664,1.0946,1.1302,0.8467,0.9566,1.1369
568,DHFR,6.2358,4,APEX1,False,1.1664,1.0946,1.1302,0.8467,0.9566,1.1369
568,BACE1,6.2358,4,APEX1,False,1.1664,1.0946,1.1302,0.8467,0.9566,1.1369
568,SEC23B,6.2358,4,APEX1,False,1.1664,1.0946,1.1302,0.8467,0.9566,1.1369
568,PADI4,5.6885,7,APEX1,False,1.1664,1.0946,1.1302,0.8467,0.9566,1.1369
568,HADHB,5.6885,7,APEX1,False,1.1664,1.0946,1.1302,0.8467,0.9566,1.1369
568,RFC4,5.6885,7,APEX1,False,1.1664,1.0946,1.1302,0.8467,0.9566,1.1369
568,SF3B3,5.6885,7,APEX1,False,1.1664,1.0946,1.1302,0.8467,0.9566,1.1369
568,PERP,5.1201,11,APEX1,False,1.1664,1.0946,1.1302,0.8467,0.9566,1.1369
568,PRDX2,2.9095,12,APEX1,False,1.1664,1.0946,1.1302,0.8467,0.9566,1.1369
568,KDM1A,0.9566,13,APEX1,False,1.1664,1.0946,1.1302,0.8467,0.9566,1.1369
569,APEX1,8.1499,1,APEX1,True,0.8109,0.9036,1.1035,0.7994,0.8076,0.9338
569,TNFRSF10C,5.1435,2,APEX1,False,0.8109,0.9036,1.1035,0.7994,0.8076,0.9338
569,ARID5B,5.1435,2,APEX1,False,0.8109,0.9036,1.1035,0.7994,0.8076,0.9338
569,DHFR,4.6917,4,APEX1,False,0.8109,0.9036,1.1035,0.7994,0.8076,0.9338
569,BACE1,4.6917,4,APEX1,False,0.8109,0.9036,1.1035,0.7994,0.8076,0.9338
569,SEC23B,4.6917,4,APEX1,False,0.8109,0.9036,1.1035,0.7994,0.8076,0.9338
569,PADI4,4.2399,7,APEX1,False,0.8109,0.9036,1.1035,0.7994,0.8076,0.9338
569,HADHB,4.2399,7,APEX1,False,0.8109,0.9036,1.1035,0.7994,0.8076,0.9338
569,RFC4,4.2399,7,APEX1,False,0.8109,0.9036,1.1035,0.7994,0.8076,0.9338
569,SF3B3,4.2399,7,APEX1,False,0.8109,0.9036,1.1035,0.7994,0.8076,0.9338
569,PERP,3.7731,11,APEX1,False,0.8109,0.9036,1.1035,0.7994,0.8076,0.9338
569,PRDX2,2.197,12,APEX1,False,0.8109,0.9036,1.1035,0.7994,0.8076,0.9338
569,KDM1A,0.8076,13,APEX1,False,0.8109,0.9036,1.1035,0.7994,0.8076,0.9338
570,APEX1,10.0109,1,APEX1,True,1.166,1.1874,0.9471,1.0566,0.894,1.0796
570,TNFRSF10C,7.0601,2,APEX1,False,1.166,1.1874,0.9471,1.0566,0.894,1.0796
570,ARID5B,7.0601,2,APEX1,False,1.166,1.1874,0.9471,1.0566,0.894,1.0796
570,DHFR,6.4664,4,APEX1,False,1.166,1.1874,0.9471,1.0566,0.894,1.0796
570,BACE1,6.4664,4,APEX1,False,1.166,1.1874,0.9471,1.0566,0.894,1.0796
570,SEC23B,6.4664,4,APEX1,False,1.166,1.1874,0.9471,1.0566,0.894,1.0796
570,PADI4,5.8727,7,APEX1,False,1.166,1.1874,0.9471,1.0566,0.894,1.0796
570,HADHB,5.8727,7,APEX1,False,1.166,1.1874,0.9471,1.0566,0.894,1.0796
570,RFC4,5.8727,7,APEX1,False,1.166,1.1874,0.9471,1.0566,0.894,1.0796
570,SF3B3,5.8727,7,APEX1,False,1.166,1.1874,0.9471,1.0566,0.894,1.0796
570,PERP,5.3329,11,APEX1,False,1.166,1.1874,0.9471,1.0566,0.894,1.0796
570,PRDX2,2.7824,12,APEX1,False,1.166,1.1874,0.9471,1.0566,0.894,1.0796
570,KDM1A,0.894,13,APEX1,False,1.166,1.1874,0.9471,1.0566,0.894,1.0796
571,APEX1,9.011,1,APEX1,True,0.7751,1.0105,1.2365,1.181,0.9771,0.894
571,TNFRSF10C,5.3569,2,APEX1,False,0.7751,1.0105,1.2365,1.181,0.9771,0.894
571,ARID5B,5.3569,2,APEX1,False,0.7751,1.0105,1.2365,1.181,0.9771,0.894
571,DHFR,4.8517,4,APEX1,False,0.7751,1.0105,1.2365,1.181,0.9771,0.894
571,BACE1,4.8517,4,APEX1,False,0.7751,1.0105,1.2365,1.181,0.9771,0.894
571,SEC23B,4.8517,4,APEX1,False,0.7751,1.0105,1.2365,1.181,0.9771,0.894
571,PADI4,4.3464,7,APEX1,False,0.7751,1.0105,1.2365,1.181,0.9771,0.894
571,HADHB,4.3464,7,APEX1,False,0.7751,1.0105,1.2365,1.181,0.9771,0.894
571,RFC4,4.3464,7,APEX1,False,0.7751,1.0105,1.2365,1.181,0.9771,0.894
571,SF3B3,4.3464,7,APEX1,False,0.7751,1.0105,1.2365,1.181,0.9771,0.894
571,PERP,3.8994,11,APEX1,False,0.7751,1.0105,1.2365,1.181,0.9771,0.894
571,PRDX2,2.2804,12,APEX1,False,0.7751,1.0105,1.2365,1.181,0.9771,0.894
571,KDM1A,0.9771,13,APEX1,False,0.7751,1.0105,1.2365,1.181,0.9771,0.894
572,APEX1,9.3191,1,APEX1,True,1.0779,1.0843,0.8559,1.1208,0.8844,0.835
572,TNFRSF10C,6.4865,2,APEX1,False,1.0779,1.0843,0.8559,1.1208,0.8844,0.835
572,ARID5B,6.4865,2,APEX1,False,1.0779,1.0843,0.8559,1.1208,0.8844,0.835
572,DHFR,5.9443,4,APEX1,False,1.0779,1.0843,0.8559,1.1208,0.8844,0.835
572,BACE1,5.9443,4,APEX1,False,1.0779,1.0843,0.8559,1.1208,0.8844,0.835
572,SEC23B,5.9443,4,APEX1,False,1.0779,1.0843,0.8559,1.1208,0.8844,0.835
572,PADI4,5.4022,7,APEX1,False,1.0779,1.0843,0.8559,1.1208,0.8844,0.835
572,HADHB,5.4022,7,APEX1,False,1.0779,1.0843,0.8559,1.1208,0.8844,0.835
572,RFC4,5.4022,7,APEX1,False,1.0779,1.0843,0.8559,1.1208,0.8844,0.835
572,SF3B3,5.4022,7,APEX1,False,1.0779,1.0843,0.8559,1.1208,0.8844,0.835
572,PERP,4.9847,11,APEX1,False,1.0779,1.0843,0.8559,1.1208,0.8844,0.835
572,PRDX2,2.7156,12,APEX1,False,1.0779,1.0843,0.8559,1.1208,0.8844,0.835
572,KDM1A,0.8844,13,APEX1,False,1.0779,1.0843,0.8559,1.1208,0.8844,0.835
573,APEX1,9.3296,1,APEX1,True,1.2415,0.954,0.8166,1.11,1.1743,0.9207
573,TNFRSF10C,6.5864,2,APEX1,False,1.2415,0.954,0.8166,1.11,1.1743,0.9207
573,ARID5B,6.5864,2,APEX1,False,1.2415,0.954,0.8166,1.11,1.1743,0.9207
573,DHFR,6.1094,4,APEX1,False,1.2415,0.954,0.8166,1.11,1.1743,0.9207
573,BACE1,6.1094,4,APEX1,False,1.2415,0.954,0.8166,1.11,1.1743,0.9207
573,SEC23B,6.1094,4,APEX1,False,1.2415,0.954,0.8166,1.11,1.1743,0.9207
573,PADI4,5.6324,7,APEX1,False,1.2415,0.954,0.8166,1.11,1.1743,0.9207
573,HADHB,5.6324,7,APEX1,False,1.2415,0.954,0.8166,1.11,1.1743,0.9207
573,RFC4,5.6324,7,APEX1,False,1.2415,0.954,0.8166,1.11,1.1743,0.9207
573,SF3B3,5.6324,7,APEX1,False,1.2415,0.954,0.8166,1.11,1.1743,0.9207
573,PERP,5.172,11,APEX1,False,1.2415,0.954,0.8166,1.11,1.1743,0.9207
573,PRDX2,2.9995,12,APEX1,False,1.2415,0.954,0.8166,1.11,1.1743,0.9207
573,KDM1A,1.1743,13,APEX1,False,1.2415,0.954,0.8166,1.11,1.1743,0.9207
574,APEX1,8.6586,1,APEX1,True,1.1953,0.8121,0.8189,0.9988,0.8558,1.209
574,TNFRSF10C,6.0219,2,APEX1,False,1.1953,0.8121,0.8189,0.9988,0.8558,1.209
574,ARID5B,6.0219,2,APEX1,False,1.1953,0.8121,0.8189,0.9988,0.8558,1.209
574,DHFR,5.6159,4,APEX1,False,1.1953,0.8121,0.8189,0.9988,0.8558,1.209
574,BACE1,5.6159,4,APEX1,False,1.1953,0.8121,0.8189,0.9988,0.8558,1.209
574,SEC23B,5.6159,4,APEX1,False,1.1953,0.8121,0.8189,0.9988,0.8558,1.209
574,PADI4,5.2099,7,APEX1,False,1.1953,0.8121,0.8189,0.9988,0.8558,1.209
574,HADHB,5.2099,7,APEX1,False,1.1953,0.8121,0.8189,0.9988,0.8558,1.209
574,RFC4,5.2099,7,APEX1,False,1.1953,0.8121,0.8189,0.9988,0.8558,1.209
574,SF3B3,5.2099,7,APEX1,False,1.1953,0.8121,0.8189,0.9988,0.8558,1.209
574,PERP,4.6054,11,APEX1,False,1.1953,0.8121,0.8189,0.9988,0.8558,1.209
574,PRDX2,2.598,12,APEX1,False,1.1953,0.8121,0.8189,0.9988,0.8558,1.209
574,KDM1A,0.8558,13,APEX1,False,1.1953,0.8121,0.8189,0.9988,0.8558,1.209
575,APEX1,10.1203,1,APEX1,True,1.1405,1.2194,0.9075,1.2255,1.1784,0.7693
575,TNFRSF10C,7.0799,2,APEX1,False,1.1405,1.2194,0.9075,1.2255,1.1784,0.7693
575,ARID5B,7.0799,2,APEX1,False,1.1405,1.2194,0.9075,1.2255,1.1784,0.7693
575,DHFR,6.4702,4,APEX1,False,1.1405,1.2194,0.9075,1.2255,1.1784,0.7693
575,BACE1,6.4702,4,APEX1,False,1.1405,1.2194,0.9075,1.2255,1.1784,0.7693
575,SEC23B,6.4702,4,APEX1,False,1.1405,1.2194,0.9075,1.2255,1.1784,0.7693
575,PADI4,5.8605,7,APEX1,False,1.1405,1.2194,0.9075,1.2255,1.1784,0.7693
575,HADHB,5.8605,7,APEX1,False,1.1405,1.2194,0.9075,1.2255,1.1784,0.7693
575,RFC4,5.8605,7,APEX1,False,1.1405,1.2194,0.9075,1.2255,1.1784,0.7693
575,SF3B3,5.8605,7,APEX1,False,1.1405,1.2194,0.9075,1.2255,1.1784,0.7693
575,PERP,5.4758,11,APEX1,False,1.1405,1.2194,0.9075,1.2255,1.1784,0.7693
575,PRDX2,2.9895,12,APEX1,False,1.1405,1.2194,0.9075,1.2255,1.1784,0.7693
575,KDM1A,1.1784,13,APEX1,False,1.1405,1.2194,0.9075,1.2255,1.1784,0.7693
576,APEX1,9.8628,1,APEX1,True,0.9347,1.1422,1.2026,1.2269,0.8087,1.2084
576,TNFRSF10C,6.2306,2,APEX1,False,0.9347,1.1422,1.2026,1.2269,0.8087,1.2084
576,ARID5B,6.2306,2,APEX1,False,0.9347,1.1422,1.2026,1.2269,0.8087,1.2084
576,DHFR,5.6595,4,APEX1,False,0.9347,1.1422,1.2026,1.2269,0.8087,1.2084
576,BACE1,5.6595,4,APEX1,False,0.9347,1.1422,1.2026,1.2269,0.8087,1.2084
576,SEC23B,5.6595,4,APEX1,False,0.9347,1.1422,1.2026,1.2269,0.8087,1.2084
576,PADI4,5.0884,7,APEX1,False,0.9347,1.1422,1.2026,1.2269,0.8087,1.2084
576,HADHB,5.0884,7,APEX1,False,0.9347,1.1422,1.2026,1.2269,0.8087,1.2084
576,RFC4,5.0884,7,APEX1,False,0.9347,1.1422,1.2026,1.2269,0.8087,1.2084
576,SF3B3,5.0884,7,APEX1,False,0.9347,1.1422,1.2026,1.2269,0.8087,1.2084
576,PERP,4.4842,11,APEX1,False,0.9347,1.1422,1.2026,1.2269,0.8087,1.2084
576,PRDX2,2.3309,12,APEX1,False,0.9347,1.1422,1.2026,1.2269,0.8087,1.2084
576,KDM1A,0.8087,13,APEX1,False,0.9347,1.1422,1.2026,1.2269,0.8087,1.2084
577,APEX1,9.84,1,APEX1,True,1.0417,1.186,1.0147,1.1276,0.8277,0.7817
577,TNFRSF10C,6.683,2,APEX1,False,1.0417,1.186,1.0147,1.1276,0.8277,0.7817
577,ARID5B,6.683,2,APEX1,False,1.0417,1.186,1.0147,1.1276,0.8277,0.7817
577,DHFR,6.0901,4,APEX1,False,1.0417,1.186,1.0147,1.1276,0.8277,0.7817
577,BACE1,6.0901,4,APEX1,False,1.0417,1.186,1.0147,1.1276,0.8277,0.7817
577,SEC23B,6.0901,4,APEX1,False,1.0417,1.186,1.0147,1.1276,0.8277,0.7817
577,PADI4,5.4971,7,APEX1,False,1.0417,1.186,1.0147,1.1276,0.8277,0.7817
577,HADHB,5.4971,7,APEX1,False,1.0417,1.186,1.0147,1.1276,0.8277,0.7817
577,RFC4,5.4971,7,APEX1,False,1.0417,1.186,1.0147,1.1276,0.8277,0.7817
577,SF3B3,5.4971,7,APEX1,False,1.0417,1.186,1.0147,1.1276,0.8277,0.7817
577,PERP,5.1062,11,APEX1,False,1.0417,1.186,1.0147,1.1276,0.8277,0.7817
577,PRDX2,2.8373,12,APEX1,False,1.0417,1.186,1.0147,1.1276,0.8277,0.7817
577,KDM1A,0.8277,13,APEX1,False,1.0417,1.186,1.0147,1.1276,0.8277,0.7817
578,APEX1,9.2165,1,APEX1,True,0.8826,1.1224,1.0196,1.1623,1.1268,1.2247
578,TNFRSF10C,6.0151,2,APEX1,False,0.8826,1.1224,1.0196,1.1623,1.1268,1.2247
578,ARID5B,6.0151,2,APEX1,False,0.8826,1.1224,1.0196,1.1623,1.1268,1.2247
578,DHFR,5.4539,4,APEX1,False,0.8826,1.1224,1.0196,1.1623,1.1268,1.2247
578,BACE1,5.4539,4,APEX1,False,0.8826,1.1224,1.0196,1.1623,1.1268,1.2247
578,SEC23B,5.4539,4,APEX1,False,0.8826,1.1224,1.0196,1.1623,1.1268,1.2247
578,PADI4,4.8927,7,APEX1,False,0.8826,1.1224,1.0196,1.1623,1.1268,1.2247
578,HADHB,4.8927,7,APEX1,False,0.8826,1.1224,1.0196,1.1623,1.1268,1.2247
578,RFC4,4.8927,7,APEX1,False,0.8826,1.1224,1.0196,1.1623,1.1268,1.2247
578,SF3B3,4.8927,7,APEX1,False,0.8826,1.1224,1.0196,1.1623,1.1268,1.2247
578,PERP,4.2804,11,APEX1,False,0.8826,1.1224,1.0196,1.1623,1.1268,1.2247
578,PRDX2,2.0015,12,APEX1,False,0.8826,1.1224,1.0196,1.1623,1.1268,1.2247
578,KDM1A,1.1268,13,APEX1,False,0.8826,1.1224,1.0196,1.1623,1.1268,1.2247
579,APEX1,9.567,1,APEX1,True,0.9724,1.0226,1.2118,1.1582,0.8436,1.2317
579,TNFRSF10C,5.9852,2,APEX1,False,0.9724,1.0226,1.2118,1.1582,0.8436,1.2317
579,ARID5B,5.9852,2,APEX1,False,0.9724,1.0226,1.2118,1.1582,0.8436,1.2317
579,DHFR,5.4739,4,APEX1,False,0.9724,1.0226,1.2118,1.1582,0.8436,1.2317
579,BACE1,5.4739,4,APEX1,False,0.9724,1.0226,1.2118,1.1582,0.8436,1.2317
579,SEC23B,5.4739,4,APEX1,False,0.9724,1.0226,1.2118,1.1582,0.8436,1.2317
579,PADI4,4.9626,7,APEX1,False,0.9724,1.0226,1.2118,1.1582,0.8436,1.2317
579,HADHB,4.9626,7,APEX1,False,0.9724,1.0226,1.2118,1.1582,0.8436,1.2317
579,RFC4,4.9626,7,APEX1,False,0.9724,1.0226,1.2118,1.1582,0.8436,1.2317
579,SF3B3,4.9626,7,APEX1,False,0.9724,1.0226,1.2118,1.1582,0.8436,1.2317
579,PERP,4.3467,11,APEX1,False,0.9724,1.0226,1.2118,1.1582,0.8436,1.2317
579,PRDX2,2.4112,12,APEX1,False,0.9724,1.0226,1.2118,1.1582,0.8436,1.2317
579,KDM1A,0.8436,13,APEX1,False,0.9724,1.0226,1.2118,1.1582,0.8436,1.2317
580,APEX1,9.254,1,APEX1,True,0.9265,1.029,1.2431,0.9013,0.8904,0.9105
580,TNFRSF10C,5.8665,2,APEX1,False,0.9265,1.029,1.2431,0.9013,0.8904,0.9105
580,ARID5B,5.8665,2,APEX1,False,0.9265,1.029,1.2431,0.9013,0.8904,0.9105
580,DHFR,5.352,4,APEX1,False,0.9265,1.029,1.2431,0.9013,0.8904,0.9105
580,BACE1,5.352,4,APEX1,False,0.9265,1.029,1.2431,0.9013,0.8904,0.9105
580,SEC23B,5.352,4,APEX1,False,0.9265,1.029,1.2431,0.9013,0.8904,0.9105
580,PADI4,4.8375,7,APEX1,False,0.9265,1.029,1.2431,0.9013,0.8904,0.9105
580,HADHB,4.8375,7,APEX1,False,0.9265,1.029,1.2431,0.9013,0.8904,0.9105
580,RFC4,4.8375,7,APEX1,False,0.9265,1.029,1.2431,0.9013,0.8904,0.9105
580,SF3B3,4.8375,7,APEX1,False,0.9265,1.029,1.2431,0.9013,0.8904,0.9105
580,PERP,4.3822,11,APEX1,False,0.9265,1.029,1.2431,0.9013,0.8904,0.9105
580,PRDX2,2.6488,12,APEX1,False,0.9265,1.029,1.2431,0.9013,0.8904,0.9105
580,KDM1A,0.8904,13,APEX1,False,0.9265,1.029,1.2431,0.9013,0.8904,0.9105
581,APEX1,8.4577,1,APEX1,True,0.9284,0.9276,1.0107,0.8683,0.889,1.2309
581,TNFRSF10C,5.568,2,APEX1,False,0.9284,0.9276,1.0107,0.8683,0.889,1.2309
581,ARID5B,5.568,2,APEX1,False,0.9284,0.9276,1.0107,0.8683,0.889,1.2309
581,DHFR,5.1042,4,APEX1,False,0.9284,0.9276,1.0107,0.8683,0.889,1.2309
581,BACE1,5.1042,4,APEX1,False,0.9284,0.9276,1.0107,0.8683,0.889,1.2309
581,SEC23B,5.1042,4,APEX1,False,0.9284,0.9276,1.0107,0.8683,0.889,1.2309
581,PADI4,4.6404,7,APEX1,False,0.9284,0.9276,1.0107,0.8683,0.889,1.2309
581,HADHB,4.6404,7,APEX1,False,0.9284,0.9276,1.0107,0.8683,0.889,1.2309
581,RFC4,4.6404,7,APEX1,False,0.9284,0.9276,1.0107,0.8683,0.889,1.2309
581,SF3B3,4.6404,7,APEX1,False,0.9284,0.9276,1.0107,0.8683,0.889,1.2309
581,PERP,4.0249,11,APEX1,False,0.9284,0.9276,1.0107,0.8683,0.889,1.2309
581,PRDX2,2.1008,12,APEX1,False,0.9284,0.9276,1.0107,0.8683,0.889,1.2309
581,KDM1A,0.889,13,APEX1,False,0.9284,0.9276,1.0107,0.8683,0.889,1.2309
582,APEX1,9.4793,1,APEX1,True,0.9962,1.0606,1.2237,0.8614,1.2427,1.1827
582,TNFRSF10C,6.1704,2,APEX1,False,0.9962,1.0606,1.2237,0.8614,1.2427,1.1827
582,ARID5B,6.1704,2,APEX1,False,0.9962,1.0606,1.2237,0.8614,1.2427,1.1827
582,DHFR,5.6401,4,APEX1,False,0.9962,1.0606,1.2237,0.8614,1.2427,1.1827
582,BACE1,5.6401,4,APEX1,False,0.9962,1.0606,1.2237,0.8614,1.2427,1.1827
582,SEC23B,5.6401,4,APEX1,False,0.9962,1.0606,1.2237,0.8614,1.2427,1.1827
582,PADI4,5.1098,7,APEX1,False,0.9962,1.0606,1.2237,0.8614,1.2427,1.1827
582,HADHB,5.1098,7,APEX1,False,0.9962,1.0606,1.2237,0.8614,1.2427,1.1827
582,RFC4,5.1098,7,APEX1,False,0.9962,1.0606,1.2237,0.8614,1.2427,1.1827
582,SF3B3,5.1098,7,APEX1,False,0.9962,1.0606,1.2237,0.8614,1.2427,1.1827
582,PERP,4.5185,11,APEX1,False,0.9962,1.0606,1.2237,0.8614,1.2427,1.1827
582,PRDX2,2.5316,12,APEX1,False,0.9962,1.0606,1.2237,0.8614,1.2427,1.1827
582,KDM1A,1.2427,13,APEX1,False,0.9962,1.0606,1.2237,0.8614,1.2427,1.1827
583,APEX1,8.9275,1,APEX1,True,0.752,1.0385,1.1963,1.1635,0.7695,0.9829
583,TNFRSF10C,5.3714,2,APEX1,False,0.752,1.0385,1.1963,1.1635,0.7695,0.9829
583,ARID5B,5.3714,2,APEX1,False,0.752,1.0385,1.1963,1.1635,0.7695,0.9829
583,DHFR,4.8521,4,APEX1,False,0.752,1.0385,1.1963,1.1635,0.7695,0.9829
583,BACE1,4.8521,4,APEX1,False,0.752,1.0385,1.1963,1.1635,0.7695,0.9829
583,SEC23B,4.8521,4,APEX1,False,0.752,1.0385,1.1963,1.1635,0.7695,0.9829
583,PADI4,4.3329,7,APEX1,False,0.752,1.0385,1.1963,1.1635,0.7695,0.9829
583,HADHB,4.3329,7,APEX1,False,0.752,1.0385,1.1963,1.1635,0.7695,0.9829
583,RFC4,4.3329,7,APEX1,False,0.752,1.0385,1.1963,1.1635,0.7695,0.9829
583,SF3B3,4.3329,7,APEX1,False,0.752,1.0385,1.1963,1.1635,0.7695,0.9829
583,PERP,3.8415,11,APEX1,False,0.752,1.0385,1.1963,1.1635,0.7695,0.9829
583,PRDX2,2.0934,12,APEX1,False,0.752,1.0385,1.1963,1.1635,0.7695,0.9829
583,KDM1A,0.7695,13,APEX1,False,0.752,1.0385,1.1963,1.1635,0.7695,0.9829
584,APEX1,9.1014,1,APEX1,True,0.9702,1.0039,1.1703,0.8388,1.003,0.7922
584,TNFRSF10C,5.9221,2,APEX1,False,0.9702,1.0039,1.1703,0.8388,1.003,0.7922
584,ARID5B,5.9221,2,APEX1,False,0.9702,1.0039,1.1703,0.8388,1.003,0.7922
584,DHFR,5.4202,4,APEX1,False,0.9702,1.0039,1.1703,0.8388,1.003,0.7922
584,BACE1,5.4202,4,APEX1,False,0.9702,1.0039,1.1703,0.8388,1.003,0.7922
584,SEC23B,5.4202,4,APEX1,False,0.9702,1.0039,1.1703,0.8388,1.003,0.7922
584,PADI4,4.9182,7,APEX1,False,0.9702,1.0039,1.1703,0.8388,1.003,0.7922
584,HADHB,4.9182,7,APEX1,False,0.9702,1.0039,1.1703,0.8388,1.003,0.7922
584,RFC4,4.9182,7,APEX1,False,0.9702,1.0039,1.1703,0.8388,1.003,0.7922
584,SF3B3,4.9182,7,APEX1,False,0.9702,1.0039,1.1703,0.8388,1.003,0.7922
584,PERP,4.5221,11,APEX1,False,0.9702,1.0039,1.1703,0.8388,1.003,0.7922
584,PRDX2,2.8035,12,APEX1,False,0.9702,1.0039,1.1703,0.8388,1.003,0.7922
584,KDM1A,1.003,13,APEX1,False,0.9702,1.0039,1.1703,0.8388,1.003,0.7922
585,APEX1,10.2354,1,APEX1,True,1.0489,1.2332,1.219,0.9512,1.0366,1.2426
585,TNFRSF10C,6.8462,2,APEX1,False,1.0489,1.2332,1.219,0.9512,1.0366,1.2426
585,ARID5B,6.8462,2,APEX1,False,1.0489,1.2332,1.219,0.9512,1.0366,1.2426
585,DHFR,6.2297,4,APEX1,False,1.0489,1.2332,1.219,0.9512,1.0366,1.2426
585,BACE1,6.2297,4,APEX1,False,1.0489,1.2332,1.219,0.9512,1.0366,1.2426
585,SEC23B,6.2297,4,APEX1,False,1.0489,1.2332,1.219,0.9512,1.0366,1.2426
585,PADI4,5.6131,7,APEX1,False,1.0489,1.2332,1.219,0.9512,1.0366,1.2426
585,HADHB,5.6131,7,APEX1,False,1.0489,1.2332,1.219,0.9512,1.0366,1.2426
585,RFC4,5.6131,7,APEX1,False,1.0489,1.2332,1.219,0.9512,1.0366,1.2426
585,SF3B3,5.6131,7,APEX1,False,1.0489,1.2332,1.219,0.9512,1.0366,1.2426
585,PERP,4.9918,11,APEX1,False,1.0489,1.2332,1.219,0.9512,1.0366,1.2426
585,PRDX2,2.5987,12,APEX1,False,1.0489,1.2332,1.219,0.9512,1.0366,1.2426
585,KDM1A,1.0366,13,APEX1,False,1.0489,1.2332,1.219,0.9512,1.0366,1.2426
586,APEX1,10.171,1,APEX1,True,1.1209,1.0709,1.2142,1.1672,0.9622,1.1059
586,TNFRSF10C,6.5754,2,APEX1,False,1.1209,1.0709,1.2142,1.1672,0.9622,1.1059
586,ARID5B,6.5754,2,APEX1,False,1.1209,1.0709,1.2142,1.1672,0.9622,1.1059
586,DHFR,6.0399,4,APEX1,False,1.1209,1.0709,1.2142,1.1672,0.9622,1.1059
586,BACE1,6.0399,4,APEX1,False,1.1209,1.0709,1.2142,1.1672,0.9622,1.1059
586,SEC23B,6.0399,4,APEX1,False,1.1209,1.0709,1.2142,1.1672,0.9622,1.1059
586,PADI4,5.5045,7,APEX1,False,1.1209,1.0709,1.2142,1.1672,0.9622,1.1059
586,HADHB,5.5045,7,APEX1,False,1.1209,1.0709,1.2142,1.1672,0.9622,1.1059
586,RFC4,5.5045,7,APEX1,False,1.1209,1.0709,1.2142,1.1672,0.9622,1.1059
586,SF3B3,5.5045,7,APEX1,False,1.1209,1.0709,1.2142,1.1672,0.9622,1.1059
586,PERP,4.9515,11,APEX1,False,1.1209,1.0709,1.2142,1.1672,0.9622,1.1059
586,PRDX2,2.9106,12,APEX1,False,1.1209,1.0709,1.2142,1.1672,0.9622,1.1059
586,KDM1A,0.9622,13,APEX1,False,1.1209,1.0709,1.2142,1.1672,0.9622,1.1059
587,APEX1,9.367,1,APEX1,True,1.1788,1.0767,0.8607,0.8793,1.0754,1.1173
587,TNFRSF10C,6.7664,2,APEX1,False,1.1788,1.0767,0.8607,0.8793,1.0754,1.1173
587,ARID5B,6.7664,2,APEX1,False,1.1788,1.0767,0.8607,0.8793,1.0754,1.1173
587,DHFR,6.2281,4,APEX1,False,1.1788,1.0767,0.8607,0.8793,1.0754,1.1173
587,BACE1,6.2281,4,APEX1,False,1.1788,1.0767,0.8607,0.8793,1.0754,1.1173
587,SEC23B,6.2281,4,APEX1,False,1.1788,1.0767,0.8607,0.8793,1.0754,1.1173
587,PADI4,5.6897,7,APEX1,False,1.1788,1.0767,0.8607,0.8793,1.0754,1.1173
587,HADHB,5.6897,7,APEX1,False,1.1788,1.0767,0.8607,0.8793,1.0754,1.1173
587,RFC4,5.6897,7,APEX1,False,1.1788,1.0767,0.8607,0.8793,1.0754,1.1173
587,SF3B3,5.6897,7,APEX1,False,1.1788,1.0767,0.8607,0.8793,1.0754,1.1173
587,PERP,5.1311,11,APEX1,False,1.1788,1.0767,0.8607,0.8793,1.0754,1.1173
587,PRDX2,2.6903,12,APEX1,False,1.1788,1.0767,0.8607,0.8793,1.0754,1.1173
587,KDM1A,1.0754,13,APEX1,False,1.1788,1.0767,0.8607,0.8793,1.0754,1.1173
588,APEX1,9.2738,1,APEX1,True,1.045,0.9975,1.1189,0.9084,0.959,0.9531
588,TNFRSF10C,6.1276,2,APEX1,False,1.045,0.9975,1.1189,0.9084,0.959,0.9531
588,ARID5B,6.1276,2,APEX1,False,1.045,0.9975,1.1189,0.9084,0.959,0.9531
588,DHFR,5.6288,4,APEX1,False,1.045,0.9975,1.1189,0.9084,0.959,0.9531
588,BACE1,5.6288,4,APEX1,False,1.045,0.9975,1.1189,0.9084,0.959,0.9531
588,SEC23B,5.6288,4,APEX1,False,1.045,0.9975,1.1189,0.9084,0.959,0.9531
588,PADI4,5.13,7,APEX1,False,1.045,0.9975,1.1189,0.9084,0.959,0.9531
588,HADHB,5.13,7,APEX1,False,1.045,0.9975,1.1189,0.9084,0.959,0.9531
588,RFC4,5.13,7,APEX1,False,1.045,0.9975,1.1189,0.9084,0.959,0.9531
588,SF3B3,5.13,7,APEX1,False,1.045,0.9975,1.1189,0.9084,0.959,0.9531
588,PERP,4.6535,11,APEX1,False,1.045,0.9975,1.1189,0.9084,0.959,0.9531
588,PRDX2,2.7782,12,APEX1,False,1.045,0.9975,1.1189,0.9084,0.959,0.9531
588,KDM1A,0.959,13,APEX1,False,1.045,0.9975,1.1189,0.9084,0.959,0.9531
589,APEX1,9.5248,1,APEX1,True,0.9717,1.0572,1.1736,1.0908,1.1506,0.9072
589,TNFRSF10C,6.0868,2,APEX1,False,0.9717,1.0572,1.1736,1.0908,1.1506,0.9072
589,ARID5B,6.0868,2,APEX1,False,0.9717,1.0572,1.1736,1.0908,1.1506,0.9072
589,DHFR,5.5582,4,APEX1,False,0.9717,1.0572,1.1736,1.0908,1.1506,0.9072
589,BACE1,5.5582,4,APEX1,False,0.9717,1.0572,1.1736,1.0908,1.1506,0.9072
589,SEC23B,5.5582,4,APEX1,False,0.9717,1.0572,1.1736,1.0908,1.1506,0.9072
589,PADI4,5.0296,7,APEX1,False,0.9717,1.0572,1.1736,1.0908,1.1506,0.9072
589,HADHB,5.0296,7,APEX1,False,0.9717,1.0572,1.1736,1.0908,1.1506,0.9072
589,RFC4,5.0296,7,APEX1,False,0.9717,1.0572,1.1736,1.0908,1.1506,0.9072
589,SF3B3,5.0296,7,APEX1,False,0.9717,1.0572,1.1736,1.0908,1.1506,0.9072
589,PERP,4.576,11,APEX1,False,0.9717,1.0572,1.1736,1.0908,1.1506,0.9072
589,PRDX2,2.6956,12,APEX1,False,0.9717,1.0572,1.1736,1.0908,1.1506,0.9072
589,KDM1A,1.1506,13,APEX1,False,0.9717,1.0572,1.1736,1.0908,1.1506,0.9072
590,APEX1,9.3362,1,APEX1,True,0.904,1.1394,1.0713,1.0633,1.237,1.1818
590,TNFRSF10C,6.1304,2,APEX1,False,0.904,1.1394,1.0713,1.0633,1.237,1.1818
590,ARID5B,6.1304,2,APEX1,False,0.904,1.1394,1.0713,1.0633,1.237,1.1818
590,DHFR,5.5606,4,APEX1,False,0.904,1.1394,1.0713,1.0633,1.237,1.1818
590,BACE1,5.5606,4,APEX1,False,0.904,1.1394,1.0713,1.0633,1.237,1.1818
590,SEC23B,5.5606,4,APEX1,False,0.904,1.1394,1.0713,1.0633,1.237,1.1818
590,PADI4,4.9909,7,APEX1,False,0.904,1.1394,1.0713,1.0633,1.237,1.1818
590,HADHB,4.9909,7,APEX1,False,0.904,1.1394,1.0713,1.0633,1.237,1.1818
590,RFC4,4.9909,7,APEX1,False,0.904,1.1394,1.0713,1.0633,1.237,1.1818
590,SF3B3,4.9909,7,APEX1,False,0.904,1.1394,1.0713,1.0633,1.237,1.1818
590,PERP,4.4,11,APEX1,False,0.904,1.1394,1.0713,1.0633,1.237,1.1818
590,PRDX2,2.1495,12,APEX1,False,0.904,1.1394,1.0713,1.0633,1.237,1.1818
590,KDM1A,1.237,13,APEX1,False,0.904,1.1394,1.0713,1.0633,1.237,1.1818
591,APEX1,9.0771,1,APEX1,True,1.0851,0.8466,1.1073,1.0674,0.7957,1.2264
591,TNFRSF10C,5.7951,2,APEX1,False,1.0851,0.8466,1.1073,1.0674,0.7957,1.2264
591,ARID5B,5.7951,2,APEX1,False,1.0851,0.8466,1.1073,1.0674,0.7957,1.2264
591,DHFR,5.3718,4,APEX1,False,1.0851,0.8466,1.1073,1.0674,0.7957,1.2264
591,BACE1,5.3718,4,APEX1,False,1.0851,0.8466,1.1073,1.0674,0.7957,1.2264
591,SEC23B,5.3718,4,APEX1,False,1.0851,0.8466,1.1073,1.0674,0.7957,1.2264
591,PADI4,4.9485,7,APEX1,False,1.0851,0.8466,1.1073,1.0674,0.7957,1.2264
591,HADHB,4.9485,7,APEX1,False,1.0851,0.8466,1.1073,1.0674,0.7957,1.2264
591,RFC4,4.9485,7,APEX1,False,1.0851,0.8466,1.1073,1.0674,0.7957,1.2264
591,SF3B3,4.9485,7,APEX1,False,1.0851,0.8466,1.1073,1.0674,0.7957,1.2264
591,PERP,4.3353,11,APEX1,False,1.0851,0.8466,1.1073,1.0674,0.7957,1.2264
591,PRDX2,2.5937,12,APEX1,False,1.0851,0.8466,1.1073,1.0674,0.7957,1.2264
591,KDM1A,0.7957,13,APEX1,False,1.0851,0.8466,1.1073,1.0674,0.7957,1.2264
592,APEX1,9.7017,1,APEX1,True,0.9945,1.1503,1.1976,0.872,0.8659,0.8516
592,TNFRSF10C,6.4345,2,APEX1,False,0.9945,1.1503,1.1976,0.872,0.8659,0.8516
592,ARID5B,6.4345,2,APEX1,False,0.9945,1.1503,1.1976,0.872,0.8659,0.8516
592,DHFR,5.8594,4,APEX1,False,0.9945,1.1503,1.1976,0.872,0.8659,0.8516
592,BACE1,5.8594,4,APEX1,False,0.9945,1.1503,1.1976,0.872,0.8659,0.8516
592,SEC23B,5.8594,4,APEX1,False,0.9945,1.1503,1.1976,0.872,0.8659,0.8516
592,PADI4,5.2842,7,APEX1,False,0.9945,1.1503,1.1976,0.872,0.8659,0.8516
592,HADHB,5.2842,7,APEX1,False,0.9945,1.1503,1.1976,0.872,0.8659,0.8516
592,RFC4,5.2842,7,APEX1,False,0.9945,1.1503,1.1976,0.872,0.8659,0.8516
592,SF3B3,5.2842,7,APEX1,False,0.9945,1.1503,1.1976,0.872,0.8659,0.8516
592,PERP,4.8584,11,APEX1,False,0.9945,1.1503,1.1976,0.872,0.8659,0.8516
592,PRDX2,2.8323,12,APEX1,False,0.9945,1.1503,1.1976,0.872,0.8659,0.8516
592,KDM1A,0.8659,13,APEX1,False,0.9945,1.1503,1.1976,0.872,0.8659,0.8516
593,APEX1,8.8346,1,APEX1,True,0.7637,1.1644,0.9444,1.1614,1.1389,0.8184
593,TNFRSF10C,5.7844,2,APEX1,False,0.7637,1.1644,0.9444,1.1614,1.1389,0.8184
593,ARID5B,5.7844,2,APEX1,False,0.7637,1.1644,0.9444,1.1614,1.1389,0.8184
593,DHFR,5.2022,4,APEX1,False,0.7637,1.1644,0.9444,1.1614,1.1389,0.8184
593,BACE1,5.2022,4,APEX1,False,0.7637,1.1644,0.9444,1.1614,1.1389,0.8184
593,SEC23B,5.2022,4,APEX1,False,0.7637,1.1644,0.9444,1.1614,1.1389,0.8184
593,PADI4,4.62,7,APEX1,False,0.7637,1.1644,0.9444,1.1614,1.1389,0.8184
593,HADHB,4.62,7,APEX1,False,0.7637,1.1644,0.9444,1.1614,1.1389,0.8184
593,RFC4,4.62,7,APEX1,False,0.7637,1.1644,0.9444,1.1614,1.1389,0.8184
593,SF3B3,4.62,7,APEX1,False,0.7637,1.1644,0.9444,1.1614,1.1389,0.8184
593,PERP,4.2108,11,APEX1,False,0.7637,1.1644,0.9444,1.1614,1.1389,0.8184
593,PRDX2,2.0353,12,APEX1,False,0.7637,1.1644,0.9444,1.1614,1.1389,0.8184
593,KDM1A,1.1389,13,APEX1,False,0.7637,1.1644,0.9444,1.1614,1.1389,0.8184
594,APEX1,9.8739,1,APEX1,True,1.1803,1.1682,0.9827,0.863,0.8732,0.9255
594,TNFRSF10C,7.0454,2,APEX1,False,1.1803,1.1682,0.9827,0.863,0.8732,0.9255
594,ARID5B,7.0454,2,APEX1,False,1.1803,1.1682,0.9827,0.863,0.8732,0.9255
594,DHFR,6.4613,4,APEX1,False,1.1803,1.1682,0.9827,0.863,0.8732,0.9255
594,BACE1,6.4613,4,APEX1,False,1.1803,1.1682,0.9827,0.863,0.8732,0.9255
594,SEC23B,6.4613,4,APEX1,False,1.1803,1.1682,0.9827,0.863,0.8732,0.9255
594,PADI4,5.8772,7,APEX1,False,1.1803,1.1682,0.9827,0.863,0.8732,0.9255
594,HADHB,5.8772,7,APEX1,False,1.1803,1.1682,0.9827,0.863,0.8732,0.9255
594,RFC4,5.8772,7,APEX1,False,1.1803,1.1682,0.9827,0.863,0.8732,0.9255
594,SF3B3,5.8772,7,APEX1,False,1.1803,1.1682,0.9827,0.863,0.8732,0.9255
594,PERP,5.4144,11,APEX1,False,1.1803,1.1682,0.9827,0.863,0.8732,0.9255
594,PRDX2,3.0078,12,APEX1,False,1.1803,1.1682,0.9827,0.863,0.8732,0.9255
594,KDM1A,0.8732,13,APEX1,False,1.1803,1.1682,0.9827,0.863,0.8732,0.9255
595,APEX1,8.3522,1,APEX1,True,1.1751,0.8117,0.79,0.8115,1.1155,0.938
595,TNFRSF10C,5.9606,2,APEX1,False,1.1751,0.8117,0.79,0.8115,1.1155,0.938
595,ARID5B,5.9606,2,APEX1,False,1.1751,0.8117,0.79,0.8115,1.1155,0.938
595,DHFR,5.5547,4,APEX1,False,1.1751,0.8117,0.79,0.8115,1.1155,0.938
595,BACE1,5.5547,4,APEX1,False,1.1751,0.8117,0.79,0.8115,1.1155,0.938
595,SEC23B,5.5547,4,APEX1,False,1.1751,0.8117,0.79,0.8115,1.1155,0.938
595,PADI4,5.1489,7,APEX1,False,1.1751,0.8117,0.79,0.8115,1.1155,0.938
595,HADHB,5.1489,7,APEX1,False,1.1751,0.8117,0.79,0.8115,1.1155,0.938
595,RFC4,5.1489,7,APEX1,False,1.1751,0.8117,0.79,0.8115,1.1155,0.938
595,SF3B3,5.1489,7,APEX1,False,1.1751,0.8117,0.79,0.8115,1.1155,0.938
595,PERP,4.6799,11,APEX1,False,1.1751,0.8117,0.79,0.8115,1.1155,0.938
595,PRDX2,2.7899,12,APEX1,False,1.1751,0.8117,0.79,0.8115,1.1155,0.938
595,KDM1A,1.1155,13,APEX1,False,1.1751,0.8117,0.79,0.8115,1.1155,0.938
596,APEX1,9.5923,1,APEX1,True,1.1314,1.0779,1.0804,0.8033,0.825,0.8029
596,TNFRSF10C,6.6281,2,APEX1,False,1.1314,1.0779,1.0804,0.8033,0.825,0.8029
596,ARID5B,6.6281,2,APEX1,False,1.1314,1.0779,1.0804,0.8033,0.825,0.8029
596,DHFR,6.0891,4,APEX1,False,1.1314,1.0779,1.0804,0.8033,0.825,0.8029
596,BACE1,6.0891,4,APEX1,False,1.1314,1.0779,1.0804,0.8033,0.825,0.8029
596,SEC23B,6.0891,4,APEX1,False,1.1314,1.0779,1.0804,0.8033,0.825,0.8029
596,PADI4,5.5502,7,APEX1,False,1.1314,1.0779,1.0804,0.8033,0.825,0.8029
596,HADHB,5.5502,7,APEX1,False,1.1314,1.0779,1.0804,0.8033,0.825,0.8029
596,RFC4,5.5502,7,APEX1,False,1.1314,1.0779,1.0804,0.8033,0.825,0.8029
596,SF3B3,5.5502,7,APEX1,False,1.1314,1.0779,1.0804,0.8033,0.825,0.8029
596,PERP,5.1487,11,APEX1,False,1.1314,1.0779,1.0804,0.8033,0.825,0.8029
596,PRDX2,3.1061,12,APEX1,False,1.1314,1.0779,1.0804,0.8033,0.825,0.8029
596,KDM1A,0.825,13,APEX1,False,1.1314,1.0779,1.0804,0.8033,0.825,0.8029
597,APEX1,9.2633,1,APEX1,True,1.2176,0.7703,1.0489,1.2018,0.9206,1.0421
597,TNFRSF10C,5.9637,2,APEX1,False,1.2176,0.7703,1.0489,1.2018,0.9206,1.0421
597,ARID5B,5.9637,2,APEX1,False,1.2176,0.7703,1.0489,1.2018,0.9206,1.0421
597,DHFR,5.5785,4,APEX1,False,1.2176,0.7703,1.0489,1.2018,0.9206,1.0421
597,BACE1,5.5785,4,APEX1,False,1.2176,0.7703,1.0489,1.2018,0.9206,1.0421
597,SEC23B,5.5785,4,APEX1,False,1.2176,0.7703,1.0489,1.2018,0.9206,1.0421
597,PADI4,5.1934,7,APEX1,False,1.2176,0.7703,1.0489,1.2018,0.9206,1.0421
597,HADHB,5.1934,7,APEX1,False,1.2176,0.7703,1.0489,1.2018,0.9206,1.0421
597,RFC4,5.1934,7,APEX1,False,1.2176,0.7703,1.0489,1.2018,0.9206,1.0421
597,SF3B3,5.1934,7,APEX1,False,1.2176,0.7703,1.0489,1.2018,0.9206,1.0421
597,PERP,4.6724,11,APEX1,False,1.2176,0.7703,1.0489,1.2018,0.9206,1.0421
597,PRDX2,3.0509,12,APEX1,False,1.2176,0.7703,1.0489,1.2018,0.9206,1.0421
597,KDM1A,0.9206,13,APEX1,False,1.2176,0.7703,1.0489,1.2018,0.9206,1.0421
598,APEX1,8.568,1,APEX1,True,1.1296,0.8328,0.754,1.1731,0.956,1.0956
598,TNFRSF10C,5.887,2,APEX1,False,1.1296,0.8328,0.754,1.1731,0.956,1.0956
598,ARID5B,5.887,2,APEX1,False,1.1296,0.8328,0.754,1.1731,0.956,1.0956
598,DHFR,5.4706,4,APEX1,False,1.1296,0.8328,0.754,1.1731,0.956,1.0956
598,BACE1,5.4706,4,APEX1,False,1.1296,0.8328,0.754,1.1731,0.956,1.0956
598,SEC23B,5.4706,4,APEX1,False,1.1296,0.8328,0.754,1.1731,0.956,1.0956
598,PADI4,5.0542,7,APEX1,False,1.1296,0.8328,0.754,1.1731,0.956,1.0956
598,HADHB,5.0542,7,APEX1,False,1.1296,0.8328,0.754,1.1731,0.956,1.0956
598,RFC4,5.0542,7,APEX1,False,1.1296,0.8328,0.754,1.1731,0.956,1.0956
598,SF3B3,5.0542,7,APEX1,False,1.1296,0.8328,0.754,1.1731,0.956,1.0956
598,PERP,4.5064,11,APEX1,False,1.1296,0.8328,0.754,1.1731,0.956,1.0956
598,PRDX2,2.4823,12,APEX1,False,1.1296,0.8328,0.754,1.1731,0.956,1.0956
598,KDM1A,0.956,13,APEX1,False,1.1296,0.8328,0.754,1.1731,0.956,1.0956
599,APEX1,8.7484,1,APEX1,True,1.0589,0.7626,1.149,0.9859,1.0685,0.7836
599,TNFRSF10C,5.4644,2,APEX1,False,1.0589,0.7626,1.149,0.9859,1.0685,0.7836
599,ARID5B,5.4644,2,APEX1,False,1.0589,0.7626,1.149,0.9859,1.0685,0.7836
599,DHFR,5.0831,4,APEX1,False,1.0589,0.7626,1.149,0.9859,1.0685,0.7836
599,BACE1,5.0831,4,APEX1,False,1.0589,0.7626,1.149,0.9859,1.0685,0.7836
599,SEC23B,5.0831,4,APEX1,False,1.0589,0.7626,1.149,0.9859,1.0685,0.7836
599,PADI4,4.7018,7,APEX1,False,1.0589,0.7626,1.149,0.9859,1.0685,0.7836
599,HADHB,4.7018,7,APEX1,False,1.0589,0.7626,1.149,0.9859,1.0685,0.7836
599,RFC4,4.7018,7,APEX1,False,1.0589,0.7626,1.149,0.9859,1.0685,0.7836
599,SF3B3,4.7018,7,APEX1,False,1.0589,0.7626,1.149,0.9859,1.0685,0.7836
599,PERP,4.31,11,APEX1,False,1.0589,0.7626,1.149,0.9859,1.0685,0.7836
599,PRDX2,3.0126,12,APEX1,False,1.0589,0.7626,1.149,0.9859,1.0685,0.7836
599,KDM1A,1.0685,13,APEX1,False,1.0589,0.7626,1.149,0.9859,1.0685,0.7836
600,APEX1,8.9641,1,APEX1,True,0.7952,1.2411,0.993,0.8692,1.1007,1.2135
600,TNFRSF10C,6.1088,2,APEX1,False,0.7952,1.2411,0.993,0.8692,1.1007,1.2135
600,ARID5B,6.1088,2,APEX1,False,0.7952,1.2411,0.993,0.8692,1.1007,1.2135
600,DHFR,5.4883,4,APEX1,False,0.7952,1.2411,0.993,0.8692,1.1007,1.2135
600,BACE1,5.4883,4,APEX1,False,0.7952,1.2411,0.993,0.8692,1.1007,1.2135
600,SEC23B,5.4883,4,APEX1,False,0.7952,1.2411,0.993,0.8692,1.1007,1.2135
600,PADI4,4.8677,7,APEX1,False,0.7952,1.2411,0.993,0.8692,1.1007,1.2135
600,HADHB,4.8677,7,APEX1,False,0.7952,1.2411,0.993,0.8692,1.1007,1.2135
600,RFC4,4.8677,7,APEX1,False,0.7952,1.2411,0.993,0.8692,1.1007,1.2135
600,SF3B3,4.8677,7,APEX1,False,0.7952,1.2411,0.993,0.8692,1.1007,1.2135
600,PERP,4.2609,11,APEX1,False,0.7952,1.2411,0.993,0.8692,1.1007,1.2135
600,PRDX2,1.7674,12,APEX1,False,0.7952,1.2411,0.993,0.8692,1.1007,1.2135
600,KDM1A,1.1007,13,APEX1,False,0.7952,1.2411,0.993,0.8692,1.1007,1.2135
601,APEX1,8.7764,1,APEX1,True,0.78,1.1044,1.1181,0.8868,0.979,1.2348
601,TNFRSF10C,5.6534,2,APEX1,False,0.78,1.1044,1.1181,0.8868,0.979,1.2348
601,ARID5B,5.6534,2,APEX1,False,0.78,1.1044,1.1181,0.8868,0.979,1.2348
601,DHFR,5.1011,4,APEX1,False,0.78,1.1044,1.1181,0.8868,0.979,1.2348
601,BACE1,5.1011,4,APEX1,False,0.78,1.1044,1.1181,0.8868,0.979,1.2348
601,SEC23B,5.1011,4,APEX1,False,0.78,1.1044,1.1181,0.8868,0.979,1.2348
601,PADI4,4.5489,7,APEX1,False,0.78,1.1044,1.1181,0.8868,0.979,1.2348
601,HADHB,4.5489,7,APEX1,False,0.78,1.1044,1.1181,0.8868,0.979,1.2348
601,RFC4,4.5489,7,APEX1,False,0.78,1.1044,1.1181,0.8868,0.979,1.2348
601,SF3B3,4.5489,7,APEX1,False,0.78,1.1044,1.1181,0.8868,0.979,1.2348
601,PERP,3.9315,11,APEX1,False,0.78,1.1044,1.1181,0.8868,0.979,1.2348
601,PRDX2,1.8334,12,APEX1,False,0.78,1.1044,1.1181,0.8868,0.979,1.2348
601,KDM1A,0.979,13,APEX1,False,0.78,1.1044,1.1181,0.8868,0.979,1.2348
602,APEX1,7.3595,1,APEX1,True,0.8196,0.7658,0.7584,1.0867,1.045,1.1342
602,TNFRSF10C,4.756,2,APEX1,False,0.8196,0.7658,0.7584,1.0867,1.045,1.1342
602,ARID5B,4.756,2,APEX1,False,0.8196,0.7658,0.7584,1.0867,1.045,1.1342
602,DHFR,4.3731,4,APEX1,False,0.8196,0.7658,0.7584,1.0867,1.045,1.1342
602,BACE1,4.3731,4,APEX1,False,0.8196,0.7658,0.7584,1.0867,1.045,1.1342
602,SEC23B,4.3731,4,APEX1,False,0.8196,0.7658,0.7584,1.0867,1.045,1.1342
602,PADI4,3.9903,7,APEX1,False,0.8196,0.7658,0.7584,1.0867,1.045,1.1342
602,HADHB,3.9903,7,APEX1,False,0.8196,0.7658,0.7584,1.0867,1.045,1.1342
602,RFC4,3.9903,7,APEX1,False,0.8196,0.7658,0.7584,1.0867,1.045,1.1342
602,SF3B3,3.9903,7,APEX1,False,0.8196,0.7658,0.7584,1.0867,1.045,1.1342
602,PERP,3.4232,11,APEX1,False,0.8196,0.7658,0.7584,1.0867,1.045,1.1342
602,PRDX2,1.6731,12,APEX1,False,0.8196,0.7658,0.7584,1.0867,1.045,1.1342
602,KDM1A,1.045,13,APEX1,False,0.8196,0.7658,0.7584,1.0867,1.045,1.1342
603,APEX1,8.257,1,APEX1,True,0.923,0.9709,0.8191,0.9372,0.9002,1.2152
603,TNFRSF10C,5.6817,2,APEX1,False,0.923,0.9709,0.8191,0.9372,0.9002,1.2152
603,ARID5B,5.6817,2,APEX1,False,0.923,0.9709,0.8191,0.9372,0.9002,1.2152
603,DHFR,5.1962,4,APEX1,False,0.923,0.9709,0.8191,0.9372,0.9002,1.2152
603,BACE1,5.1962,4,APEX1,False,0.923,0.9709,0.8191,0.9372,0.9002,1.2152
603,SEC23B,5.1962,4,APEX1,False,0.923,0.9709,0.8191,0.9372,0.9002,1.2152
603,PADI4,4.7108,7,APEX1,False,0.923,0.9709,0.8191,0.9372,0.9002,1.2152
603,HADHB,4.7108,7,APEX1,False,0.923,0.9709,0.8191,0.9372,0.9002,1.2152
603,RFC4,4.7108,7,APEX1,False,0.923,0.9709,0.8191,0.9372,0.9002,1.2152
603,SF3B3,4.7108,7,APEX1,False,0.923,0.9709,0.8191,0.9372,0.9002,1.2152
603,PERP,4.1032,11,APEX1,False,0.923,0.9709,0.8191,0.9372,0.9002,1.2152
603,PRDX2,1.9113,12,APEX1,False,0.923,0.9709,0.8191,0.9372,0.9002,1.2152
603,KDM1A,0.9002,13,APEX1,False,0.923,0.9709,0.8191,0.9372,0.9002,1.2152
604,APEX1,7.9613,1,APEX1,True,0.7752,1.0392,0.8402,0.8378,0.8021,0.8185
604,TNFRSF10C,5.4432,2,APEX1,False,0.7752,1.0392,0.8402,0.8378,0.8021,0.8185
604,ARID5B,5.4432,2,APEX1,False,0.7752,1.0392,0.8402,0.8378,0.8021,0.8185
604,DHFR,4.9236,4,APEX1,False,0.7752,1.0392,0.8402,0.8378,0.8021,0.8185
604,BACE1,4.9236,4,APEX1,False,0.7752,1.0392,0.8402,0.8378,0.8021,0.8185
604,SEC23B,4.9236,4,APEX1,False,0.7752,1.0392,0.8402,0.8378,0.8021,0.8185
604,PADI4,4.404,7,APEX1,False,0.7752,1.0392,0.8402,0.8378,0.8021,0.8185
604,HADHB,4.404,7,APEX1,False,0.7752,1.0392,0.8402,0.8378,0.8021,0.8185
604,RFC4,4.404,7,APEX1,False,0.7752,1.0392,0.8402,0.8378,0.8021,0.8185
604,SF3B3,4.404,7,APEX1,False,0.7752,1.0392,0.8402,0.8378,0.8021,0.8185
604,PERP,3.9948,11,APEX1,False,0.7752,1.0392,0.8402,0.8378,0.8021,0.8185
604,PRDX2,1.9597,12,APEX1,False,0.7752,1.0392,0.8402,0.8378,0.8021,0.8185
604,KDM1A,0.8021,13,APEX1,False,0.7752,1.0392,0.8402,0.8378,0.8021,0.8185
605,APEX1,9.0321,1,APEX1,True,1.1724,1.0747,0.762,0.767,1.1147,1.0177
605,TNFRSF10C,6.7411,2,APEX1,False,1.1724,1.0747,0.762,0.767,1.1147,1.0177
605,ARID5B,6.7411,2,APEX1,False,1.1724,1.0747,0.762,0.767,1.1147,1.0177
605,DHFR,6.2038,4,APEX1,False,1.1724,1.0747,0.762,0.767,1.1147,1.0177
605,BACE1,6.2038,4,APEX1,False,1.1724,1.0747,0.762,0.767,1.1147,1.0177
605,SEC23B,6.2038,4,APEX1,False,1.1724,1.0747,0.762,0.767,1.1147,1.0177
605,PADI4,5.6664,7,APEX1,False,1.1724,1.0747,0.762,0.767,1.1147,1.0177
605,HADHB,5.6664,7,APEX1,False,1.1724,1.0747,0.762,0.767,1.1147,1.0177
605,RFC4,5.6664,7,APEX1,False,1.1724,1.0747,0.762,0.767,1.1147,1.0177
605,SF3B3,5.6664,7,APEX1,False,1.1724,1.0747,0.762,0.767,1.1147,1.0177
605,PERP,5.1576,11,APEX1,False,1.1724,1.0747,0.762,0.767,1.1147,1.0177
605,PRDX2,2.6752,12,APEX1,False,1.1724,1.0747,0.762,0.767,1.1147,1.0177
605,KDM1A,1.1147,13,APEX1,False,1.1724,1.0747,0.762,0.767,1.1147,1.0177
606,APEX1,8.3003,1,APEX1,True,0.8443,0.7815,1.2055,1.012,0.9623,1.0975
606,TNFRSF10C,4.8773,2,APEX1,False,0.8443,0.7815,1.2055,1.012,0.9623,1.0975
606,ARID5B,4.8773,2,APEX1,False,0.8443,0.7815,1.2055,1.012,0.9623,1.0975
606,DHFR,4.4865,4,APEX1,False,0.8443,0.7815,1.2055,1.012,0.9623,1.0975
606,BACE1,4.4865,4,APEX1,False,0.8443,0.7815,1.2055,1.012,0.9623,1.0975
606,SEC23B,4.4865,4,APEX1,False,0.8443,0.7815,1.2055,1.012,0.9623,1.0975
606,PADI4,4.0958,7,APEX1,False,0.8443,0.7815,1.2055,1.012,0.9623,1.0975
606,HADHB,4.0958,7,APEX1,False,0.8443,0.7815,1.2055,1.012,0.9623,1.0975
606,RFC4,4.0958,7,APEX1,False,0.8443,0.7815,1.2055,1.012,0.9623,1.0975
606,SF3B3,4.0958,7,APEX1,False,0.8443,0.7815,1.2055,1.012,0.9623,1.0975
606,PERP,3.5471,11,APEX1,False,0.8443,0.7815,1.2055,1.012,0.9623,1.0975
606,PRDX2,2.2188,12,APEX1,False,0.8443,0.7815,1.2055,1.012,0.9623,1.0975
606,KDM1A,0.9623,13,APEX1,False,0.8443,0.7815,1.2055,1.012,0.9623,1.0975
607,APEX1,8.79,1,APEX1,True,0.765,1.1776,1.0587,0.8446,1.2499,0.8976
607,TNFRSF10C,5.828,2,APEX1,False,0.765,1.1776,1.0587,0.8446,1.2499,0.8976
607,ARID5B,5.828,2,APEX1,False,0.765,1.1776,1.0587,0.8446,1.2499,0.8976
607,DHFR,5.2392,4,APEX1,False,0.765,1.1776,1.0587,0.8446,1.2499,0.8976
607,BACE1,5.2392,4,APEX1,False,0.765,1.1776,1.0587,0.8446,1.2499,0.8976
607,SEC23B,5.2392,4,APEX1,False,0.765,1.1776,1.0587,0.8446,1.2499,0.8976
607,PADI4,4.6504,7,APEX1,False,0.765,1.1776,1.0587,0.8446,1.2499,0.8976
607,HADHB,4.6504,7,APEX1,False,0.765,1.1776,1.0587,0.8446,1.2499,0.8976
607,RFC4,4.6504,7,APEX1,False,0.765,1.1776,1.0587,0.8446,1.2499,0.8976
607,SF3B3,4.6504,7,APEX1,False,0.765,1.1776,1.0587,0.8446,1.2499,0.8976
607,PERP,4.2015,11,APEX1,False,0.765,1.1776,1.0587,0.8446,1.2499,0.8976
607,PRDX2,2.0737,12,APEX1,False,0.765,1.1776,1.0587,0.8446,1.2499,0.8976
607,KDM1A,1.2499,13,APEX1,False,0.765,1.1776,1.0587,0.8446,1.2499,0.8976
608,APEX1,8.9398,1,APEX1,True,0.8727,1.2272,0.8746,0.8909,1.1794,1.2138
608,TNFRSF10C,6.2998,2,APEX1,False,0.8727,1.2272,0.8746,0.8909,1.1794,1.2138
608,ARID5B,6.2998,2,APEX1,False,0.8727,1.2272,0.8746,0.8909,1.1794,1.2138
608,DHFR,5.6862,4,APEX1,False,0.8727,1.2272,0.8746,0.8909,1.1794,1.2138
608,BACE1,5.6862,4,APEX1,False,0.8727,1.2272,0.8746,0.8909,1.1794,1.2138
608,SEC23B,5.6862,4,APEX1,False,0.8727,1.2272,0.8746,0.8909,1.1794,1.2138
608,PADI4,5.0726,7,APEX1,False,0.8727,1.2272,0.8746,0.8909,1.1794,1.2138
608,HADHB,5.0726,7,APEX1,False,0.8727,1.2272,0.8746,0.8909,1.1794,1.2138
608,RFC4,5.0726,7,APEX1,False,0.8727,1.2272,0.8746,0.8909,1.1794,1.2138
608,SF3B3,5.0726,7,APEX1,False,0.8727,1.2272,0.8746,0.8909,1.1794,1.2138
608,PERP,4.4656,11,APEX1,False,0.8727,1.2272,0.8746,0.8909,1.1794,1.2138
608,PRDX2,1.8425,12,APEX1,False,0.8727,1.2272,0.8746,0.8909,1.1794,1.2138
608,KDM1A,1.1794,13,APEX1,False,0.8727,1.2272,0.8746,0.8909,1.1794,1.2138
609,APEX1,9.9083,1,APEX1,True,0.9902,1.177,1.1897,1.0273,0.9674,1.0842
609,TNFRSF10C,6.5016,2,APEX1,False,0.9902,1.177,1.1897,1.0273,0.9674,1.0842
609,ARID5B,6.5016,2,APEX1,False,0.9902,1.177,1.1897,1.0273,0.9674,1.0842
609,DHFR,5.9131,4,APEX1,False,0.9902,1.177,1.1897,1.0273,0.9674,1.0842
609,BACE1,5.9131,4,APEX1,False,0.9902,1.177,1.1897,1.0273,0.9674,1.0842
609,SEC23B,5.9131,4,APEX1,False,0.9902,1.177,1.1897,1.0273,0.9674,1.0842
609,PADI4,5.3246,7,APEX1,False,0.9902,1.177,1.1897,1.0273,0.9674,1.0842
609,HADHB,5.3246,7,APEX1,False,0.9902,1.177,1.1897,1.0273,0.9674,1.0842
609,RFC4,5.3246,7,APEX1,False,0.9902,1.177,1.1897,1.0273,0.9674,1.0842
609,SF3B3,5.3246,7,APEX1,False,0.9902,1.177,1.1897,1.0273,0.9674,1.0842
609,PERP,4.7825,11,APEX1,False,0.9902,1.177,1.1897,1.0273,0.9674,1.0842
609,PRDX2,2.5811,12,APEX1,False,0.9902,1.177,1.1897,1.0273,0.9674,1.0842
609,KDM1A,0.9674,13,APEX1,False,0.9902,1.177,1.1897,1.0273,0.9674,1.0842
610,APEX1,9.2082,1,APEX1,True,1.1529,0.9606,0.8924,1.0828,0.9634,0.8166
610,TNFRSF10C,6.3405,2,APEX1,False,1.1529,0.9606,0.8924,1.0828,0.9634,0.8166
610,ARID5B,6.3405,2,APEX1,False,1.1529,0.9606,0.8924,1.0828,0.9634,0.8166
610,DHFR,5.8602,4,APEX1,False,1.1529,0.9606,0.8924,1.0828,0.9634,0.8166
610,BACE1,5.8602,4,APEX1,False,1.1529,0.9606,0.8924,1.0828,0.9634,0.8166
610,SEC23B,5.8602,4,APEX1,False,1.1529,0.9606,0.8924,1.0828,0.9634,0.8166
610,PADI4,5.3799,7,APEX1,False,1.1529,0.9606,0.8924,1.0828,0.9634,0.8166
610,HADHB,5.3799,7,APEX1,False,1.1529,0.9606,0.8924,1.0828,0.9634,0.8166
610,RFC4,5.3799,7,APEX1,False,1.1529,0.9606,0.8924,1.0828,0.9634,0.8166
610,SF3B3,5.3799,7,APEX1,False,1.1529,0.9606,0.8924,1.0828,0.9634,0.8166
610,PERP,4.9716,11,APEX1,False,1.1529,0.9606,0.8924,1.0828,0.9634,0.8166
610,PRDX2,2.958,12,APEX1,False,1.1529,0.9606,0.8924,1.0828,0.9634,0.8166
610,KDM1A,0.9634,13,APEX1,False,1.1529,0.9606,0.8924,1.0828,0.9634,0.8166
611,APEX1,10.6271,1,APEX1,True,1.1966,1.133,1.2186,1.2013,1.1108,1.1445
611,TNFRSF10C,6.9886,2,APEX1,False,1.1966,1.133,1.2186,1.2013,1.1108,1.1445
611,ARID5B,6.9886,2,APEX1,False,1.1966,1.133,1.2186,1.2013,1.1108,1.1445
611,DHFR,6.4221,4,APEX1,False,1.1966,1.133,1.2186,1.2013,1.1108,1.1445
611,BACE1,6.4221,4,APEX1,False,1.1966,1.133,1.2186,1.2013,1.1108,1.1445
611,SEC23B,6.4221,4,APEX1,False,1.1966,1.133,1.2186,1.2013,1.1108,1.1445
611,PADI4,5.8557,7,APEX1,False,1.1966,1.133,1.2186,1.2013,1.1108,1.1445
611,HADHB,5.8557,7,APEX1,False,1.1966,1.133,1.2186,1.2013,1.1108,1.1445
611,RFC4,5.8557,7,APEX1,False,1.1966,1.133,1.2186,1.2013,1.1108,1.1445
611,SF3B3,5.8557,7,APEX1,False,1.1966,1.133,1.2186,1.2013,1.1108,1.1445
611,PERP,5.2834,11,APEX1,False,1.1966,1.133,1.2186,1.2013,1.1108,1.1445
611,PRDX2,3.0656,12,APEX1,False,1.1966,1.133,1.2186,1.2013,1.1108,1.1445
611,KDM1A,1.1108,13,APEX1,False,1.1966,1.133,1.2186,1.2013,1.1108,1.1445
612,APEX1,10.2596,1,APEX1,True,1.0657,1.2185,1.0974,1.2123,1.0325,1.0262
612,TNFRSF10C,6.8525,2,APEX1,False,1.0657,1.2185,1.0974,1.2123,1.0325,1.0262
612,ARID5B,6.8525,2,APEX1,False,1.0657,1.2185,1.0974,1.2123,1.0325,1.0262
612,DHFR,6.2433,4,APEX1,False,1.0657,1.2185,1.0974,1.2123,1.0325,1.0262
612,BACE1,6.2433,4,APEX1,False,1.0657,1.2185,1.0974,1.2123,1.0325,1.0262
612,SEC23B,6.2433,4,APEX1,False,1.0657,1.2185,1.0974,1.2123,1.0325,1.0262
612,PADI4,5.634,7,APEX1,False,1.0657,1.2185,1.0974,1.2123,1.0325,1.0262
612,HADHB,5.634,7,APEX1,False,1.0657,1.2185,1.0974,1.2123,1.0325,1.0262
612,RFC4,5.634,7,APEX1,False,1.0657,1.2185,1.0974,1.2123,1.0325,1.0262
612,SF3B3,5.634,7,APEX1,False,1.0657,1.2185,1.0974,1.2123,1.0325,1.0262
612,PERP,5.1209,11,APEX1,False,1.0657,1.2185,1.0974,1.2123,1.0325,1.0262
612,PRDX2,2.7353,12,APEX1,False,1.0657,1.2185,1.0974,1.2123,1.0325,1.0262
612,KDM1A,1.0325,13,APEX1,False,1.0657,1.2185,1.0974,1.2123,1.0325,1.0262
613,APEX1,8.5739,1,APEX1,True,0.9661,0.7567,1.1018,1.2018,0.8084,1.1149
613,TNFRSF10C,5.1684,2,APEX1,False,0.9661,0.7567,1.1018,1.2018,0.8084,1.1149
613,ARID5B,5.1684,2,APEX1,False,0.9661,0.7567,1.1018,1.2018,0.8084,1.1149
613,DHFR,4.7901,4,APEX1,False,0.9661,0.7567,1.1018,1.2018,0.8084,1.1149
613,BACE1,4.7901,4,APEX1,False,0.9661,0.7567,1.1018,1.2018,0.8084,1.1149
613,SEC23B,4.7901,4,APEX1,False,0.9661,0.7567,1.1018,1.2018,0.8084,1.1149
613,PADI4,4.4118,7,APEX1,False,0.9661,0.7567,1.1018,1.2018,0.8084,1.1149
613,HADHB,4.4118,7,APEX1,False,0.9661,0.7567,1.1018,1.2018,0.8084,1.1149
613,RFC4,4.4118,7,APEX1,False,0.9661,0.7567,1.1018,1.2018,0.8084,1.1149
613,SF3B3,4.4118,7,APEX1,False,0.9661,0.7567,1.1018,1.2018,0.8084,1.1149
613,PERP,3.8543,11,APEX1,False,0.9661,0.7567,1.1018,1.2018,0.8084,1.1149
613,PRDX2,2.4022,12,APEX1,False,0.9661,0.7567,1.1018,1.2018,0.8084,1.1149
613,KDM1A,0.8084,13,APEX1,False,0.9661,0.7567,1.1018,1.2018,0.8084,1.1149
614,APEX1,8.7921,1,APEX1,True,1.1092,0.8934,0.8489,1.0866,0.9459,1.1616
614,TNFRSF10C,6.0077,2,APEX1,False,1.1092,0.8934,0.8489,1.0866,0.9459,1.1616
614,ARID5B,6.0077,2,APEX1,False,1.1092,0.8934,0.8489,1.0866,0.9459,1.1616
614,DHFR,5.561,4,APEX1,False,1.1092,0.8934,0.8489,1.0866,0.9459,1.1616
614,BACE1,5.561,4,APEX1,False,1.1092,0.8934,0.8489,1.0866,0.9459,1.1616
614,SEC23B,5.561,4,APEX1,False,1.1092,0.8934,0.8489,1.0866,0.9459,1.1616
614,PADI4,5.1143,7,APEX1,False,1.1092,0.8934,0.8489,1.0866,0.9459,1.1616
614,HADHB,5.1143,7,APEX1,False,1.1092,0.8934,0.8489,1.0866,0.9459,1.1616
614,RFC4,5.1143,7,APEX1,False,1.1092,0.8934,0.8489,1.0866,0.9459,1.1616
614,SF3B3,5.1143,7,APEX1,False,1.1092,0.8934,0.8489,1.0866,0.9459,1.1616
614,PERP,4.5335,11,APEX1,False,1.1092,0.8934,0.8489,1.0866,0.9459,1.1616
614,PRDX2,2.4602,12,APEX1,False,1.1092,0.8934,0.8489,1.0866,0.9459,1.1616
614,KDM1A,0.9459,13,APEX1,False,1.1092,0.8934,0.8489,1.0866,0.9459,1.1616
615,APEX1,9.0803,1,APEX1,True,1.1289,0.9068,1.0356,0.9021,0.9647,1.2408
615,TNFRSF10C,6.1071,2,APEX1,False,1.1289,0.9068,1.0356,0.9021,0.9647,1.2408
615,ARID5B,6.1071,2,APEX1,False,1.1289,0.9068,1.0356,0.9021,0.9647,1.2408
615,DHFR,5.6537,4,APEX1,False,1.1289,0.9068,1.0356,0.9021,0.9647,1.2408
615,BACE1,5.6537,4,APEX1,False,1.1289,0.9068,1.0356,0.9021,0.9647,1.2408
615,SEC23B,5.6537,4,APEX1,False,1.1289,0.9068,1.0356,0.9021,0.9647,1.2408
615,PADI4,5.2003,7,APEX1,False,1.1289,0.9068,1.0356,0.9021,0.9647,1.2408
615,HADHB,5.2003,7,APEX1,False,1.1289,0.9068,1.0356,0.9021,0.9647,1.2408
615,RFC4,5.2003,7,APEX1,False,1.1289,0.9068,1.0356,0.9021,0.9647,1.2408
615,SF3B3,5.2003,7,APEX1,False,1.1289,0.9068,1.0356,0.9021,0.9647,1.2408
615,PERP,4.5799,11,APEX1,False,1.1289,0.9068,1.0356,0.9021,0.9647,1.2408
615,PRDX2,2.6169,12,APEX1,False,1.1289,0.9068,1.0356,0.9021,0.9647,1.2408
615,KDM1A,0.9647,13,APEX1,False,1.1289,0.9068,1.0356,0.9021,0.9647,1.2408
616,APEX1,9.2066,1,APEX1,True,0.8514,1.2441,1.0321,0.8558,1.165,1.1981
616,TNFRSF10C,6.2866,2,APEX1,False,0.8514,1.2441,1.0321,0.8558,1.165,1.1981
616,ARID5B,6.2866,2,APEX1,False,0.8514,1.2441,1.0321,0.8558,1.165,1.1981
616,DHFR,5.6646,4,APEX1,False,0.8514,1.2441,1.0321,0.8558,1.165,1.1981
616,BACE1,5.6646,4,APEX1,False,0.8514,1.2441,1.0321,0.8558,1.165,1.1981
616,SEC23B,5.6646,4,APEX1,False,0.8514,1.2441,1.0321,0.8558,1.165,1.1981
616,PADI4,5.0425,7,APEX1,False,0.8514,1.2441,1.0321,0.8558,1.165,1.1981
616,HADHB,5.0425,7,APEX1,False,0.8514,1.2441,1.0321,0.8558,1.165,1.1981
616,RFC4,5.0425,7,APEX1,False,0.8514,1.2441,1.0321,0.8558,1.165,1.1981
616,SF3B3,5.0425,7,APEX1,False,0.8514,1.2441,1.0321,0.8558,1.165,1.1981
616,PERP,4.4434,11,APEX1,False,0.8514,1.2441,1.0321,0.8558,1.165,1.1981
616,PRDX2,1.9625,12,APEX1,False,0.8514,1.2441,1.0321,0.8558,1.165,1.1981
616,KDM1A,1.165,13,APEX1,False,0.8514,1.2441,1.0321,0.8558,1.165,1.1981
617,APEX1,7.9699,1,APEX1,True,0.8643,0.7958,1.0051,0.9797,0.9838,1.1394
617,TNFRSF10C,4.9801,2,APEX1,False,0.8643,0.7958,1.0051,0.9797,0.9838,1.1394
617,ARID5B,4.9801,2,APEX1,False,0.8643,0.7958,1.0051,0.9797,0.9838,1.1394
617,DHFR,4.5822,4,APEX1,False,0.8643,0.7958,1.0051,0.9797,0.9838,1.1394
617,BACE1,4.5822,4,APEX1,False,0.8643,0.7958,1.0051,0.9797,0.9838,1.1394
617,SEC23B,4.5822,4,APEX1,False,0.8643,0.7958,1.0051,0.9797,0.9838,1.1394
617,PADI4,4.1843,7,APEX1,False,0.8643,0.7958,1.0051,0.9797,0.9838,1.1394
617,HADHB,4.1843,7,APEX1,False,0.8643,0.7958,1.0051,0.9797,0.9838,1.1394
617,RFC4,4.1843,7,APEX1,False,0.8643,0.7958,1.0051,0.9797,0.9838,1.1394
617,SF3B3,4.1843,7,APEX1,False,0.8643,0.7958,1.0051,0.9797,0.9838,1.1394
617,PERP,3.6146,11,APEX1,False,0.8643,0.7958,1.0051,0.9797,0.9838,1.1394
617,PRDX2,2.0263,12,APEX1,False,0.8643,0.7958,1.0051,0.9797,0.9838,1.1394
617,KDM1A,0.9838,13,APEX1,False,0.8643,0.7958,1.0051,0.9797,0.9838,1.1394
618,APEX1,9.4065,1,APEX1,True,1.0977,0.8776,1.1671,1.1464,0.8429,0.8577
618,TNFRSF10C,5.926,2,APEX1,False,1.0977,0.8776,1.1671,1.1464,0.8429,0.8577
618,ARID5B,5.926,2,APEX1,False,1.0977,0.8776,1.1671,1.1464,0.8429,0.8577
618,DHFR,5.4872,4,APEX1,False,1.0977,0.8776,1.1671,1.1464,0.8429,0.8577
618,BACE1,5.4872,4,APEX1,False,1.0977,0.8776,1.1671,1.1464,0.8429,0.8577
618,SEC23B,5.4872,4,APEX1,False,1.0977,0.8776,1.1671,1.1464,0.8429,0.8577
618,PADI4,5.0484,7,APEX1,False,1.0977,0.8776,1.1671,1.1464,0.8429,0.8577
618,HADHB,5.0484,7,APEX1,False,1.0977,0.8776,1.1671,1.1464,0.8429,0.8577
618,RFC4,5.0484,7,APEX1,False,1.0977,0.8776,1.1671,1.1464,0.8429,0.8577
618,SF3B3,5.0484,7,APEX1,False,1.0977,0.8776,1.1671,1.1464,0.8429,0.8577
618,PERP,4.6195,11,APEX1,False,1.0977,0.8776,1.1671,1.1464,0.8429,0.8577
618,PRDX2,3.0537,12,APEX1,False,1.0977,0.8776,1.1671,1.1464,0.8429,0.8577
618,KDM1A,0.8429,13,APEX1,False,1.0977,0.8776,1.1671,1.1464,0.8429,0.8577
619,APEX1,8.9429,1,APEX1,True,1.1192,1.0319,0.763,0.9638,1.2094,0.9452
619,TNFRSF10C,6.4532,2,APEX1,False,1.1192,1.0319,0.763,0.9638,1.2094,0.9452
619,ARID5B,6.4532,2,APEX1,False,1.1192,1.0319,0.763,0.9638,1.2094,0.9452
619,DHFR,5.9372,4,APEX1,False,1.1192,1.0319,0.763,0.9638,1.2094,0.9452
619,BACE1,5.9372,4,APEX1,False,1.1192,1.0319,0.763,0.9638,1.2094,0.9452
619,SEC23B,5.9372,4,APEX1,False,1.1192,1.0319,0.763,0.9638,1.2094,0.9452
619,PADI4,5.4213,7,APEX1,False,1.1192,1.0319,0.763,0.9638,1.2094,0.9452
619,HADHB,5.4213,7,APEX1,False,1.1192,1.0319,0.763,0.9638,1.2094,0.9452
619,RFC4,5.4213,7,APEX1,False,1.1192,1.0319,0.763,0.9638,1.2094,0.9452
619,SF3B3,5.4213,7,APEX1,False,1.1192,1.0319,0.763,0.9638,1.2094,0.9452
619,PERP,4.9487,11,APEX1,False,1.1192,1.0319,0.763,0.9638,1.2094,0.9452
619,PRDX2,2.6157,12,APEX1,False,1.1192,1.0319,0.763,0.9638,1.2094,0.9452
619,KDM1A,1.2094,13,APEX1,False,1.1192,1.0319,0.763,0.9638,1.2094,0.9452
620,APEX1,8.5156,1,APEX1,True,0.8767,1.0503,0.9039,0.9269,0.8768,1.1081
620,TNFRSF10C,5.781,2,APEX1,False,0.8767,1.0503,0.9039,0.9269,0.8768,1.1081
620,ARID5B,5.781,2,APEX1,False,0.8767,1.0503,0.9039,0.9269,0.8768,1.1081
620,DHFR,5.2558,4,APEX1,False,0.8767,1.0503,0.9039,0.9269,0.8768,1.1081
620,BACE1,5.2558,4,APEX1,False,0.8767,1.0503,0.9039,0.9269,0.8768,1.1081
620,SEC23B,5.2558,4,APEX1,False,0.8767,1.0503,0.9039,0.9269,0.8768,1.1081
620,PADI4,4.7306,7,APEX1,False,0.8767,1.0503,0.9039,0.9269,0.8768,1.1081
620,HADHB,4.7306,7,APEX1,False,0.8767,1.0503,0.9039,0.9269,0.8768,1.1081
620,RFC4,4.7306,7,APEX1,False,0.8767,1.0503,0.9039,0.9269,0.8768,1.1081
620,SF3B3,4.7306,7,APEX1,False,0.8767,1.0503,0.9039,0.9269,0.8768,1.1081
620,PERP,4.1766,11,APEX1,False,0.8767,1.0503,0.9039,0.9269,0.8768,1.1081
620,PRDX2,1.9875,12,APEX1,False,0.8767,1.0503,0.9039,0.9269,0.8768,1.1081
620,KDM1A,0.8768,13,APEX1,False,0.8767,1.0503,0.9039,0.9269,0.8768,1.1081
621,APEX1,9.4078,1,APEX1,True,1.1384,0.9081,1.1615,0.9451,1.0107,0.9869
621,TNFRSF10C,6.1397,2,APEX1,False,1.1384,0.9081,1.1615,0.9451,1.0107,0.9869
621,ARID5B,6.1397,2,APEX1,False,1.1384,0.9081,1.1615,0.9451,1.0107,0.9869
621,DHFR,5.6856,4,APEX1,False,1.1384,0.9081,1.1615,0.9451,1.0107,0.9869
621,BACE1,5.6856,4,APEX1,False,1.1384,0.9081,1.1615,0.9451,1.0107,0.9869
621,SEC23B,5.6856,4,APEX1,False,1.1384,0.9081,1.1615,0.9451,1.0107,0.9869
621,PADI4,5.2316,7,APEX1,False,1.1384,0.9081,1.1615,0.9451,1.0107,0.9869
621,HADHB,5.2316,7,APEX1,False,1.1384,0.9081,1.1615,0.9451,1.0107,0.9869
621,RFC4,5.2316,7,APEX1,False,1.1384,0.9081,1.1615,0.9451,1.0107,0.9869
621,SF3B3,5.2316,7,APEX1,False,1.1384,0.9081,1.1615,0.9451,1.0107,0.9869
621,PERP,4.7381,11,APEX1,False,1.1384,0.9081,1.1615,0.9451,1.0107,0.9869
621,PRDX2,3.0207,12,APEX1,False,1.1384,0.9081,1.1615,0.9451,1.0107,0.9869
621,KDM1A,1.0107,13,APEX1,False,1.1384,0.9081,1.1615,0.9451,1.0107,0.9869
622,APEX1,10.0093,1,APEX1,True,1.1509,1.0054,1.2294,1.0817,0.9212,0.8102
622,TNFRSF10C,6.4688,2,APEX1,False,1.1509,1.0054,1.2294,1.0817,0.9212,0.8102
622,ARID5B,6.4688,2,APEX1,False,1.1509,1.0054,1.2294,1.0817,0.9212,0.8102
622,DHFR,5.9661,4,APEX1,False,1.1509,1.0054,1.2294,1.0817,0.9212,0.8102
622,BACE1,5.9661,4,APEX1,False,1.1509,1.0054,1.2294,1.0817,0.9212,0.8102
622,SEC23B,5.9661,4,APEX1,False,1.1509,1.0054,1.2294,1.0817,0.9212,0.8102
622,PADI4,5.4634,7,APEX1,False,1.1509,1.0054,1.2294,1.0817,0.9212,0.8102
622,HADHB,5.4634,7,APEX1,False,1.1509,1.0054,1.2294,1.0817,0.9212,0.8102
622,RFC4,5.4634,7,APEX1,False,1.1509,1.0054,1.2294,1.0817,0.9212,0.8102
622,SF3B3,5.4634,7,APEX1,False,1.1509,1.0054,1.2294,1.0817,0.9212,0.8102
622,PERP,5.0583,11,APEX1,False,1.1509,1.0054,1.2294,1.0817,0.9212,0.8102
622,PRDX2,3.2965,12,APEX1,False,1.1509,1.0054,1.2294,1.0817,0.9212,0.8102
622,KDM1A,0.9212,13,APEX1,False,1.1509,1.0054,1.2294,1.0817,0.9212,0.8102
623,APEX1,10.0649,1,APEX1,True,1.0951,1.2285,1.0902,0.9138,1.1862,0.9153
623,TNFRSF10C,6.9707,2,APEX1,False,1.0951,1.2285,1.0902,0.9138,1.1862,0.9153
623,ARID5B,6.9707,2,APEX1,False,1.0951,1.2285,1.0902,0.9138,1.1862,0.9153
623,DHFR,6.3564,4,APEX1,False,1.0951,1.2285,1.0902,0.9138,1.1862,0.9153
623,BACE1,6.3564,4,APEX1,False,1.0951,1.2285,1.0902,0.9138,1.1862,0.9153
623,SEC23B,6.3564,4,APEX1,False,1.0951,1.2285,1.0902,0.9138,1.1862,0.9153
623,PADI4,5.7422,7,APEX1,False,1.0951,1.2285,1.0902,0.9138,1.1862,0.9153
623,HADHB,5.7422,7,APEX1,False,1.0951,1.2285,1.0902,0.9138,1.1862,0.9153
623,RFC4,5.7422,7,APEX1,False,1.0951,1.2285,1.0902,0.9138,1.1862,0.9153
623,SF3B3,5.7422,7,APEX1,False,1.0951,1.2285,1.0902,0.9138,1.1862,0.9153
623,PERP,5.2845,11,APEX1,False,1.0951,1.2285,1.0902,0.9138,1.1862,0.9153
623,PRDX2,2.9126,12,APEX1,False,1.0951,1.2285,1.0902,0.9138,1.1862,0.9153
623,KDM1A,1.1862,13,APEX1,False,1.0951,1.2285,1.0902,0.9138,1.1862,0.9153
624,APEX1,8.3245,1,APEX1,True,0.7941,1.0519,1.0132,0.7601,0.7991,0.7725
624,TNFRSF10C,5.5381,2,APEX1,False,0.7941,1.0519,1.0132,0.7601,0.7991,0.7725
624,ARID5B,5.5381,2,APEX1,False,0.7941,1.0519,1.0132,0.7601,0.7991,0.7725
624,DHFR,5.0121,4,APEX1,False,0.7941,1.0519,1.0132,0.7601,0.7991,0.7725
624,BACE1,5.0121,4,APEX1,False,0.7941,1.0519,1.0132,0.7601,0.7991,0.7725
624,SEC23B,5.0121,4,APEX1,False,0.7941,1.0519,1.0132,0.7601,0.7991,0.7725
624,PADI4,4.4861,7,APEX1,False,0.7941,1.0519,1.0132,0.7601,0.7991,0.7725
624,HADHB,4.4861,7,APEX1,False,0.7941,1.0519,1.0132,0.7601,0.7991,0.7725
624,RFC4,4.4861,7,APEX1,False,0.7941,1.0519,1.0132,0.7601,0.7991,0.7725
624,SF3B3,4.4861,7,APEX1,False,0.7941,1.0519,1.0132,0.7601,0.7991,0.7725
624,PERP,4.0999,11,APEX1,False,0.7941,1.0519,1.0132,0.7601,0.7991,0.7725
624,PRDX2,2.2258,12,APEX1,False,0.7941,1.0519,1.0132,0.7601,0.7991,0.7725
624,KDM1A,0.7991,13,APEX1,False,0.7941,1.0519,1.0132,0.7601,0.7991,0.7725
625,APEX1,9.6037,1,APEX1,True,1.1686,0.8228,1.1924,1.2447,1.1911,0.8403
625,TNFRSF10C,5.9742,2,APEX1,False,1.1686,0.8228,1.1924,1.2447,1.1911,0.8403
625,ARID5B,5.9742,2,APEX1,False,1.1686,0.8228,1.1924,1.2447,1.1911,0.8403
625,DHFR,5.5628,4,APEX1,False,1.1686,0.8228,1.1924,1.2447,1.1911,0.8403
625,BACE1,5.5628,4,APEX1,False,1.1686,0.8228,1.1924,1.2447,1.1911,0.8403
625,SEC23B,5.5628,4,APEX1,False,1.1686,0.8228,1.1924,1.2447,1.1911,0.8403
625,PADI4,5.1514,7,APEX1,False,1.1686,0.8228,1.1924,1.2447,1.1911,0.8403
625,HADHB,5.1514,7,APEX1,False,1.1686,0.8228,1.1924,1.2447,1.1911,0.8403
625,RFC4,5.1514,7,APEX1,False,1.1686,0.8228,1.1924,1.2447,1.1911,0.8403
625,SF3B3,5.1514,7,APEX1,False,1.1686,0.8228,1.1924,1.2447,1.1911,0.8403
625,PERP,4.7313,11,APEX1,False,1.1686,0.8228,1.1924,1.2447,1.1911,0.8403
625,PRDX2,3.2735,12,APEX1,False,1.1686,0.8228,1.1924,1.2447,1.1911,0.8403
625,KDM1A,1.1911,13,APEX1,False,1.1686,0.8228,1.1924,1.2447,1.1911,0.8403
626,APEX1,8.4215,1,APEX1,True,0.9327,0.81,1.1613,0.8708,1.0004,1.1398
626,TNFRSF10C,5.2281,2,APEX1,False,0.9327,0.81,1.1613,0.8708,1.0004,1.1398
626,ARID5B,5.2281,2,APEX1,False,0.9327,0.81,1.1613,0.8708,1.0004,1.1398
626,DHFR,4.8231,4,APEX1,False,0.9327,0.81,1.1613,0.8708,1.0004,1.1398
626,BACE1,4.8231,4,APEX1,False,0.9327,0.81,1.1613,0.8708,1.0004,1.1398
626,SEC23B,4.8231,4,APEX1,False,0.9327,0.81,1.1613,0.8708,1.0004,1.1398
626,PADI4,4.4181,7,APEX1,False,0.9327,0.81,1.1613,0.8708,1.0004,1.1398
626,HADHB,4.4181,7,APEX1,False,0.9327,0.81,1.1613,0.8708,1.0004,1.1398
626,RFC4,4.4181,7,APEX1,False,0.9327,0.81,1.1613,0.8708,1.0004,1.1398
626,SF3B3,4.4181,7,APEX1,False,0.9327,0.81,1.1613,0.8708,1.0004,1.1398
626,PERP,3.8482,11,APEX1,False,0.9327,0.81,1.1613,0.8708,1.0004,1.1398
626,PRDX2,2.3532,12,APEX1,False,0.9327,0.81,1.1613,0.8708,1.0004,1.1398
626,KDM1A,1.0004,13,APEX1,False,0.9327,0.81,1.1613,0.8708,1.0004,1.1398
627,APEX1,8.3036,1,APEX1,True,1.0635,0.7727,0.8038,1.1874,1.1781,0.8238
627,TNFRSF10C,5.5086,2,APEX1,False,1.0635,0.7727,0.8038,1.1874,1.1781,0.8238
627,ARID5B,5.5086,2,APEX1,False,1.0635,0.7727,0.8038,1.1874,1.1781,0.8238
627,DHFR,5.1223,4,APEX1,False,1.0635,0.7727,0.8038,1.1874,1.1781,0.8238
627,BACE1,5.1223,4,APEX1,False,1.0635,0.7727,0.8038,1.1874,1.1781,0.8238
627,SEC23B,5.1223,4,APEX1,False,1.0635,0.7727,0.8038,1.1874,1.1781,0.8238
627,PADI4,4.7359,7,APEX1,False,1.0635,0.7727,0.8038,1.1874,1.1781,0.8238
627,HADHB,4.7359,7,APEX1,False,1.0635,0.7727,0.8038,1.1874,1.1781,0.8238
627,RFC4,4.7359,7,APEX1,False,1.0635,0.7727,0.8038,1.1874,1.1781,0.8238
627,SF3B3,4.7359,7,APEX1,False,1.0635,0.7727,0.8038,1.1874,1.1781,0.8238
627,PERP,4.3241,11,APEX1,False,1.0635,0.7727,0.8038,1.1874,1.1781,0.8238
627,PRDX2,2.6388,12,APEX1,False,1.0635,0.7727,0.8038,1.1874,1.1781,0.8238
627,KDM1A,1.1781,13,APEX1,False,1.0635,0.7727,0.8038,1.1874,1.1781,0.8238
628,APEX1,8.1033,1,APEX1,True,0.7977,0.9002,1.0475,0.9148,0.8834,1.0136
628,TNFRSF10C,5.0935,2,APEX1,False,0.7977,0.9002,1.0475,0.9148,0.8834,1.0136
628,ARID5B,5.0935,2,APEX1,False,0.7977,0.9002,1.0475,0.9148,0.8834,1.0136
628,DHFR,4.6434,4,APEX1,False,0.7977,0.9002,1.0475,0.9148,0.8834,1.0136
628,BACE1,4.6434,4,APEX1,False,0.7977,0.9002,1.0475,0.9148,0.8834,1.0136
628,SEC23B,4.6434,4,APEX1,False,0.7977,0.9002,1.0475,0.9148,0.8834,1.0136
628,PADI4,4.1933,7,APEX1,False,0.7977,0.9002,1.0475,0.9148,0.8834,1.0136
628,HADHB,4.1933,7,APEX1,False,0.7977,0.9002,1.0475,0.9148,0.8834,1.0136
628,RFC4,4.1933,7,APEX1,False,0.7977,0.9002,1.0475,0.9148,0.8834,1.0136
628,SF3B3,4.1933,7,APEX1,False,0.7977,0.9002,1.0475,0.9148,0.8834,1.0136
628,PERP,3.6865,11,APEX1,False,0.7977,0.9002,1.0475,0.9148,0.8834,1.0136
628,PRDX2,2.0281,12,APEX1,False,0.7977,0.9002,1.0475,0.9148,0.8834,1.0136
628,KDM1A,0.8834,13,APEX1,False,0.7977,0.9002,1.0475,0.9148,0.8834,1.0136
629,APEX1,7.9607,1,APEX1,True,0.9401,0.7729,1.0285,0.7645,0.7854,0.9015
629,TNFRSF10C,5.1392,2,APEX1,False,0.9401,0.7729,1.0285,0.7645,0.7854,0.9015
629,ARID5B,5.1392,2,APEX1,False,0.9401,0.7729,1.0285,0.7645,0.7854,0.9015
629,DHFR,4.7528,4,APEX1,False,0.9401,0.7729,1.0285,0.7645,0.7854,0.9015
629,BACE1,4.7528,4,APEX1,False,0.9401,0.7729,1.0285,0.7645,0.7854,0.9015
629,SEC23B,4.7528,4,APEX1,False,0.9401,0.7729,1.0285,0.7645,0.7854,0.9015
629,PADI4,4.3663,7,APEX1,False,0.9401,0.7729,1.0285,0.7645,0.7854,0.9015
629,HADHB,4.3663,7,APEX1,False,0.9401,0.7729,1.0285,0.7645,0.7854,0.9015
629,RFC4,4.3663,7,APEX1,False,0.9401,0.7729,1.0285,0.7645,0.7854,0.9015
629,SF3B3,4.3663,7,APEX1,False,0.9401,0.7729,1.0285,0.7645,0.7854,0.9015
629,PERP,3.9156,11,APEX1,False,0.9401,0.7729,1.0285,0.7645,0.7854,0.9015
629,PRDX2,2.4773,12,APEX1,False,0.9401,0.7729,1.0285,0.7645,0.7854,0.9015
629,KDM1A,0.7854,13,APEX1,False,0.9401,0.7729,1.0285,0.7645,0.7854,0.9015
630,APEX1,10.0003,1,APEX1,True,1.2285,1.1095,1.0809,0.8245,0.9096,1.1325
630,TNFRSF10C,7.014,2,APEX1,False,1.2285,1.1095,1.0809,0.8245,0.9096,1.1325
630,ARID5B,7.014,2,APEX1,False,1.2285,1.1095,1.0809,0.8245,0.9096,1.1325
630,DHFR,6.4593,4,APEX1,False,1.2285,1.1095,1.0809,0.8245,0.9096,1.1325
630,BACE1,6.4593,4,APEX1,False,1.2285,1.1095,1.0809,0.8245,0.9096,1.1325
630,SEC23B,6.4593,4,APEX1,False,1.2285,1.1095,1.0809,0.8245,0.9096,1.1325
630,PADI4,5.9045,7,APEX1,False,1.2285,1.1095,1.0809,0.8245,0.9096,1.1325
630,HADHB,5.9045,7,APEX1,False,1.2285,1.1095,1.0809,0.8245,0.9096,1.1325
630,RFC4,5.9045,7,APEX1,False,1.2285,1.1095,1.0809,0.8245,0.9096,1.1325
630,SF3B3,5.9045,7,APEX1,False,1.2285,1.1095,1.0809,0.8245,0.9096,1.1325
630,PERP,5.3383,11,APEX1,False,1.2285,1.1095,1.0809,0.8245,0.9096,1.1325
630,PRDX2,3.0197,12,APEX1,False,1.2285,1.1095,1.0809,0.8245,0.9096,1.1325
630,KDM1A,0.9096,13,APEX1,False,1.2285,1.1095,1.0809,0.8245,0.9096,1.1325
631,APEX1,9.2916,1,APEX1,True,1.0562,1.0704,0.9784,0.9551,0.8367,0.7855
631,TNFRSF10C,6.3797,2,APEX1,False,1.0562,1.0704,0.9784,0.9551,0.8367,0.7855
631,ARID5B,6.3797,2,APEX1,False,1.0562,1.0704,0.9784,0.9551,0.8367,0.7855
631,DHFR,5.8445,4,APEX1,False,1.0562,1.0704,0.9784,0.9551,0.8367,0.7855
631,BACE1,5.8445,4,APEX1,False,1.0562,1.0704,0.9784,0.9551,0.8367,0.7855
631,SEC23B,5.8445,4,APEX1,False,1.0562,1.0704,0.9784,0.9551,0.8367,0.7855
631,PADI4,5.3093,7,APEX1,False,1.0562,1.0704,0.9784,0.9551,0.8367,0.7855
631,HADHB,5.3093,7,APEX1,False,1.0562,1.0704,0.9784,0.9551,0.8367,0.7855
631,RFC4,5.3093,7,APEX1,False,1.0562,1.0704,0.9784,0.9551,0.8367,0.7855
631,SF3B3,5.3093,7,APEX1,False,1.0562,1.0704,0.9784,0.9551,0.8367,0.7855
631,PERP,4.9166,11,APEX1,False,1.0562,1.0704,0.9784,0.9551,0.8367,0.7855
631,PRDX2,2.8334,12,APEX1,False,1.0562,1.0704,0.9784,0.9551,0.8367,0.7855
631,KDM1A,0.8367,13,APEX1,False,1.0562,1.0704,0.9784,0.9551,0.8367,0.7855
632,APEX1,9.7738,1,APEX1,True,1.2234,1.161,0.8631,0.8946,0.9379,1.0583
632,TNFRSF10C,7.153,2,APEX1,False,1.2234,1.161,0.8631,0.8946,0.9379,1.0583
632,ARID5B,7.153,2,APEX1,False,1.2234,1.161,0.8631,0.8946,0.9379,1.0583
632,DHFR,6.5725,4,APEX1,False,1.2234,1.161,0.8631,0.8946,0.9379,1.0583
632,BACE1,6.5725,4,APEX1,False,1.2234,1.161,0.8631,0.8946,0.9379,1.0583
632,SEC23B,6.5725,4,APEX1,False,1.2234,1.161,0.8631,0.8946,0.9379,1.0583
632,PADI4,5.992,7,APEX1,False,1.2234,1.161,0.8631,0.8946,0.9379,1.0583
632,HADHB,5.992,7,APEX1,False,1.2234,1.161,0.8631,0.8946,0.9379,1.0583
632,RFC4,5.992,7,APEX1,False,1.2234,1.161,0.8631,0.8946,0.9379,1.0583
632,SF3B3,5.992,7,APEX1,False,1.2234,1.161,0.8631,0.8946,0.9379,1.0583
632,PERP,5.4629,11,APEX1,False,1.2234,1.161,0.8631,0.8946,0.9379,1.0583
632,PRDX2,2.8632,12,APEX1,False,1.2234,1.161,0.8631,0.8946,0.9379,1.0583
632,KDM1A,0.9379,13,APEX1,False,1.2234,1.161,0.8631,0.8946,0.9379,1.0583
633,APEX1,9.4338,1,APEX1,True,0.9942,1.1332,1.0737,0.9044,0.8735,1.1853
633,TNFRSF10C,6.3821,2,APEX1,False,0.9942,1.1332,1.0737,0.9044,0.8735,1.1853
633,ARID5B,6.3821,2,APEX1,False,0.9942,1.1332,1.0737,0.9044,0.8735,1.1853
633,DHFR,5.8155,4,APEX1,False,0.9942,1.1332,1.0737,0.9044,0.8735,1.1853
633,BACE1,5.8155,4,APEX1,False,0.9942,1.1332,1.0737,0.9044,0.8735,1.1853
633,SEC23B,5.8155,4,APEX1,False,0.9942,1.1332,1.0737,0.9044,0.8735,1.1853
633,PADI4,5.249,7,APEX1,False,0.9942,1.1332,1.0737,0.9044,0.8735,1.1853
633,HADHB,5.249,7,APEX1,False,0.9942,1.1332,1.0737,0.9044,0.8735,1.1853
633,RFC4,5.249,7,APEX1,False,0.9942,1.1332,1.0737,0.9044,0.8735,1.1853
633,SF3B3,5.249,7,APEX1,False,0.9942,1.1332,1.0737,0.9044,0.8735,1.1853
633,PERP,4.6563,11,APEX1,False,0.9942,1.1332,1.0737,0.9044,0.8735,1.1853
633,PRDX2,2.3738,12,APEX1,False,0.9942,1.1332,1.0737,0.9044,0.8735,1.1853
633,KDM1A,0.8735,13,APEX1,False,0.9942,1.1332,1.0737,0.9044,0.8735,1.1853
634,APEX1,9.0715,1,APEX1,True,1.0809,0.8138,1.1233,1.1409,1.2156,0.8999
634,TNFRSF10C,5.6839,2,APEX1,False,1.0809,0.8138,1.1233,1.1409,1.2156,0.8999
634,ARID5B,5.6839,2,APEX1,False,1.0809,0.8138,1.1233,1.1409,1.2156,0.8999
634,DHFR,5.277,4,APEX1,False,1.0809,0.8138,1.1233,1.1409,1.2156,0.8999
634,BACE1,5.277,4,APEX1,False,1.0809,0.8138,1.1233,1.1409,1.2156,0.8999
634,SEC23B,5.277,4,APEX1,False,1.0809,0.8138,1.1233,1.1409,1.2156,0.8999
634,PADI4,4.8701,7,APEX1,False,1.0809,0.8138,1.1233,1.1409,1.2156,0.8999
634,HADHB,4.8701,7,APEX1,False,1.0809,0.8138,1.1233,1.1409,1.2156,0.8999
634,RFC4,4.8701,7,APEX1,False,1.0809,0.8138,1.1233,1.1409,1.2156,0.8999
634,SF3B3,4.8701,7,APEX1,False,1.0809,0.8138,1.1233,1.1409,1.2156,0.8999
634,PERP,4.4202,11,APEX1,False,1.0809,0.8138,1.1233,1.1409,1.2156,0.8999
634,PRDX2,2.9257,12,APEX1,False,1.0809,0.8138,1.1233,1.1409,1.2156,0.8999
634,KDM1A,1.2156,13,APEX1,False,1.0809,0.8138,1.1233,1.1409,1.2156,0.8999
635,APEX1,8.5979,1,APEX1,True,0.7865,1.25,0.781,0.9266,0.9173,1.2318
635,TNFRSF10C,6.1094,2,APEX1,False,0.7865,1.25,0.781,0.9266,0.9173,1.2318
635,ARID5B,6.1094,2,APEX1,False,0.7865,1.25,0.781,0.9266,0.9173,1.2318
635,DHFR,5.4844,4,APEX1,False,0.7865,1.25,0.781,0.9266,0.9173,1.2318
635,BACE1,5.4844,4,APEX1,False,0.7865,1.25,0.781,0.9266,0.9173,1.2318
635,SEC23B,5.4844,4,APEX1,False,0.7865,1.25,0.781,0.9266,0.9173,1.2318
635,PADI4,4.8594,7,APEX1,False,0.7865,1.25,0.781,0.9266,0.9173,1.2318
635,HADHB,4.8594,7,APEX1,False,0.7865,1.25,0.781,0.9266,0.9173,1.2318
635,RFC4,4.8594,7,APEX1,False,0.7865,1.25,0.781,0.9266,0.9173,1.2318
635,SF3B3,4.8594,7,APEX1,False,0.7865,1.25,0.781,0.9266,0.9173,1.2318
635,PERP,4.2435,11,APEX1,False,0.7865,1.25,0.781,0.9266,0.9173,1.2318
635,PRDX2,1.5153,12,APEX1,False,0.7865,1.25,0.781,0.9266,0.9173,1.2318
635,KDM1A,0.9173,13,APEX1,False,0.7865,1.25,0.781,0.9266,0.9173,1.2318
636,APEX1,9.9593,1,APEX1,True,1.1485,1.2288,0.8016,1.2245,0.9357,0.9315
636,TNFRSF10C,7.1317,2,APEX1,False,1.1485,1.2288,0.8016,1.2245,0.9357,0.9315
636,ARID5B,7.1317,2,APEX1,False,1.1485,1.2288,0.8016,1.2245,0.9357,0.9315
636,DHFR,6.5173,4,APEX1,False,1.1485,1.2288,0.8016,1.2245,0.9357,0.9315
636,BACE1,6.5173,4,APEX1,False,1.1485,1.2288,0.8016,1.2245,0.9357,0.9315
636,SEC23B,6.5173,4,APEX1,False,1.1485,1.2288,0.8016,1.2245,0.9357,0.9315
636,PADI4,5.9029,7,APEX1,False,1.1485,1.2288,0.8016,1.2245,0.9357,0.9315
636,HADHB,5.9029,7,APEX1,False,1.1485,1.2288,0.8016,1.2245,0.9357,0.9315
636,RFC4,5.9029,7,APEX1,False,1.1485,1.2288,0.8016,1.2245,0.9357,0.9315
636,SF3B3,5.9029,7,APEX1,False,1.1485,1.2288,0.8016,1.2245,0.9357,0.9315
636,PERP,5.4372,11,APEX1,False,1.1485,1.2288,0.8016,1.2245,0.9357,0.9315
636,PRDX2,2.7413,12,APEX1,False,1.1485,1.2288,0.8016,1.2245,0.9357,0.9315
636,KDM1A,0.9357,13,APEX1,False,1.1485,1.2288,0.8016,1.2245,0.9357,0.9315
637,APEX1,8.341,1,APEX1,True,1.0367,0.8178,0.8245,1.1284,1.0608,0.9116
637,TNFRSF10C,5.5637,2,APEX1,False,1.0367,0.8178,0.8245,1.1284,1.0608,0.9116
637,ARID5B,5.5637,2,APEX1,False,1.0367,0.8178,0.8245,1.1284,1.0608,0.9116
637,DHFR,5.1547,4,APEX1,False,1.0367,0.8178,0.8245,1.1284,1.0608,0.9116
637,BACE1,5.1547,4,APEX1,False,1.0367,0.8178,0.8245,1.1284,1.0608,0.9116
637,SEC23B,5.1547,4,APEX1,False,1.0367,0.8178,0.8245,1.1284,1.0608,0.9116
637,PADI4,4.7458,7,APEX1,False,1.0367,0.8178,0.8245,1.1284,1.0608,0.9116
637,HADHB,4.7458,7,APEX1,False,1.0367,0.8178,0.8245,1.1284,1.0608,0.9116
637,RFC4,4.7458,7,APEX1,False,1.0367,0.8178,0.8245,1.1284,1.0608,0.9116
637,SF3B3,4.7458,7,APEX1,False,1.0367,0.8178,0.8245,1.1284,1.0608,0.9116
637,PERP,4.29,11,APEX1,False,1.0367,0.8178,0.8245,1.1284,1.0608,0.9116
637,PRDX2,2.5047,12,APEX1,False,1.0367,0.8178,0.8245,1.1284,1.0608,0.9116
637,KDM1A,1.0608,13,APEX1,False,1.0367,0.8178,0.8245,1.1284,1.0608,0.9116
638,APEX1,9.7662,1,APEX1,True,1.1568,1.0947,0.898,1.2157,1.2208,1.205
638,TNFRSF10C,6.7545,2,APEX1,False,1.1568,1.0947,0.898,1.2157,1.2208,1.205
638,ARID5B,6.7545,2,APEX1,False,1.1568,1.0947,0.898,1.2157,1.2208,1.205
638,DHFR,6.2071,4,APEX1,False,1.1568,1.0947,0.898,1.2157,1.2208,1.205
638,BACE1,6.2071,4,APEX1,False,1.1568,1.0947,0.898,1.2157,1.2208,1.205
638,SEC23B,6.2071,4,APEX1,False,1.1568,1.0947,0.898,1.2157,1.2208,1.205
638,PADI4,5.6598,7,APEX1,False,1.1568,1.0947,0.898,1.2157,1.2208,1.205
638,HADHB,5.6598,7,APEX1,False,1.1568,1.0947,0.898,1.2157,1.2208,1.205
638,RFC4,5.6598,7,APEX1,False,1.1568,1.0947,0.898,1.2157,1.2208,1.205
638,SF3B3,5.6598,7,APEX1,False,1.1568,1.0947,0.898,1.2157,1.2208,1.205
638,PERP,5.0573,11,APEX1,False,1.1568,1.0947,0.898,1.2157,1.2208,1.205
638,PRDX2,2.5849,12,APEX1,False,1.1568,1.0947,0.898,1.2157,1.2208,1.205
638,KDM1A,1.2208,13,APEX1,False,1.1568,1.0947,0.898,1.2157,1.2208,1.205
639,APEX1,10.1483,1,APEX1,True,1.1193,1.2432,1.1258,0.8091,0.7686,1.148
639,TNFRSF10C,7.0875,2,APEX1,False,1.1193,1.2432,1.1258,0.8091,0.7686,1.148
639,ARID5B,7.0875,2,APEX1,False,1.1193,1.2432,1.1258,0.8091,0.7686,1.148
639,DHFR,6.4659,4,APEX1,False,1.1193,1.2432,1.1258,0.8091,0.7686,1.148
639,BACE1,6.4659,4,APEX1,False,1.1193,1.2432,1.1258,0.8091,0.7686,1.148
639,SEC23B,6.4659,4,APEX1,False,1.1193,1.2432,1.1258,0.8091,0.7686,1.148
639,PADI4,5.8443,7,APEX1,False,1.1193,1.2432,1.1258,0.8091,0.7686,1.148
639,HADHB,5.8443,7,APEX1,False,1.1193,1.2432,1.1258,0.8091,0.7686,1.148
639,RFC4,5.8443,7,APEX1,False,1.1193,1.2432,1.1258,0.8091,0.7686,1.148
639,SF3B3,5.8443,7,APEX1,False,1.1193,1.2432,1.1258,0.8091,0.7686,1.148
639,PERP,5.2703,11,APEX1,False,1.1193,1.2432,1.1258,0.8091,0.7686,1.148
639,PRDX2,2.776,12,APEX1,False,1.1193,1.2432,1.1258,0.8091,0.7686,1.148
639,KDM1A,0.7686,13,APEX1,False,1.1193,1.2432,1.1258,0.8091,0.7686,1.148
640,APEX1,9.2282,1,APEX1,True,0.8738,1.2249,1.0899,0.7523,0.8148,1.1348
640,TNFRSF10C,6.2961,2,APEX1,False,0.8738,1.2249,1.0899,0.7523,0.8148,1.1348
640,ARID5B,6.2961,2,APEX1,False,0.8738,1.2249,1.0899,0.7523,0.8148,1.1348
640,DHFR,5.6837,4,APEX1,False,0.8738,1.2249,1.0899,0.7523,0.8148,1.1348
640,BACE1,5.6837,4,APEX1,False,0.8738,1.2249,1.0899,0.7523,0.8148,1.1348
640,SEC23B,5.6837,4,APEX1,False,0.8738,1.2249,1.0899,0.7523,0.8148,1.1348
640,PADI4,5.0712,7,APEX1,False,0.8738,1.2249,1.0899,0.7523,0.8148,1.1348
640,HADHB,5.0712,7,APEX1,False,0.8738,1.2249,1.0899,0.7523,0.8148,1.1348
640,RFC4,5.0712,7,APEX1,False,0.8738,1.2249,1.0899,0.7523,0.8148,1.1348
640,SF3B3,5.0712,7,APEX1,False,0.8738,1.2249,1.0899,0.7523,0.8148,1.1348
640,PERP,4.5038,11,APEX1,False,0.8738,1.2249,1.0899,0.7523,0.8148,1.1348
640,PRDX2,2.1396,12,APEX1,False,0.8738,1.2249,1.0899,0.7523,0.8148,1.1348
640,KDM1A,0.8148,13,APEX1,False,0.8738,1.2249,1.0899,0.7523,0.8148,1.1348
641,APEX1,9.35,1,APEX1,True,1.0857,0.9582,1.0717,1.0747,1.1488,0.8266
641,TNFRSF10C,6.1319,2,APEX1,False,1.0857,0.9582,1.0717,1.0747,1.1488,0.8266
641,ARID5B,6.1319,2,APEX1,False,1.0857,0.9582,1.0717,1.0747,1.1488,0.8266
641,DHFR,5.6528,4,APEX1,False,1.0857,0.9582,1.0717,1.0747,1.1488,0.8266
641,BACE1,5.6528,4,APEX1,False,1.0857,0.9582,1.0717,1.0747,1.1488,0.8266
641,SEC23B,5.6528,4,APEX1,False,1.0857,0.9582,1.0717,1.0747,1.1488,0.8266
641,PADI4,5.1737,7,APEX1,False,1.0857,0.9582,1.0717,1.0747,1.1488,0.8266
641,HADHB,5.1737,7,APEX1,False,1.0857,0.9582,1.0717,1.0747,1.1488,0.8266
641,RFC4,5.1737,7,APEX1,False,1.0857,0.9582,1.0717,1.0747,1.1488,0.8266
641,SF3B3,5.1737,7,APEX1,False,1.0857,0.9582,1.0717,1.0747,1.1488,0.8266
641,PERP,4.7604,11,APEX1,False,1.0857,0.9582,1.0717,1.0747,1.1488,0.8266
641,PRDX2,2.9595,12,APEX1,False,1.0857,0.9582,1.0717,1.0747,1.1488,0.8266
641,KDM1A,1.1488,13,APEX1,False,1.0857,0.9582,1.0717,1.0747,1.1488,0.8266
642,APEX1,8.7467,1,APEX1,True,0.8791,0.8912,1.2305,0.9747,1.188,1.0969
642,TNFRSF10C,5.311,2,APEX1,False,0.8791,0.8912,1.2305,0.9747,1.188,1.0969
642,ARID5B,5.311,2,APEX1,False,0.8791,0.8912,1.2305,0.9747,1.188,1.0969
642,DHFR,4.8654,4,APEX1,False,0.8791,0.8912,1.2305,0.9747,1.188,1.0969
642,BACE1,4.8654,4,APEX1,False,0.8791,0.8912,1.2305,0.9747,1.188,1.0969
642,SEC23B,4.8654,4,APEX1,False,0.8791,0.8912,1.2305,0.9747,1.188,1.0969
642,PADI4,4.4198,7,APEX1,False,0.8791,0.8912,1.2305,0.9747,1.188,1.0969
642,HADHB,4.4198,7,APEX1,False,0.8791,0.8912,1.2305,0.9747,1.188,1.0969
642,RFC4,4.4198,7,APEX1,False,0.8791,0.8912,1.2305,0.9747,1.188,1.0969
642,SF3B3,4.4198,7,APEX1,False,0.8791,0.8912,1.2305,0.9747,1.188,1.0969
642,PERP,3.8713,11,APEX1,False,0.8791,0.8912,1.2305,0.9747,1.188,1.0969
642,PRDX2,2.3315,12,APEX1,False,0.8791,0.8912,1.2305,0.9747,1.188,1.0969
642,KDM1A,1.188,13,APEX1,False,0.8791,0.8912,1.2305,0.9747,1.188,1.0969
643,APEX1,8.331,1,APEX1,True,1.0061,0.8061,0.8953,1.1037,0.8477,1.2248
643,TNFRSF10C,5.4366,2,APEX1,False,1.0061,0.8061,0.8953,1.1037,0.8477,1.2248
643,ARID5B,5.4366,2,APEX1,False,1.0061,0.8061,0.8953,1.1037,0.8477,1.2248
643,DHFR,5.0335,4,APEX1,False,1.0061,0.8061,0.8953,1.1037,0.8477,1.2248
643,BACE1,5.0335,4,APEX1,False,1.0061,0.8061,0.8953,1.1037,0.8477,1.2248
643,SEC23B,5.0335,4,APEX1,False,1.0061,0.8061,0.8953,1.1037,0.8477,1.2248
643,PADI4,4.6305,7,APEX1,False,1.0061,0.8061,0.8953,1.1037,0.8477,1.2248
643,HADHB,4.6305,7,APEX1,False,1.0061,0.8061,0.8953,1.1037,0.8477,1.2248
643,RFC4,4.6305,7,APEX1,False,1.0061,0.8061,0.8953,1.1037,0.8477,1.2248
643,SF3B3,4.6305,7,APEX1,False,1.0061,0.8061,0.8953,1.1037,0.8477,1.2248
643,PERP,4.018,11,APEX1,False,1.0061,0.8061,0.8953,1.1037,0.8477,1.2248
643,PRDX2,2.1857,12,APEX1,False,1.0061,0.8061,0.8953,1.1037,0.8477,1.2248
643,KDM1A,0.8477,13,APEX1,False,1.0061,0.8061,0.8953,1.1037,0.8477,1.2248
644,APEX1,9.7924,1,APEX1,True,0.9806,1.2161,1.2161,0.7701,0.9162,0.8438
644,TNFRSF10C,6.5901,2,APEX1,False,0.9806,1.2161,1.2161,0.7701,0.9162,0.8438
644,ARID5B,6.5901,2,APEX1,False,0.9806,1.2161,1.2161,0.7701,0.9162,0.8438
644,DHFR,5.982,4,APEX1,False,0.9806,1.2161,1.2161,0.7701,0.9162,0.8438
644,BACE1,5.982,4,APEX1,False,0.9806,1.2161,1.2161,0.7701,0.9162,0.8438
644,SEC23B,5.982,4,APEX1,False,0.9806,1.2161,1.2161,0.7701,0.9162,0.8438
644,PADI4,5.374,7,APEX1,False,0.9806,1.2161,1.2161,0.7701,0.9162,0.8438
644,HADHB,5.374,7,APEX1,False,0.9806,1.2161,1.2161,0.7701,0.9162,0.8438
644,RFC4,5.374,7,APEX1,False,0.9806,1.2161,1.2161,0.7701,0.9162,0.8438
644,SF3B3,5.374,7,APEX1,False,0.9806,1.2161,1.2161,0.7701,0.9162,0.8438
644,PERP,4.9521,11,APEX1,False,0.9806,1.2161,1.2161,0.7701,0.9162,0.8438
644,PRDX2,2.8238,12,APEX1,False,0.9806,1.2161,1.2161,0.7701,0.9162,0.8438
644,KDM1A,0.9162,13,APEX1,False,0.9806,1.2161,1.2161,0.7701,0.9162,0.8438
645,APEX1,8.9452,1,APEX1,True,0.8752,1.1712,0.9091,0.9877,1.0385,0.7826
645,TNFRSF10C,6.1393,2,APEX1,False,0.8752,1.1712,0.9091,0.9877,1.0385,0.7826
645,ARID5B,6.1393,2,APEX1,False,0.8752,1.1712,0.9091,0.9877,1.0385,0.7826
645,DHFR,5.5537,4,APEX1,False,0.8752,1.1712,0.9091,0.9877,1.0385,0.7826
645,BACE1,5.5537,4,APEX1,False,0.8752,1.1712,0.9091,0.9877,1.0385,0.7826
645,SEC23B,5.5537,4,APEX1,False,0.8752,1.1712,0.9091,0.9877,1.0385,0.7826
645,PADI4,4.9681,7,APEX1,False,0.8752,1.1712,0.9091,0.9877,1.0385,0.7826
645,HADHB,4.9681,7,APEX1,False,0.8752,1.1712,0.9091,0.9877,1.0385,0.7826
645,RFC4,4.9681,7,APEX1,False,0.8752,1.1712,0.9091,0.9877,1.0385,0.7826
645,SF3B3,4.9681,7,APEX1,False,0.8752,1.1712,0.9091,0.9877,1.0385,0.7826
645,PERP,4.5767,11,APEX1,False,0.8752,1.1712,0.9091,0.9877,1.0385,0.7826
645,PRDX2,2.3145,12,APEX1,False,0.8752,1.1712,0.9091,0.9877,1.0385,0.7826
645,KDM1A,1.0385,13,APEX1,False,0.8752,1.1712,0.9091,0.9877,1.0385,0.7826
646,APEX1,7.7552,1,APEX1,True,0.9593,0.7607,0.8679,0.8592,0.9691,1.2059
646,TNFRSF10C,5.1601,2,APEX1,False,0.9593,0.7607,0.8679,0.8592,0.9691,1.2059
646,ARID5B,5.1601,2,APEX1,False,0.9593,0.7607,0.8679,0.8592,0.9691,1.2059
646,DHFR,4.7798,4,APEX1,False,0.9593,0.7607,0.8679,0.8592,0.9691,1.2059
646,BACE1,4.7798,4,APEX1,False,0.9593,0.7607,0.8679,0.8592,0.9691,1.2059
646,SEC23B,4.7798,4,APEX1,False,0.9593,0.7607,0.8679,0.8592,0.9691,1.2059
646,PADI4,4.3994,7,APEX1,False,0.9593,0.7607,0.8679,0.8592,0.9691,1.2059
646,HADHB,4.3994,7,APEX1,False,0.9593,0.7607,0.8679,0.8592,0.9691,1.2059
646,RFC4,4.3994,7,APEX1,False,0.9593,0.7607,0.8679,0.8592,0.9691,1.2059
646,SF3B3,4.3994,7,APEX1,False,0.9593,0.7607,0.8679,0.8592,0.9691,1.2059
646,PERP,3.7965,11,APEX1,False,0.9593,0.7607,0.8679,0.8592,0.9691,1.2059
646,PRDX2,2.0604,12,APEX1,False,0.9593,0.7607,0.8679,0.8592,0.9691,1.2059
646,KDM1A,0.9691,13,APEX1,False,0.9593,0.7607,0.8679,0.8592,0.9691,1.2059
647,APEX1,9.2706,1,APEX1,True,0.9407,1.0012,1.1751,1.0949,1.1266,0.9631
647,TNFRSF10C,5.8255,2,APEX1,False,0.9407,1.0012,1.1751,1.0949,1.1266,0.9631
647,ARID5B,5.8255,2,APEX1,False,0.9407,1.0012,1.1751,1.0949,1.1266,0.9631
647,DHFR,5.3249,4,APEX1,False,0.9407,1.0012,1.1751,1.0949,1.1266,0.9631
647,BACE1,5.3249,4,APEX1,False,0.9407,1.0012,1.1751,1.0949,1.1266,0.9631
647,SEC23B,5.3249,4,APEX1,False,0.9407,1.0012,1.1751,1.0949,1.1266,0.9631
647,PADI4,4.8243,7,APEX1,False,0.9407,1.0012,1.1751,1.0949,1.1266,0.9631
647,HADHB,4.8243,7,APEX1,False,0.9407,1.0012,1.1751,1.0949,1.1266,0.9631
647,RFC4,4.8243,7,APEX1,False,0.9407,1.0012,1.1751,1.0949,1.1266,0.9631
647,SF3B3,4.8243,7,APEX1,False,0.9407,1.0012,1.1751,1.0949,1.1266,0.9631
647,PERP,4.3428,11,APEX1,False,0.9407,1.0012,1.1751,1.0949,1.1266,0.9631
647,PRDX2,2.5637,12,APEX1,False,0.9407,1.0012,1.1751,1.0949,1.1266,0.9631
647,KDM1A,1.1266,13,APEX1,False,0.9407,1.0012,1.1751,1.0949,1.1266,0.9631
648,APEX1,10.0264,1,APEX1,True,1.0773,1.1673,1.1481,0.9963,1.177,0.7552
648,TNFRSF10C,6.7339,2,APEX1,False,1.0773,1.1673,1.1481,0.9963,1.177,0.7552
648,ARID5B,6.7339,2,APEX1,False,1.0773,1.1673,1.1481,0.9963,1.177,0.7552
648,DHFR,6.1502,4,APEX1,False,1.0773,1.1673,1.1481,0.9963,1.177,0.7552
648,BACE1,6.1502,4,APEX1,False,1.0773,1.1673,1.1481,0.9963,1.177,0.7552
648,SEC23B,6.1502,4,APEX1,False,1.0773,1.1673,1.1481,0.9963,1.177,0.7552
648,PADI4,5.5666,7,APEX1,False,1.0773,1.1673,1.1481,0.9963,1.177,0.7552
648,HADHB,5.5666,7,APEX1,False,1.0773,1.1673,1.1481,0.9963,1.177,0.7552
648,RFC4,5.5666,7,APEX1,False,1.0773,1.1673,1.1481,0.9963,1.177,0.7552
648,SF3B3,5.5666,7,APEX1,False,1.0773,1.1673,1.1481,0.9963,1.177,0.7552
648,PERP,5.1889,11,APEX1,False,1.0773,1.1673,1.1481,0.9963,1.177,0.7552
648,PRDX2,3.0861,12,APEX1,False,1.0773,1.1673,1.1481,0.9963,1.177,0.7552
648,KDM1A,1.177,13,APEX1,False,1.0773,1.1673,1.1481,0.9963,1.177,0.7552
649,APEX1,8.6748,1,APEX1,True,0.811,0.9981,1.0901,1.0674,1.13,1.1849
649,TNFRSF10C,5.4273,2,APEX1,False,0.811,0.9981,1.0901,1.0674,1.13,1.1849
649,ARID5B,5.4273,2,APEX1,False,0.811,0.9981,1.0901,1.0674,1.13,1.1849
649,DHFR,4.9282,4,APEX1,False,0.811,0.9981,1.0901,1.0674,1.13,1.1849
649,BACE1,4.9282,4,APEX1,False,0.811,0.9981,1.0901,1.0674,1.13,1.1849
649,SEC23B,4.9282,4,APEX1,False,0.811,0.9981,1.0901,1.0674,1.13,1.1849
649,PADI4,4.4291,7,APEX1,False,0.811,0.9981,1.0901,1.0674,1.13,1.1849
649,HADHB,4.4291,7,APEX1,False,0.811,0.9981,1.0901,1.0674,1.13,1.1849
649,RFC4,4.4291,7,APEX1,False,0.811,0.9981,1.0901,1.0674,1.13,1.1849
649,SF3B3,4.4291,7,APEX1,False,0.811,0.9981,1.0901,1.0674,1.13,1.1849
649,PERP,3.8367,11,APEX1,False,0.811,0.9981,1.0901,1.0674,1.13,1.1849
649,PRDX2,1.9326,12,APEX1,False,0.811,0.9981,1.0901,1.0674,1.13,1.1849
649,KDM1A,1.13,13,APEX1,False,0.811,0.9981,1.0901,1.0674,1.13,1.1849
650,APEX1,7.217,1,APEX1,True,0.8042,0.7953,0.827,0.7643,1.0576,1.1861
650,TNFRSF10C,4.7985,2,APEX1,False,0.8042,0.7953,0.827,0.7643,1.0576,1.1861
650,ARID5B,4.7985,2,APEX1,False,0.8042,0.7953,0.827,0.7643,1.0576,1.1861
650,DHFR,4.4009,4,APEX1,False,0.8042,0.7953,0.827,0.7643,1.0576,1.1861
650,BACE1,4.4009,4,APEX1,False,0.8042,0.7953,0.827,0.7643,1.0576,1.1861
650,SEC23B,4.4009,4,APEX1,False,0.8042,0.7953,0.827,0.7643,1.0576,1.1861
650,PADI4,4.0032,7,APEX1,False,0.8042,0.7953,0.827,0.7643,1.0576,1.1861
650,HADHB,4.0032,7,APEX1,False,0.8042,0.7953,0.827,0.7643,1.0576,1.1861
650,RFC4,4.0032,7,APEX1,False,0.8042,0.7953,0.827,0.7643,1.0576,1.1861
650,SF3B3,4.0032,7,APEX1,False,0.8042,0.7953,0.827,0.7643,1.0576,1.1861
650,PERP,3.4102,11,APEX1,False,0.8042,0.7953,0.827,0.7643,1.0576,1.1861
650,PRDX2,1.6514,12,APEX1,False,0.8042,0.7953,0.827,0.7643,1.0576,1.1861
650,KDM1A,1.0576,13,APEX1,False,0.8042,0.7953,0.827,0.7643,1.0576,1.1861
651,APEX1,9.7046,1,APEX1,True,1.0754,1.168,1.0327,0.9092,0.9965,0.759
651,TNFRSF10C,6.73,2,APEX1,False,1.0754,1.168,1.0327,0.9092,0.9965,0.759
651,ARID5B,6.73,2,APEX1,False,1.0754,1.168,1.0327,0.9092,0.9965,0.759
651,DHFR,6.146,4,APEX1,False,1.0754,1.168,1.0327,0.9092,0.9965,0.759
651,BACE1,6.146,4,APEX1,False,1.0754,1.168,1.0327,0.9092,0.9965,0.759
651,SEC23B,6.146,4,APEX1,False,1.0754,1.168,1.0327,0.9092,0.9965,0.759
651,PADI4,5.562,7,APEX1,False,1.0754,1.168,1.0327,0.9092,0.9965,0.759
651,HADHB,5.562,7,APEX1,False,1.0754,1.168,1.0327,0.9092,0.9965,0.759
651,RFC4,5.562,7,APEX1,False,1.0754,1.168,1.0327,0.9092,0.9965,0.759
651,SF3B3,5.562,7,APEX1,False,1.0754,1.168,1.0327,0.9092,0.9965,0.759
651,PERP,5.1825,11,APEX1,False,1.0754,1.168,1.0327,0.9092,0.9965,0.759
651,PRDX2,2.9621,12,APEX1,False,1.0754,1.168,1.0327,0.9092,0.9965,0.759
651,KDM1A,0.9965,13,APEX1,False,1.0754,1.168,1.0327,0.9092,0.9965,0.759
652,APEX1,9.1159,1,APEX1,True,0.9109,1.1149,1.0021,1.0343,1.2072,1.2001
652,TNFRSF10C,6.0774,2,APEX1,False,0.9109,1.1149,1.0021,1.0343,1.2072,1.2001
652,ARID5B,6.0774,2,APEX1,False,0.9109,1.1149,1.0021,1.0343,1.2072,1.2001
652,DHFR,5.52,4,APEX1,False,0.9109,1.1149,1.0021,1.0343,1.2072,1.2001
652,BACE1,5.52,4,APEX1,False,0.9109,1.1149,1.0021,1.0343,1.2072,1.2001
652,SEC23B,5.52,4,APEX1,False,0.9109,1.1149,1.0021,1.0343,1.2072,1.2001
652,PADI4,4.9626,7,APEX1,False,0.9109,1.1149,1.0021,1.0343,1.2072,1.2001
652,HADHB,4.9626,7,APEX1,False,0.9109,1.1149,1.0021,1.0343,1.2072,1.2001
652,RFC4,4.9626,7,APEX1,False,0.9109,1.1149,1.0021,1.0343,1.2072,1.2001
652,SF3B3,4.9626,7,APEX1,False,0.9109,1.1149,1.0021,1.0343,1.2072,1.2001
652,PERP,4.3625,11,APEX1,False,0.9109,1.1149,1.0021,1.0343,1.2072,1.2001
652,PRDX2,2.0794,12,APEX1,False,0.9109,1.1149,1.0021,1.0343,1.2072,1.2001
652,KDM1A,1.2072,13,APEX1,False,0.9109,1.1149,1.0021,1.0343,1.2072,1.2001
653,APEX1,8.5079,1,APEX1,True,0.8693,0.8376,1.1666,1.054,1.0987,1.2127
653,TNFRSF10C,5.1207,2,APEX1,False,0.8693,0.8376,1.1666,1.054,1.0987,1.2127
653,ARID5B,5.1207,2,APEX1,False,0.8693,0.8376,1.1666,1.054,1.0987,1.2127
653,DHFR,4.7019,4,APEX1,False,0.8693,0.8376,1.1666,1.054,1.0987,1.2127
653,BACE1,4.7019,4,APEX1,False,0.8693,0.8376,1.1666,1.054,1.0987,1.2127
653,SEC23B,4.7019,4,APEX1,False,0.8693,0.8376,1.1666,1.054,1.0987,1.2127
653,PADI4,4.2832,7,APEX1,False,0.8693,0.8376,1.1666,1.054,1.0987,1.2127
653,HADHB,4.2832,7,APEX1,False,0.8693,0.8376,1.1666,1.054,1.0987,1.2127
653,RFC4,4.2832,7,APEX1,False,0.8693,0.8376,1.1666,1.054,1.0987,1.2127
653,SF3B3,4.2832,7,APEX1,False,0.8693,0.8376,1.1666,1.054,1.0987,1.2127
653,PERP,3.6768,11,APEX1,False,0.8693,0.8376,1.1666,1.054,1.0987,1.2127
653,PRDX2,2.1273,12,APEX1,False,0.8693,0.8376,1.1666,1.054,1.0987,1.2127
653,KDM1A,1.0987,13,APEX1,False,0.8693,0.8376,1.1666,1.054,1.0987,1.2127
654,APEX1,7.2348,1,APEX1,True,0.752,0.8253,0.7738,0.9553,0.7747,0.8811
654,TNFRSF10C,4.732,2,APEX1,False,0.752,0.8253,0.7738,0.9553,0.7747,0.8811
654,ARID5B,4.732,2,APEX1,False,0.752,0.8253,0.7738,0.9553,0.7747,0.8811
654,DHFR,4.3194,4,APEX1,False,0.752,0.8253,0.7738,0.9553,0.7747,0.8811
654,BACE1,4.3194,4,APEX1,False,0.752,0.8253,0.7738,0.9553,0.7747,0.8811
654,SEC23B,4.3194,4,APEX1,False,0.752,0.8253,0.7738,0.9553,0.7747,0.8811
654,PADI4,3.9067,7,APEX1,False,0.752,0.8253,0.7738,0.9553,0.7747,0.8811
654,HADHB,3.9067,7,APEX1,False,0.752,0.8253,0.7738,0.9553,0.7747,0.8811
654,RFC4,3.9067,7,APEX1,False,0.752,0.8253,0.7738,0.9553,0.7747,0.8811
654,SF3B3,3.9067,7,APEX1,False,0.752,0.8253,0.7738,0.9553,0.7747,0.8811
654,PERP,3.4661,11,APEX1,False,0.752,0.8253,0.7738,0.9553,0.7747,0.8811
654,PRDX2,1.7727,12,APEX1,False,0.752,0.8253,0.7738,0.9553,0.7747,0.8811
654,KDM1A,0.7747,13,APEX1,False,0.752,0.8253,0.7738,0.9553,0.7747,0.8811
655,APEX1,7.3687,1,APEX1,True,0.8046,0.8475,0.768,0.8762,0.8092,1.2351
655,TNFRSF10C,4.9565,2,APEX1,False,0.8046,0.8475,0.768,0.8762,0.8092,1.2351
655,ARID5B,4.9565,2,APEX1,False,0.8046,0.8475,0.768,0.8762,0.8092,1.2351
655,DHFR,4.5328,4,APEX1,False,0.8046,0.8475,0.768,0.8762,0.8092,1.2351
655,BACE1,4.5328,4,APEX1,False,0.8046,0.8475,0.768,0.8762,0.8092,1.2351
655,SEC23B,4.5328,4,APEX1,False,0.8046,0.8475,0.768,0.8762,0.8092,1.2351
655,PADI4,4.109,7,APEX1,False,0.8046,0.8475,0.768,0.8762,0.8092,1.2351
655,HADHB,4.109,7,APEX1,False,0.8046,0.8475,0.768,0.8762,0.8092,1.2351
655,RFC4,4.109,7,APEX1,False,0.8046,0.8475,0.768,0.8762,0.8092,1.2351
655,SF3B3,4.109,7,APEX1,False,0.8046,0.8475,0.768,0.8762,0.8092,1.2351
655,PERP,3.4914,11,APEX1,False,0.8046,0.8475,0.768,0.8762,0.8092,1.2351
655,PRDX2,1.5444,12,APEX1,False,0.8046,0.8475,0.768,0.8762,0.8092,1.2351
655,KDM1A,0.8092,13,APEX1,False,0.8046,0.8475,0.768,0.8762,0.8092,1.2351
656,APEX1,9.4379,1,APEX1,True,0.8384,1.2043,1.1912,0.9274,1.1334,1.0423
656,TNFRSF10C,6.128,2,APEX1,False,0.8384,1.2043,1.1912,0.9274,1.1334,1.0423
656,ARID5B,6.128,2,APEX1,False,0.8384,1.2043,1.1912,0.9274,1.1334,1.0423
656,DHFR,5.5259,4,APEX1,False,0.8384,1.2043,1.1912,0.9274,1.1334,1.0423
656,BACE1,5.5259,4,APEX1,False,0.8384,1.2043,1.1912,0.9274,1.1334,1.0423
656,SEC23B,5.5259,4,APEX1,False,0.8384,1.2043,1.1912,0.9274,1.1334,1.0423
656,PADI4,4.9238,7,APEX1,False,0.8384,1.2043,1.1912,0.9274,1.1334,1.0423
656,HADHB,4.9238,7,APEX1,False,0.8384,1.2043,1.1912,0.9274,1.1334,1.0423
656,RFC4,4.9238,7,APEX1,False,0.8384,1.2043,1.1912,0.9274,1.1334,1.0423
656,SF3B3,4.9238,7,APEX1,False,0.8384,1.2043,1.1912,0.9274,1.1334,1.0423
656,PERP,4.4026,11,APEX1,False,0.8384,1.2043,1.1912,0.9274,1.1334,1.0423
656,PRDX2,2.2449,12,APEX1,False,0.8384,1.2043,1.1912,0.9274,1.1334,1.0423
656,KDM1A,1.1334,13,APEX1,False,0.8384,1.2043,1.1912,0.9274,1.1334,1.0423
657,APEX1,8.4153,1,APEX1,True,0.9816,0.9472,0.9377,0.7534,1.1567,0.8088
657,TNFRSF10C,5.7864,2,APEX1,False,0.9816,0.9472,0.9377,0.7534,1.1567,0.8088
657,ARID5B,5.7864,2,APEX1,False,0.9816,0.9472,0.9377,0.7534,1.1567,0.8088
657,DHFR,5.3128,4,APEX1,False,0.9816,0.9472,0.9377,0.7534,1.1567,0.8088
657,BACE1,5.3128,4,APEX1,False,0.9816,0.9472,0.9377,0.7534,1.1567,0.8088
657,SEC23B,5.3128,4,APEX1,False,0.9816,0.9472,0.9377,0.7534,1.1567,0.8088
657,PADI4,4.8392,7,APEX1,False,0.9816,0.9472,0.9377,0.7534,1.1567,0.8088
657,HADHB,4.8392,7,APEX1,False,0.9816,0.9472,0.9377,0.7534,1.1567,0.8088
657,RFC4,4.8392,7,APEX1,False,0.9816,0.9472,0.9377,0.7534,1.1567,0.8088
657,SF3B3,4.8392,7,APEX1,False,0.9816,0.9472,0.9377,0.7534,1.1567,0.8088
657,PERP,4.4348,11,APEX1,False,0.9816,0.9472,0.9377,0.7534,1.1567,0.8088
657,PRDX2,2.583,12,APEX1,False,0.9816,0.9472,0.9377,0.7534,1.1567,0.8088
657,KDM1A,1.1567,13,APEX1,False,0.9816,0.9472,0.9377,0.7534,1.1567,0.8088
658,APEX1,8.0608,1,APEX1,True,0.7701,0.9693,0.8014,1.24,1.1272,0.8532
658,TNFRSF10C,5.218,2,APEX1,False,0.7701,0.9693,0.8014,1.24,1.1272,0.8532
658,ARID5B,5.218,2,APEX1,False,0.7701,0.9693,0.8014,1.24,1.1272,0.8532
658,DHFR,4.7334,4,APEX1,False,0.7701,0.9693,0.8014,1.24,1.1272,0.8532
658,BACE1,4.7334,4,APEX1,False,0.7701,0.9693,0.8014,1.24,1.1272,0.8532
658,SEC23B,4.7334,4,APEX1,False,0.7701,0.9693,0.8014,1.24,1.1272,0.8532
658,PADI4,4.2487,7,APEX1,False,0.7701,0.9693,0.8014,1.24,1.1272,0.8532
658,HADHB,4.2487,7,APEX1,False,0.7701,0.9693,0.8014,1.24,1.1272,0.8532
658,RFC4,4.2487,7,APEX1,False,0.7701,0.9693,0.8014,1.24,1.1272,0.8532
658,SF3B3,4.2487,7,APEX1,False,0.7701,0.9693,0.8014,1.24,1.1272,0.8532
658,PERP,3.8221,11,APEX1,False,0.7701,0.9693,0.8014,1.24,1.1272,0.8532
658,PRDX2,1.8734,12,APEX1,False,0.7701,0.9693,0.8014,1.24,1.1272,0.8532
658,KDM1A,1.1272,13,APEX1,False,0.7701,0.9693,0.8014,1.24,1.1272,0.8532
659,APEX1,9.8668,1,APEX1,True,1.0253,1.1419,1.2262,0.913,1.07,1.2046
659,TNFRSF10C,6.5014,2,APEX1,False,1.0253,1.1419,1.2262,0.913,1.07,1.2046
659,ARID5B,6.5014,2,APEX1,False,1.0253,1.1419,1.2262,0.913,1.07,1.2046
659,DHFR,5.9305,4,APEX1,False,1.0253,1.1419,1.2262,0.913,1.07,1.2046
659,BACE1,5.9305,4,APEX1,False,1.0253,1.1419,1.2262,0.913,1.07,1.2046
659,SEC23B,5.9305,4,APEX1,False,1.0253,1.1419,1.2262,0.913,1.07,1.2046
659,PADI4,5.3596,7,APEX1,False,1.0253,1.1419,1.2262,0.913,1.07,1.2046
659,HADHB,5.3596,7,APEX1,False,1.0253,1.1419,1.2262,0.913,1.07,1.2046
659,RFC4,5.3596,7,APEX1,False,1.0253,1.1419,1.2262,0.913,1.07,1.2046
659,SF3B3,5.3596,7,APEX1,False,1.0253,1.1419,1.2262,0.913,1.07,1.2046
659,PERP,4.7573,11,APEX1,False,1.0253,1.1419,1.2262,0.913,1.07,1.2046
659,PRDX2,2.5848,12,APEX1,False,1.0253,1.1419,1.2262,0.913,1.07,1.2046
659,KDM1A,1.07,13,APEX1,False,1.0253,1.1419,1.2262,0.913,1.07,1.2046
660,APEX1,9.1197,1,APEX1,True,1.0538,0.9143,1.165,0.8852,1.2031,1.1594
660,TNFRSF10C,5.9044,2,APEX1,False,1.0538,0.9143,1.165,0.8852,1.2031,1.1594
660,ARID5B,5.9044,2,APEX1,False,1.0538,0.9143,1.165,0.8852,1.2031,1.1594
660,DHFR,5.4473,4,APEX1,False,1.0538,0.9143,1.165,0.8852,1.2031,1.1594
660,BACE1,5.4473,4,APEX1,False,1.0538,0.9143,1.165,0.8852,1.2031,1.1594
660,SEC23B,5.4473,4,APEX1,False,1.0538,0.9143,1.165,0.8852,1.2031,1.1594
660,PADI4,4.9901,7,APEX1,False,1.0538,0.9143,1.165,0.8852,1.2031,1.1594
660,HADHB,4.9901,7,APEX1,False,1.0538,0.9143,1.165,0.8852,1.2031,1.1594
660,RFC4,4.9901,7,APEX1,False,1.0538,0.9143,1.165,0.8852,1.2031,1.1594
660,SF3B3,4.9901,7,APEX1,False,1.0538,0.9143,1.165,0.8852,1.2031,1.1594
660,PERP,4.4104,11,APEX1,False,1.0538,0.9143,1.165,0.8852,1.2031,1.1594
660,PRDX2,2.6402,12,APEX1,False,1.0538,0.9143,1.165,0.8852,1.2031,1.1594
660,KDM1A,1.2031,13,APEX1,False,1.0538,0.9143,1.165,0.8852,1.2031,1.1594
661,APEX1,9.0778,1,APEX1,True,1.0469,0.8917,1.0851,1.092,0.8949,1.0151
661,TNFRSF10C,5.8157,2,APEX1,False,1.0469,0.8917,1.0851,1.092,0.8949,1.0151
661,ARID5B,5.8157,2,APEX1,False,1.0469,0.8917,1.0851,1.092,0.8949,1.0151
661,DHFR,5.3699,4,APEX1,False,1.0469,0.8917,1.0851,1.092,0.8949,1.0151
661,BACE1,5.3699,4,APEX1,False,1.0469,0.8917,1.0851,1.092,0.8949,1.0151
661,SEC23B,5.3699,4,APEX1,False,1.0469,0.8917,1.0851,1.092,0.8949,1.0151
661,PADI4,4.924,7,APEX1,False,1.0469,0.8917,1.0851,1.092,0.8949,1.0151
661,HADHB,4.924,7,APEX1,False,1.0469,0.8917,1.0851,1.092,0.8949,1.0151
661,RFC4,4.924,7,APEX1,False,1.0469,0.8917,1.0851,1.092,0.8949,1.0151
661,SF3B3,4.924,7,APEX1,False,1.0469,0.8917,1.0851,1.092,0.8949,1.0151
661,PERP,4.4165,11,APEX1,False,1.0469,0.8917,1.0851,1.092,0.8949,1.0151
661,PRDX2,2.6872,12,APEX1,False,1.0469,0.8917,1.0851,1.092,0.8949,1.0151
661,KDM1A,0.8949,13,APEX1,False,1.0469,0.8917,1.0851,1.092,0.8949,1.0151
662,APEX1,9.5063,1,APEX1,True,1.1099,1.2469,0.7663,0.9034,1.0612,0.9853
662,TNFRSF10C,7.0703,2,APEX1,False,1.1099,1.2469,0.7663,0.9034,1.0612,0.9853
662,ARID5B,7.0703,2,APEX1,False,1.1099,1.2469,0.7663,0.9034,1.0612,0.9853
662,DHFR,6.4469,4,APEX1,False,1.1099,1.2469,0.7663,0.9034,1.0612,0.9853
662,BACE1,6.4469,4,APEX1,False,1.1099,1.2469,0.7663,0.9034,1.0612,0.9853
662,SEC23B,6.4469,4,APEX1,False,1.1099,1.2469,0.7663,0.9034,1.0612,0.9853
662,PADI4,5.8234,7,APEX1,False,1.1099,1.2469,0.7663,0.9034,1.0612,0.9853
662,HADHB,5.8234,7,APEX1,False,1.1099,1.2469,0.7663,0.9034,1.0612,0.9853
662,RFC4,5.8234,7,APEX1,False,1.1099,1.2469,0.7663,0.9034,1.0612,0.9853
662,SF3B3,5.8234,7,APEX1,False,1.1099,1.2469,0.7663,0.9034,1.0612,0.9853
662,PERP,5.3308,11,APEX1,False,1.1099,1.2469,0.7663,0.9034,1.0612,0.9853
662,PRDX2,2.5557,12,APEX1,False,1.1099,1.2469,0.7663,0.9034,1.0612,0.9853
662,KDM1A,1.0612,13,APEX1,False,1.1099,1.2469,0.7663,0.9034,1.0612,0.9853
663,APEX1,8.5371,1,APEX1,True,0.7846,1.1691,0.9385,0.799,0.9147,1.174
663,TNFRSF10C,5.8612,2,APEX1,False,0.7846,1.1691,0.9385,0.799,0.9147,1.174
663,ARID5B,5.8612,2,APEX1,False,0.7846,1.1691,0.9385,0.799,0.9147,1.174
663,DHFR,5.2766,4,APEX1,False,0.7846,1.1691,0.9385,0.799,0.9147,1.174
663,BACE1,5.2766,4,APEX1,False,0.7846,1.1691,0.9385,0.799,0.9147,1.174
663,SEC23B,5.2766,4,APEX1,False,0.7846,1.1691,0.9385,0.799,0.9147,1.174
663,PADI4,4.6921,7,APEX1,False,0.7846,1.1691,0.9385,0.799,0.9147,1.174
663,HADHB,4.6921,7,APEX1,False,0.7846,1.1691,0.9385,0.799,0.9147,1.174
663,RFC4,4.6921,7,APEX1,False,0.7846,1.1691,0.9385,0.799,0.9147,1.174
663,SF3B3,4.6921,7,APEX1,False,0.7846,1.1691,0.9385,0.799,0.9147,1.174
663,PERP,4.1051,11,APEX1,False,0.7846,1.1691,0.9385,0.799,0.9147,1.174
663,PRDX2,1.726,12,APEX1,False,0.7846,1.1691,0.9385,0.799,0.9147,1.174
663,KDM1A,0.9147,13,APEX1,False,0.7846,1.1691,0.9385,0.799,0.9147,1.174
664,APEX1,8.6797,1,APEX1,True,0.8498,0.9855,1.1891,0.7958,1.0366,0.963
664,TNFRSF10C,5.5056,2,APEX1,False,0.8498,0.9855,1.1891,0.7958,1.0366,0.963
664,ARID5B,5.5056,2,APEX1,False,0.8498,0.9855,1.1891,0.7958,1.0366,0.963
664,DHFR,5.0129,4,APEX1,False,0.8498,0.9855,1.1891,0.7958,1.0366,0.963
664,BACE1,5.0129,4,APEX1,False,0.8498,0.9855,1.1891,0.7958,1.0366,0.963
664,SEC23B,5.0129,4,APEX1,False,0.8498,0.9855,1.1891,0.7958,1.0366,0.963
664,PADI4,4.5202,7,APEX1,False,0.8498,0.9855,1.1891,0.7958,1.0366,0.963
664,HADHB,4.5202,7,APEX1,False,0.8498,0.9855,1.1891,0.7958,1.0366,0.963
664,RFC4,4.5202,7,APEX1,False,0.8498,0.9855,1.1891,0.7958,1.0366,0.963
664,SF3B3,4.5202,7,APEX1,False,0.8498,0.9855,1.1891,0.7958,1.0366,0.963
664,PERP,4.0387,11,APEX1,False,0.8498,0.9855,1.1891,0.7958,1.0366,0.963
664,PRDX2,2.3506,12,APEX1,False,0.8498,0.9855,1.1891,0.7958,1.0366,0.963
664,KDM1A,1.0366,13,APEX1,False,0.8498,0.9855,1.1891,0.7958,1.0366,0.963
665,APEX1,7.7188,1,APEX1,True,0.7721,0.7801,0.9954,1.0713,1.2,0.8731
665,TNFRSF10C,4.6566,2,APEX1,False,0.7721,0.7801,0.9954,1.0713,1.2,0.8731
665,ARID5B,4.6566,2,APEX1,False,0.7721,0.7801,0.9954,1.0713,1.2,0.8731
665,DHFR,4.2666,4,APEX1,False,0.7721,0.7801,0.9954,1.0713,1.2,0.8731
665,BACE1,4.2666,4,APEX1,False,0.7721,0.7801,0.9954,1.0713,1.2,0.8731
665,SEC23B,4.2666,4,APEX1,False,0.7721,0.7801,0.9954,1.0713,1.2,0.8731
665,PADI4,3.8765,7,APEX1,False,0.7721,0.7801,0.9954,1.0713,1.2,0.8731
665,HADHB,3.8765,7,APEX1,False,0.7721,0.7801,0.9954,1.0713,1.2,0.8731
665,RFC4,3.8765,7,APEX1,False,0.7721,0.7801,0.9954,1.0713,1.2,0.8731
665,SF3B3,3.8765,7,APEX1,False,0.7721,0.7801,0.9954,1.0713,1.2,0.8731
665,PERP,3.44,11,APEX1,False,0.7721,0.7801,0.9954,1.0713,1.2,0.8731
665,PRDX2,2.0525,12,APEX1,False,0.7721,0.7801,0.9954,1.0713,1.2,0.8731
665,KDM1A,1.2,13,APEX1,False,0.7721,0.7801,0.9954,1.0713,1.2,0.8731
666,APEX1,9.8538,1,APEX1,True,1.1486,1.1071,0.9543,1.1781,0.9674,0.9504
666,TNFRSF10C,6.7671,2,APEX1,False,1.1486,1.1071,0.9543,1.1781,0.9674,0.9504
666,ARID5B,6.7671,2,APEX1,False,1.1486,1.1071,0.9543,1.1781,0.9674,0.9504
666,DHFR,6.2135,4,APEX1,False,1.1486,1.1071,0.9543,1.1781,0.9674,0.9504
666,BACE1,6.2135,4,APEX1,False,1.1486,1.1071,0.9543,1.1781,0.9674,0.9504
666,SEC23B,6.2135,4,APEX1,False,1.1486,1.1071,0.9543,1.1781,0.9674,0.9504
666,PADI4,5.66,7,APEX1,False,1.1486,1.1071,0.9543,1.1781,0.9674,0.9504
666,HADHB,5.66,7,APEX1,False,1.1486,1.1071,0.9543,1.1781,0.9674,0.9504
666,RFC4,5.66,7,APEX1,False,1.1486,1.1071,0.9543,1.1781,0.9674,0.9504
666,SF3B3,5.66,7,APEX1,False,1.1486,1.1071,0.9543,1.1781,0.9674,0.9504
666,PERP,5.1848,11,APEX1,False,1.1486,1.1071,0.9543,1.1781,0.9674,0.9504
666,PRDX2,2.8754,12,APEX1,False,1.1486,1.1071,0.9543,1.1781,0.9674,0.9504
666,KDM1A,0.9674,13,APEX1,False,1.1486,1.1071,0.9543,1.1781,0.9674,0.9504
667,APEX1,8.8101,1,APEX1,True,0.9581,1.116,0.8217,0.9444,0.8305,1.0298
667,TNFRSF10C,6.2222,2,APEX1,False,0.9581,1.116,0.8217,0.9444,0.8305,1.0298
667,ARID5B,6.2222,2,APEX1,False,0.9581,1.116,0.8217,0.9444,0.8305,1.0298
667,DHFR,5.6643,4,APEX1,False,0.9581,1.116,0.8217,0.9444,0.8305,1.0298
667,BACE1,5.6643,4,APEX1,False,0.9581,1.116,0.8217,0.9444,0.8305,1.0298
667,SEC23B,5.6643,4,APEX1,False,0.9581,1.116,0.8217,0.9444,0.8305,1.0298
667,PADI4,5.1063,7,APEX1,False,0.9581,1.116,0.8217,0.9444,0.8305,1.0298
667,HADHB,5.1063,7,APEX1,False,0.9581,1.116,0.8217,0.9444,0.8305,1.0298
667,RFC4,5.1063,7,APEX1,False,0.9581,1.116,0.8217,0.9444,0.8305,1.0298
667,SF3B3,5.1063,7,APEX1,False,0.9581,1.116,0.8217,0.9444,0.8305,1.0298
667,PERP,4.5913,11,APEX1,False,0.9581,1.116,0.8217,0.9444,0.8305,1.0298
667,PRDX2,2.1871,12,APEX1,False,0.9581,1.116,0.8217,0.9444,0.8305,1.0298
667,KDM1A,0.8305,13,APEX1,False,0.9581,1.116,0.8217,0.9444,0.8305,1.0298
668,APEX1,7.5738,1,APEX1,True,0.7618,0.8742,0.906,0.8536,0.9856,0.9718
668,TNFRSF10C,4.9082,2,APEX1,False,0.7618,0.8742,0.906,0.8536,0.9856,0.9718
668,ARID5B,4.9082,2,APEX1,False,0.7618,0.8742,0.906,0.8536,0.9856,0.9718
668,DHFR,4.4711,4,APEX1,False,0.7618,0.8742,0.906,0.8536,0.9856,0.9718
668,BACE1,4.4711,4,APEX1,False,0.7618,0.8742,0.906,0.8536,0.9856,0.9718
668,SEC23B,4.4711,4,APEX1,False,0.7618,0.8742,0.906,0.8536,0.9856,0.9718
668,PADI4,4.034,7,APEX1,False,0.7618,0.8742,0.906,0.8536,0.9856,0.9718
668,HADHB,4.034,7,APEX1,False,0.7618,0.8742,0.906,0.8536,0.9856,0.9718
668,RFC4,4.034,7,APEX1,False,0.7618,0.8742,0.906,0.8536,0.9856,0.9718
668,SF3B3,4.034,7,APEX1,False,0.7618,0.8742,0.906,0.8536,0.9856,0.9718
668,PERP,3.5481,11,APEX1,False,0.7618,0.8742,0.906,0.8536,0.9856,0.9718
668,PRDX2,1.8388,12,APEX1,False,0.7618,0.8742,0.906,0.8536,0.9856,0.9718
668,KDM1A,0.9856,13,APEX1,False,0.7618,0.8742,0.906,0.8536,0.9856,0.9718
669,APEX1,9.7271,1,APEX1,True,1.0809,1.1051,1.0024,1.1643,1.1682,1.0498
669,TNFRSF10C,6.5579,2,APEX1,False,1.0809,1.1051,1.0024,1.1643,1.1682,1.0498
669,ARID5B,6.5579,2,APEX1,False,1.0809,1.1051,1.0024,1.1643,1.1682,1.0498
669,DHFR,6.0054,4,APEX1,False,1.0809,1.1051,1.0024,1.1643,1.1682,1.0498
669,BACE1,6.0054,4,APEX1,False,1.0809,1.1051,1.0024,1.1643,1.1682,1.0498
669,SEC23B,6.0054,4,APEX1,False,1.0809,1.1051,1.0024,1.1643,1.1682,1.0498
669,PADI4,5.4529,7,APEX1,False,1.0809,1.1051,1.0024,1.1643,1.1682,1.0498
669,HADHB,5.4529,7,APEX1,False,1.0809,1.1051,1.0024,1.1643,1.1682,1.0498
669,RFC4,5.4529,7,APEX1,False,1.0809,1.1051,1.0024,1.1643,1.1682,1.0498
669,SF3B3,5.4529,7,APEX1,False,1.0809,1.1051,1.0024,1.1643,1.1682,1.0498
669,PERP,4.928,11,APEX1,False,1.0809,1.1051,1.0024,1.1643,1.1682,1.0498
669,PRDX2,2.6549,12,APEX1,False,1.0809,1.1051,1.0024,1.1643,1.1682,1.0498
669,KDM1A,1.1682,13,APEX1,False,1.0809,1.1051,1.0024,1.1643,1.1682,1.0498
670,APEX1,9.6193,1,APEX1,True,0.9847,1.206,1.121,0.8051,1.0563,0.8356
670,TNFRSF10C,6.5722,2,APEX1,False,0.9847,1.206,1.121,0.8051,1.0563,0.8356
670,ARID5B,6.5722,2,APEX1,False,0.9847,1.206,1.121,0.8051,1.0563,0.8356
670,DHFR,5.9692,4,APEX1,False,0.9847,1.206,1.121,0.8051,1.0563,0.8356
670,BACE1,5.9692,4,APEX1,False,0.9847,1.206,1.121,0.8051,1.0563,0.8356
670,SEC23B,5.9692,4,APEX1,False,0.9847,1.206,1.121,0.8051,1.0563,0.8356
670,PADI4,5.3662,7,APEX1,False,0.9847,1.206,1.121,0.8051,1.0563,0.8356
670,HADHB,5.3662,7,APEX1,False,0.9847,1.206,1.121,0.8051,1.0563,0.8356
670,RFC4,5.3662,7,APEX1,False,0.9847,1.206,1.121,0.8051,1.0563,0.8356
670,SF3B3,5.3662,7,APEX1,False,0.9847,1.206,1.121,0.8051,1.0563,0.8356
670,PERP,4.9484,11,APEX1,False,0.9847,1.206,1.121,0.8051,1.0563,0.8356
670,PRDX2,2.7472,12,APEX1,False,0.9847,1.206,1.121,0.8051,1.0563,0.8356
670,KDM1A,1.0563,13,APEX1,False,0.9847,1.206,1.121,0.8051,1.0563,0.8356
671,APEX1,8.7378,1,APEX1,True,0.9892,0.9924,1.0041,0.7849,1.2234,0.9999
671,TNFRSF10C,5.9448,2,APEX1,False,0.9892,0.9924,1.0041,0.7849,1.2234,0.9999
671,ARID5B,5.9448,2,APEX1,False,0.9892,0.9924,1.0041,0.7849,1.2234,0.9999
671,DHFR,5.4486,4,APEX1,False,0.9892,0.9924,1.0041,0.7849,1.2234,0.9999
671,BACE1,5.4486,4,APEX1,False,0.9892,0.9924,1.0041,0.7849,1.2234,0.9999
671,SEC23B,5.4486,4,APEX1,False,0.9892,0.9924,1.0041,0.7849,1.2234,0.9999
671,PADI4,4.9523,7,APEX1,False,0.9892,0.9924,1.0041,0.7849,1.2234,0.9999
671,HADHB,4.9523,7,APEX1,False,0.9892,0.9924,1.0041,0.7849,1.2234,0.9999
671,RFC4,4.9523,7,APEX1,False,0.9892,0.9924,1.0041,0.7849,1.2234,0.9999
671,SF3B3,4.9523,7,APEX1,False,0.9892,0.9924,1.0041,0.7849,1.2234,0.9999
671,PERP,4.4524,11,APEX1,False,0.9892,0.9924,1.0041,0.7849,1.2234,0.9999
671,PRDX2,2.477,12,APEX1,False,0.9892,0.9924,1.0041,0.7849,1.2234,0.9999
671,KDM1A,1.2234,13,APEX1,False,0.9892,0.9924,1.0041,0.7849,1.2234,0.9999
672,APEX1,8.3951,1,APEX1,True,1.0,0.9619,0.7732,0.9631,1.1993,0.9593
672,TNFRSF10C,5.8856,2,APEX1,False,1.0,0.9619,0.7732,0.9631,1.1993,0.9593
672,ARID5B,5.8856,2,APEX1,False,1.0,0.9619,0.7732,0.9631,1.1993,0.9593
672,DHFR,5.4046,4,APEX1,False,1.0,0.9619,0.7732,0.9631,1.1993,0.9593
672,BACE1,5.4046,4,APEX1,False,1.0,0.9619,0.7732,0.9631,1.1993,0.9593
672,SEC23B,5.4046,4,APEX1,False,1.0,0.9619,0.7732,0.9631,1.1993,0.9593
672,PADI4,4.9237,7,APEX1,False,1.0,0.9619,0.7732,0.9631,1.1993,0.9593
672,HADHB,4.9237,7,APEX1,False,1.0,0.9619,0.7732,0.9631,1.1993,0.9593
672,RFC4,4.9237,7,APEX1,False,1.0,0.9619,0.7732,0.9631,1.1993,0.9593
672,SF3B3,4.9237,7,APEX1,False,1.0,0.9619,0.7732,0.9631,1.1993,0.9593
672,PERP,4.444,11,APEX1,False,1.0,0.9619,0.7732,0.9631,1.1993,0.9593
672,PRDX2,2.3138,12,APEX1,False,1.0,0.9619,0.7732,0.9631,1.1993,0.9593
672,KDM1A,1.1993,13,APEX1,False,1.0,0.9619,0.7732,0.9631,1.1993,0.9593
673,APEX1,8.6151,1,APEX1,True,1.0743,0.835,0.982,0.9234,0.8549,1.1239
673,TNFRSF10C,5.7278,2,APEX1,False,1.0743,0.835,0.982,0.9234,0.8549,1.1239
673,ARID5B,5.7278,2,APEX1,False,1.0743,0.835,0.982,0.9234,0.8549,1.1239
673,DHFR,5.3103,4,APEX1,False,1.0743,0.835,0.982,0.9234,0.8549,1.1239
673,BACE1,5.3103,4,APEX1,False,1.0743,0.835,0.982,0.9234,0.8549,1.1239
673,SEC23B,5.3103,4,APEX1,False,1.0743,0.835,0.982,0.9234,0.8549,1.1239
673,PADI4,4.8928,7,APEX1,False,1.0743,0.835,0.982,0.9234,0.8549,1.1239
673,HADHB,4.8928,7,APEX1,False,1.0743,0.835,0.982,0.9234,0.8549,1.1239
673,RFC4,4.8928,7,APEX1,False,1.0743,0.835,0.982,0.9234,0.8549,1.1239
673,SF3B3,4.8928,7,APEX1,False,1.0743,0.835,0.982,0.9234,0.8549,1.1239
673,PERP,4.3309,11,APEX1,False,1.0743,0.835,0.982,0.9234,0.8549,1.1239
673,PRDX2,2.5439,12,APEX1,False,1.0743,0.835,0.982,0.9234,0.8549,1.1239
673,KDM1A,0.8549,13,APEX1,False,1.0743,0.835,0.982,0.9234,0.8549,1.1239
674,APEX1,7.6425,1,APEX1,True,0.7988,0.8512,0.9169,0.8586,0.931,1.1927
674,TNFRSF10C,4.95,2,APEX1,False,0.7988,0.8512,0.9169,0.8586,0.931,1.1927
674,ARID5B,4.95,2,APEX1,False,0.7988,0.8512,0.9169,0.8586,0.931,1.1927
674,DHFR,4.5244,4,APEX1,False,0.7988,0.8512,0.9169,0.8586,0.931,1.1927
674,BACE1,4.5244,4,APEX1,False,0.7988,0.8512,0.9169,0.8586,0.931,1.1927
674,SEC23B,4.5244,4,APEX1,False,0.7988,0.8512,0.9169,0.8586,0.931,1.1927
674,PADI4,4.0988,7,APEX1,False,0.7988,0.8512,0.9169,0.8586,0.931,1.1927
674,HADHB,4.0988,7,APEX1,False,0.7988,0.8512,0.9169,0.8586,0.931,1.1927
674,RFC4,4.0988,7,APEX1,False,0.7988,0.8512,0.9169,0.8586,0.931,1.1927
674,SF3B3,4.0988,7,APEX1,False,0.7988,0.8512,0.9169,0.8586,0.931,1.1927
674,PERP,3.5025,11,APEX1,False,0.7988,0.8512,0.9169,0.8586,0.931,1.1927
674,PRDX2,1.7212,12,APEX1,False,0.7988,0.8512,0.9169,0.8586,0.931,1.1927
674,KDM1A,0.931,13,APEX1,False,0.7988,0.8512,0.9169,0.8586,0.931,1.1927
675,APEX1,8.3794,1,APEX1,True,0.9633,0.8959,0.8352,1.1312,1.2069,0.9816
675,TNFRSF10C,5.5778,2,APEX1,False,0.9633,0.8959,0.8352,1.1312,1.2069,0.9816
675,ARID5B,5.5778,2,APEX1,False,0.9633,0.8959,0.8352,1.1312,1.2069,0.9816
675,DHFR,5.1298,4,APEX1,False,0.9633,0.8959,0.8352,1.1312,1.2069,0.9816
675,BACE1,5.1298,4,APEX1,False,0.9633,0.8959,0.8352,1.1312,1.2069,0.9816
675,SEC23B,5.1298,4,APEX1,False,0.9633,0.8959,0.8352,1.1312,1.2069,0.9816
675,PADI4,4.6818,7,APEX1,False,0.9633,0.8959,0.8352,1.1312,1.2069,0.9816
675,HADHB,4.6818,7,APEX1,False,0.9633,0.8959,0.8352,1.1312,1.2069,0.9816
675,RFC4,4.6818,7,APEX1,False,0.9633,0.8959,0.8352,1.1312,1.2069,0.9816
675,SF3B3,4.6818,7,APEX1,False,0.9633,0.8959,0.8352,1.1312,1.2069,0.9816
675,PERP,4.1911,11,APEX1,False,0.9633,0.8959,0.8352,1.1312,1.2069,0.9816
675,PRDX2,2.262,12,APEX1,False,0.9633,0.8959,0.8352,1.1312,1.2069,0.9816
675,KDM1A,1.2069,13,APEX1,False,0.9633,0.8959,0.8352,1.1312,1.2069,0.9816
676,APEX1,8.7407,1,APEX1,True,0.9427,0.8127,1.2324,1.0097,1.0934,0.8457
676,TNFRSF10C,5.2662,2,APEX1,False,0.9427,0.8127,1.2324,1.0097,1.0934,0.8457
676,ARID5B,5.2662,2,APEX1,False,0.9427,0.8127,1.2324,1.0097,1.0934,0.8457
676,DHFR,4.8599,4,APEX1,False,0.9427,0.8127,1.2324,1.0097,1.0934,0.8457
676,BACE1,4.8599,4,APEX1,False,0.9427,0.8127,1.2324,1.0097,1.0934,0.8457
676,SEC23B,4.8599,4,APEX1,False,0.9427,0.8127,1.2324,1.0097,1.0934,0.8457
676,PADI4,4.4535,7,APEX1,False,0.9427,0.8127,1.2324,1.0097,1.0934,0.8457
676,HADHB,4.4535,7,APEX1,False,0.9427,0.8127,1.2324,1.0097,1.0934,0.8457
676,RFC4,4.4535,7,APEX1,False,0.9427,0.8127,1.2324,1.0097,1.0934,0.8457
676,SF3B3,4.4535,7,APEX1,False,0.9427,0.8127,1.2324,1.0097,1.0934,0.8457
676,PERP,4.0306,11,APEX1,False,0.9427,0.8127,1.2324,1.0097,1.0934,0.8457
676,PRDX2,2.7434,12,APEX1,False,0.9427,0.8127,1.2324,1.0097,1.0934,0.8457
676,KDM1A,1.0934,13,APEX1,False,0.9427,0.8127,1.2324,1.0097,1.0934,0.8457
677,APEX1,9.2072,1,APEX1,True,1.0132,1.0018,1.1429,0.8763,0.9549,0.8476
677,TNFRSF10C,6.0451,2,APEX1,False,1.0132,1.0018,1.1429,0.8763,0.9549,0.8476
677,ARID5B,6.0451,2,APEX1,False,1.0132,1.0018,1.1429,0.8763,0.9549,0.8476
677,DHFR,5.5442,4,APEX1,False,1.0132,1.0018,1.1429,0.8763,0.9549,0.8476
677,BACE1,5.5442,4,APEX1,False,1.0132,1.0018,1.1429,0.8763,0.9549,0.8476
677,SEC23B,5.5442,4,APEX1,False,1.0132,1.0018,1.1429,0.8763,0.9549,0.8476
677,PADI4,5.0433,7,APEX1,False,1.0132,1.0018,1.1429,0.8763,0.9549,0.8476
677,HADHB,5.0433,7,APEX1,False,1.0132,1.0018,1.1429,0.8763,0.9549,0.8476
677,RFC4,5.0433,7,APEX1,False,1.0132,1.0018,1.1429,0.8763,0.9549,0.8476
677,SF3B3,5.0433,7,APEX1,False,1.0132,1.0018,1.1429,0.8763,0.9549,0.8476
677,PERP,4.6195,11,APEX1,False,1.0132,1.0018,1.1429,0.8763,0.9549,0.8476
677,PRDX2,2.8283,12,APEX1,False,1.0132,1.0018,1.1429,0.8763,0.9549,0.8476
677,KDM1A,0.9549,13,APEX1,False,1.0132,1.0018,1.1429,0.8763,0.9549,0.8476
678,APEX1,9.8256,1,APEX1,True,1.2152,0.94,1.1644,1.0312,0.7688,0.8943
678,TNFRSF10C,6.4656,2,APEX1,False,1.2152,0.94,1.1644,1.0312,0.7688,0.8943
678,ARID5B,6.4656,2,APEX1,False,1.2152,0.94,1.1644,1.0312,0.7688,0.8943
678,DHFR,5.9956,4,APEX1,False,1.2152,0.94,1.1644,1.0312,0.7688,0.8943
678,BACE1,5.9956,4,APEX1,False,1.2152,0.94,1.1644,1.0312,0.7688,0.8943
678,SEC23B,5.9956,4,APEX1,False,1.2152,0.94,1.1644,1.0312,0.7688,0.8943
678,PADI4,5.5256,7,APEX1,False,1.2152,0.94,1.1644,1.0312,0.7688,0.8943
678,HADHB,5.5256,7,APEX1,False,1.2152,0.94,1.1644,1.0312,0.7688,0.8943
678,RFC4,5.5256,7,APEX1,False,1.2152,0.94,1.1644,1.0312,0.7688,0.8943
678,SF3B3,5.5256,7,APEX1,False,1.2152,0.94,1.1644,1.0312,0.7688,0.8943
678,PERP,5.0785,11,APEX1,False,1.2152,0.94,1.1644,1.0312,0.7688,0.8943
678,PRDX2,3.3082,12,APEX1,False,1.2152,0.94,1.1644,1.0312,0.7688,0.8943
678,KDM1A,0.7688,13,APEX1,False,1.2152,0.94,1.1644,1.0312,0.7688,0.8943
679,APEX1,7.8575,1,APEX1,True,0.7842,0.8773,0.8653,1.1424,1.136,1.1234
679,TNFRSF10C,4.9845,2,APEX1,False,0.7842,0.8773,0.8653,1.1424,1.136,1.1234
679,ARID5B,4.9845,2,APEX1,False,0.7842,0.8773,0.8653,1.1424,1.136,1.1234
679,DHFR,4.5459,4,APEX1,False,0.7842,0.8773,0.8653,1.1424,1.136,1.1234
679,BACE1,4.5459,4,APEX1,False,0.7842,0.8773,0.8653,1.1424,1.136,1.1234
679,SEC23B,4.5459,4,APEX1,False,0.7842,0.8773,0.8653,1.1424,1.136,1.1234
679,PADI4,4.1072,7,APEX1,False,0.7842,0.8773,0.8653,1.1424,1.136,1.1234
679,HADHB,4.1072,7,APEX1,False,0.7842,0.8773,0.8653,1.1424,1.136,1.1234
679,RFC4,4.1072,7,APEX1,False,0.7842,0.8773,0.8653,1.1424,1.136,1.1234
679,SF3B3,4.1072,7,APEX1,False,0.7842,0.8773,0.8653,1.1424,1.136,1.1234
679,PERP,3.5455,11,APEX1,False,0.7842,0.8773,0.8653,1.1424,1.136,1.1234
679,PRDX2,1.7024,12,APEX1,False,0.7842,0.8773,0.8653,1.1424,1.136,1.1234
679,KDM1A,1.136,13,APEX1,False,0.7842,0.8773,0.8653,1.1424,1.136,1.1234
680,APEX1,10.0352,1,APEX1,True,1.1981,0.9405,1.2255,1.1681,1.108,0.9228
680,TNFRSF10C,6.416,2,APEX1,False,1.1981,0.9405,1.2255,1.1681,1.108,0.9228
680,ARID5B,6.416,2,APEX1,False,1.1981,0.9405,1.2255,1.1681,1.108,0.9228
680,DHFR,5.9458,4,APEX1,False,1.1981,0.9405,1.2255,1.1681,1.108,0.9228
680,BACE1,5.9458,4,APEX1,False,1.1981,0.9405,1.2255,1.1681,1.108,0.9228
680,SEC23B,5.9458,4,APEX1,False,1.1981,0.9405,1.2255,1.1681,1.108,0.9228
680,PADI4,5.4755,7,APEX1,False,1.1981,0.9405,1.2255,1.1681,1.108,0.9228
680,HADHB,5.4755,7,APEX1,False,1.1981,0.9405,1.2255,1.1681,1.108,0.9228
680,RFC4,5.4755,7,APEX1,False,1.1981,0.9405,1.2255,1.1681,1.108,0.9228
680,SF3B3,5.4755,7,APEX1,False,1.1981,0.9405,1.2255,1.1681,1.108,0.9228
680,PERP,5.0141,11,APEX1,False,1.1981,0.9405,1.2255,1.1681,1.108,0.9228
680,PRDX2,3.2981,12,APEX1,False,1.1981,0.9405,1.2255,1.1681,1.108,0.9228
680,KDM1A,1.108,13,APEX1,False,1.1981,0.9405,1.2255,1.1681,1.108,0.9228
681,APEX1,9.776,1,APEX1,True,1.2045,1.2078,0.8522,0.8348,0.8247,1.0495
681,TNFRSF10C,7.2369,2,APEX1,False,1.2045,1.2078,0.8522,0.8348,0.8247,1.0495
681,ARID5B,7.2369,2,APEX1,False,1.2045,1.2078,0.8522,0.8348,0.8247,1.0495
681,DHFR,6.633,4,APEX1,False,1.2045,1.2078,0.8522,0.8348,0.8247,1.0495
681,BACE1,6.633,4,APEX1,False,1.2045,1.2078,0.8522,0.8348,0.8247,1.0495
681,SEC23B,6.633,4,APEX1,False,1.2045,1.2078,0.8522,0.8348,0.8247,1.0495
681,PADI4,6.0291,7,APEX1,False,1.2045,1.2078,0.8522,0.8348,0.8247,1.0495
681,HADHB,6.0291,7,APEX1,False,1.2045,1.2078,0.8522,0.8348,0.8247,1.0495
681,RFC4,6.0291,7,APEX1,False,1.2045,1.2078,0.8522,0.8348,0.8247,1.0495
681,SF3B3,6.0291,7,APEX1,False,1.2045,1.2078,0.8522,0.8348,0.8247,1.0495
681,PERP,5.5044,11,APEX1,False,1.2045,1.2078,0.8522,0.8348,0.8247,1.0495
681,PRDX2,2.8139,12,APEX1,False,1.2045,1.2078,0.8522,0.8348,0.8247,1.0495
681,KDM1A,0.8247,13,APEX1,False,1.2045,1.2078,0.8522,0.8348,0.8247,1.0495
682,APEX1,9.1793,1,APEX1,True,0.8025,1.2339,1.0253,1.0192,1.1331,0.7774
682,TNFRSF10C,6.1094,2,APEX1,False,0.8025,1.2339,1.0253,1.0192,1.1331,0.7774
682,ARID5B,6.1094,2,APEX1,False,0.8025,1.2339,1.0253,1.0192,1.1331,0.7774
682,DHFR,5.4925,4,APEX1,False,0.8025,1.2339,1.0253,1.0192,1.1331,0.7774
682,BACE1,5.4925,4,APEX1,False,0.8025,1.2339,1.0253,1.0192,1.1331,0.7774
682,SEC23B,5.4925,4,APEX1,False,0.8025,1.2339,1.0253,1.0192,1.1331,0.7774
682,PADI4,4.8755,7,APEX1,False,0.8025,1.2339,1.0253,1.0192,1.1331,0.7774
682,HADHB,4.8755,7,APEX1,False,0.8025,1.2339,1.0253,1.0192,1.1331,0.7774
682,RFC4,4.8755,7,APEX1,False,0.8025,1.2339,1.0253,1.0192,1.1331,0.7774
682,SF3B3,4.8755,7,APEX1,False,0.8025,1.2339,1.0253,1.0192,1.1331,0.7774
682,PERP,4.4868,11,APEX1,False,0.8025,1.2339,1.0253,1.0192,1.1331,0.7774
682,PRDX2,2.2543,12,APEX1,False,0.8025,1.2339,1.0253,1.0192,1.1331,0.7774
682,KDM1A,1.1331,13,APEX1,False,0.8025,1.2339,1.0253,1.0192,1.1331,0.7774
683,APEX1,7.5494,1,APEX1,True,0.7921,0.8232,0.8933,0.9168,1.0929,0.7867
683,TNFRSF10C,4.846,2,APEX1,False,0.7921,0.8232,0.8933,0.9168,1.0929,0.7867
683,ARID5B,4.846,2,APEX1,False,0.7921,0.8232,0.8933,0.9168,1.0929,0.7867
683,DHFR,4.4344,4,APEX1,False,0.7921,0.8232,0.8933,0.9168,1.0929,0.7867
683,BACE1,4.4344,4,APEX1,False,0.7921,0.8232,0.8933,0.9168,1.0929,0.7867
683,SEC23B,4.4344,4,APEX1,False,0.7921,0.8232,0.8933,0.9168,1.0929,0.7867
683,PADI4,4.0228,7,APEX1,False,0.7921,0.8232,0.8933,0.9168,1.0929,0.7867
683,HADHB,4.0228,7,APEX1,False,0.7921,0.8232,0.8933,0.9168,1.0929,0.7867
683,RFC4,4.0228,7,APEX1,False,0.7921,0.8232,0.8933,0.9168,1.0929,0.7867
683,SF3B3,4.0228,7,APEX1,False,0.7921,0.8232,0.8933,0.9168,1.0929,0.7867
683,PERP,3.6294,11,APEX1,False,0.7921,0.8232,0.8933,0.9168,1.0929,0.7867
683,PRDX2,2.0869,12,APEX1,False,0.7921,0.8232,0.8933,0.9168,1.0929,0.7867
683,KDM1A,1.0929,13,APEX1,False,0.7921,0.8232,0.8933,0.9168,1.0929,0.7867
684,APEX1,7.6709,1,APEX1,True,0.753,0.7996,1.0555,0.9022,1.1132,0.7595
684,TNFRSF10C,4.6577,2,APEX1,False,0.753,0.7996,1.0555,0.9022,1.1132,0.7595
684,ARID5B,4.6577,2,APEX1,False,0.753,0.7996,1.0555,0.9022,1.1132,0.7595
684,DHFR,4.2579,4,APEX1,False,0.753,0.7996,1.0555,0.9022,1.1132,0.7595
684,BACE1,4.2579,4,APEX1,False,0.753,0.7996,1.0555,0.9022,1.1132,0.7595
684,SEC23B,4.2579,4,APEX1,False,0.753,0.7996,1.0555,0.9022,1.1132,0.7595
684,PADI4,3.8581,7,APEX1,False,0.753,0.7996,1.0555,0.9022,1.1132,0.7595
684,HADHB,3.8581,7,APEX1,False,0.753,0.7996,1.0555,0.9022,1.1132,0.7595
684,RFC4,3.8581,7,APEX1,False,0.753,0.7996,1.0555,0.9022,1.1132,0.7595
684,SF3B3,3.8581,7,APEX1,False,0.753,0.7996,1.0555,0.9022,1.1132,0.7595
684,PERP,3.4783,11,APEX1,False,0.753,0.7996,1.0555,0.9022,1.1132,0.7595
684,PRDX2,2.1784,12,APEX1,False,0.753,0.7996,1.0555,0.9022,1.1132,0.7595
684,KDM1A,1.1132,13,APEX1,False,0.753,0.7996,1.0555,0.9022,1.1132,0.7595
685,APEX1,8.8669,1,APEX1,True,1.0031,0.9394,0.945,1.1494,0.8815,1.0563
685,TNFRSF10C,5.8276,2,APEX1,False,1.0031,0.9394,0.945,1.1494,0.8815,1.0563
685,ARID5B,5.8276,2,APEX1,False,1.0031,0.9394,0.945,1.1494,0.8815,1.0563
685,DHFR,5.3579,4,APEX1,False,1.0031,0.9394,0.945,1.1494,0.8815,1.0563
685,BACE1,5.3579,4,APEX1,False,1.0031,0.9394,0.945,1.1494,0.8815,1.0563
685,SEC23B,5.3579,4,APEX1,False,1.0031,0.9394,0.945,1.1494,0.8815,1.0563
685,PADI4,4.8882,7,APEX1,False,1.0031,0.9394,0.945,1.1494,0.8815,1.0563
685,HADHB,4.8882,7,APEX1,False,1.0031,0.9394,0.945,1.1494,0.8815,1.0563
685,RFC4,4.8882,7,APEX1,False,1.0031,0.9394,0.945,1.1494,0.8815,1.0563
685,SF3B3,4.8882,7,APEX1,False,1.0031,0.9394,0.945,1.1494,0.8815,1.0563
685,PERP,4.3601,11,APEX1,False,1.0031,0.9394,0.945,1.1494,0.8815,1.0563
685,PRDX2,2.3965,12,APEX1,False,1.0031,0.9394,0.945,1.1494,0.8815,1.0563
685,KDM1A,0.8815,13,APEX1,False,1.0031,0.9394,0.945,1.1494,0.8815,1.0563
686,APEX1,8.8763,1,APEX1,True,1.1121,0.8535,0.9458,1.0878,0.8924,1.0813
686,TNFRSF10C,5.8968,2,APEX1,False,1.1121,0.8535,0.9458,1.0878,0.8924,1.0813
686,ARID5B,5.8968,2,APEX1,False,1.1121,0.8535,0.9458,1.0878,0.8924,1.0813
686,DHFR,5.4701,4,APEX1,False,1.1121,0.8535,0.9458,1.0878,0.8924,1.0813
686,BACE1,5.4701,4,APEX1,False,1.1121,0.8535,0.9458,1.0878,0.8924,1.0813
686,SEC23B,5.4701,4,APEX1,False,1.1121,0.8535,0.9458,1.0878,0.8924,1.0813
686,PADI4,5.0433,7,APEX1,False,1.1121,0.8535,0.9458,1.0878,0.8924,1.0813
686,HADHB,5.0433,7,APEX1,False,1.1121,0.8535,0.9458,1.0878,0.8924,1.0813
686,RFC4,5.0433,7,APEX1,False,1.1121,0.8535,0.9458,1.0878,0.8924,1.0813
686,SF3B3,5.0433,7,APEX1,False,1.1121,0.8535,0.9458,1.0878,0.8924,1.0813
686,PERP,4.5027,11,APEX1,False,1.1121,0.8535,0.9458,1.0878,0.8924,1.0813
686,PRDX2,2.6449,12,APEX1,False,1.1121,0.8535,0.9458,1.0878,0.8924,1.0813
686,KDM1A,0.8924,13,APEX1,False,1.1121,0.8535,0.9458,1.0878,0.8924,1.0813
687,APEX1,9.8679,1,APEX1,True,0.9675,1.1387,1.1715,1.2062,0.79,0.8327
687,TNFRSF10C,6.3187,2,APEX1,False,0.9675,1.1387,1.1715,1.2062,0.79,0.8327
687,ARID5B,6.3187,2,APEX1,False,0.9675,1.1387,1.1715,1.2062,0.79,0.8327
687,DHFR,5.7493,4,APEX1,False,0.9675,1.1387,1.1715,1.2062,0.79,0.8327
687,BACE1,5.7493,4,APEX1,False,0.9675,1.1387,1.1715,1.2062,0.79,0.8327
687,SEC23B,5.7493,4,APEX1,False,0.9675,1.1387,1.1715,1.2062,0.79,0.8327
687,PADI4,5.1799,7,APEX1,False,0.9675,1.1387,1.1715,1.2062,0.79,0.8327
687,HADHB,5.1799,7,APEX1,False,0.9675,1.1387,1.1715,1.2062,0.79,0.8327
687,RFC4,5.1799,7,APEX1,False,0.9675,1.1387,1.1715,1.2062,0.79,0.8327
687,SF3B3,5.1799,7,APEX1,False,0.9675,1.1387,1.1715,1.2062,0.79,0.8327
687,PERP,4.7636,11,APEX1,False,0.9675,1.1387,1.1715,1.2062,0.79,0.8327
687,PRDX2,2.7575,12,APEX1,False,0.9675,1.1387,1.1715,1.2062,0.79,0.8327
687,KDM1A,0.79,13,APEX1,False,0.9675,1.1387,1.1715,1.2062,0.79,0.8327
688,APEX1,8.2358,1,APEX1,True,0.9002,1.0338,0.7906,0.8528,0.8205,0.9475
688,TNFRSF10C,5.8018,2,APEX1,False,0.9002,1.0338,0.7906,0.8528,0.8205,0.9475
688,ARID5B,5.8018,2,APEX1,False,0.9002,1.0338,0.7906,0.8528,0.8205,0.9475
688,DHFR,5.2849,4,APEX1,False,0.9002,1.0338,0.7906,0.8528,0.8205,0.9475
688,BACE1,5.2849,4,APEX1,False,0.9002,1.0338,0.7906,0.8528,0.8205,0.9475
688,SEC23B,5.2849,4,APEX1,False,0.9002,1.0338,0.7906,0.8528,0.8205,0.9475
688,PADI4,4.768,7,APEX1,False,0.9002,1.0338,0.7906,0.8528,0.8205,0.9475
688,HADHB,4.768,7,APEX1,False,0.9002,1.0338,0.7906,0.8528,0.8205,0.9475
688,RFC4,4.768,7,APEX1,False,0.9002,1.0338,0.7906,0.8528,0.8205,0.9475
688,SF3B3,4.768,7,APEX1,False,0.9002,1.0338,0.7906,0.8528,0.8205,0.9475
688,PERP,4.2943,11,APEX1,False,0.9002,1.0338,0.7906,0.8528,0.8205,0.9475
688,PRDX2,2.0935,12,APEX1,False,0.9002,1.0338,0.7906,0.8528,0.8205,0.9475
688,KDM1A,0.8205,13,APEX1,False,0.9002,1.0338,0.7906,0.8528,0.8205,0.9475
689,APEX1,8.1982,1,APEX1,True,0.8955,0.9327,0.9527,0.8083,1.109,0.9605
689,TNFRSF10C,5.4845,2,APEX1,False,0.8955,0.9327,0.9527,0.8083,1.109,0.9605
689,ARID5B,5.4845,2,APEX1,False,0.8955,0.9327,0.9527,0.8083,1.109,0.9605
689,DHFR,5.0181,4,APEX1,False,0.8955,0.9327,0.9527,0.8083,1.109,0.9605
689,BACE1,5.0181,4,APEX1,False,0.8955,0.9327,0.9527,0.8083,1.109,0.9605
689,SEC23B,5.0181,4,APEX1,False,0.8955,0.9327,0.9527,0.8083,1.109,0.9605
689,PADI4,4.5518,7,APEX1,False,0.8955,0.9327,0.9527,0.8083,1.109,0.9605
689,HADHB,4.5518,7,APEX1,False,0.8955,0.9327,0.9527,0.8083,1.109,0.9605
689,RFC4,4.5518,7,APEX1,False,0.8955,0.9327,0.9527,0.8083,1.109,0.9605
689,SF3B3,4.5518,7,APEX1,False,0.8955,0.9327,0.9527,0.8083,1.109,0.9605
689,PERP,4.0716,11,APEX1,False,0.8955,0.9327,0.9527,0.8083,1.109,0.9605
689,PRDX2,2.2309,12,APEX1,False,0.8955,0.9327,0.9527,0.8083,1.109,0.9605
689,KDM1A,1.109,13,APEX1,False,0.8955,0.9327,0.9527,0.8083,1.109,0.9605
690,APEX1,9.5338,1,APEX1,True,1.0036,1.2463,0.9905,0.8031,0.7991,1.1367
690,TNFRSF10C,6.7496,2,APEX1,False,1.0036,1.2463,0.9905,0.8031,0.7991,1.1367
690,ARID5B,6.7496,2,APEX1,False,1.0036,1.2463,0.9905,0.8031,0.7991,1.1367
690,DHFR,6.1264,4,APEX1,False,1.0036,1.2463,0.9905,0.8031,0.7991,1.1367
690,BACE1,6.1264,4,APEX1,False,1.0036,1.2463,0.9905,0.8031,0.7991,1.1367
690,SEC23B,6.1264,4,APEX1,False,1.0036,1.2463,0.9905,0.8031,0.7991,1.1367
690,PADI4,5.5033,7,APEX1,False,1.0036,1.2463,0.9905,0.8031,0.7991,1.1367
690,HADHB,5.5033,7,APEX1,False,1.0036,1.2463,0.9905,0.8031,0.7991,1.1367
690,RFC4,5.5033,7,APEX1,False,1.0036,1.2463,0.9905,0.8031,0.7991,1.1367
690,SF3B3,5.5033,7,APEX1,False,1.0036,1.2463,0.9905,0.8031,0.7991,1.1367
690,PERP,4.935,11,APEX1,False,1.0036,1.2463,0.9905,0.8031,0.7991,1.1367
690,PRDX2,2.3629,12,APEX1,False,1.0036,1.2463,0.9905,0.8031,0.7991,1.1367
690,KDM1A,0.7991,13,APEX1,False,1.0036,1.2463,0.9905,0.8031,0.7991,1.1367
691,APEX1,9.3819,1,APEX1,True,0.9098,1.2389,0.8521,1.2318,0.8095,0.8376
691,TNFRSF10C,6.446,2,APEX1,False,0.9098,1.2389,0.8521,1.2318,0.8095,0.8376
691,ARID5B,6.446,2,APEX1,False,0.9098,1.2389,0.8521,1.2318,0.8095,0.8376
691,DHFR,5.8266,4,APEX1,False,0.9098,1.2389,0.8521,1.2318,0.8095,0.8376
691,BACE1,5.8266,4,APEX1,False,0.9098,1.2389,0.8521,1.2318,0.8095,0.8376
691,SEC23B,5.8266,4,APEX1,False,0.9098,1.2389,0.8521,1.2318,0.8095,0.8376
691,PADI4,5.2071,7,APEX1,False,0.9098,1.2389,0.8521,1.2318,0.8095,0.8376
691,HADHB,5.2071,7,APEX1,False,0.9098,1.2389,0.8521,1.2318,0.8095,0.8376
691,RFC4,5.2071,7,APEX1,False,0.9098,1.2389,0.8521,1.2318,0.8095,0.8376
691,SF3B3,5.2071,7,APEX1,False,0.9098,1.2389,0.8521,1.2318,0.8095,0.8376
691,PERP,4.7883,11,APEX1,False,0.9098,1.2389,0.8521,1.2318,0.8095,0.8376
691,PRDX2,2.289,12,APEX1,False,0.9098,1.2389,0.8521,1.2318,0.8095,0.8376
691,KDM1A,0.8095,13,APEX1,False,0.9098,1.2389,0.8521,1.2318,0.8095,0.8376
692,APEX1,8.5563,1,APEX1,True,0.78,1.0516,0.9192,1.2231,0.8024,1.1699
692,TNFRSF10C,5.4948,2,APEX1,False,0.78,1.0516,0.9192,1.2231,0.8024,1.1699
692,ARID5B,5.4948,2,APEX1,False,0.78,1.0516,0.9192,1.2231,0.8024,1.1699
692,DHFR,4.969,4,APEX1,False,0.78,1.0516,0.9192,1.2231,0.8024,1.1699
692,BACE1,4.969,4,APEX1,False,0.78,1.0516,0.9192,1.2231,0.8024,1.1699
692,SEC23B,4.969,4,APEX1,False,0.78,1.0516,0.9192,1.2231,0.8024,1.1699
692,PADI4,4.4432,7,APEX1,False,0.78,1.0516,0.9192,1.2231,0.8024,1.1699
692,HADHB,4.4432,7,APEX1,False,0.78,1.0516,0.9192,1.2231,0.8024,1.1699
692,RFC4,4.4432,7,APEX1,False,0.78,1.0516,0.9192,1.2231,0.8024,1.1699
692,SF3B3,4.4432,7,APEX1,False,0.78,1.0516,0.9192,1.2231,0.8024,1.1699
692,PERP,3.8583,11,APEX1,False,0.78,1.0516,0.9192,1.2231,0.8024,1.1699
692,PRDX2,1.6995,12,APEX1,False,0.78,1.0516,0.9192,1.2231,0.8024,1.1699
692,KDM1A,0.8024,13,APEX1,False,0.78,1.0516,0.9192,1.2231,0.8024,1.1699
693,APEX1,9.934,1,APEX1,True,0.9931,1.1485,1.2042,1.1006,1.0957,0.7637
693,TNFRSF10C,6.4249,2,APEX1,False,0.9931,1.1485,1.2042,1.1006,1.0957,0.7637
693,ARID5B,6.4249,2,APEX1,False,0.9931,1.1485,1.2042,1.1006,1.0957,0.7637
693,DHFR,5.8507,4,APEX1,False,0.9931,1.1485,1.2042,1.1006,1.0957,0.7637
693,BACE1,5.8507,4,APEX1,False,0.9931,1.1485,1.2042,1.1006,1.0957,0.7637
693,SEC23B,5.8507,4,APEX1,False,0.9931,1.1485,1.2042,1.1006,1.0957,0.7637
693,PADI4,5.2764,7,APEX1,False,0.9931,1.1485,1.2042,1.1006,1.0957,0.7637
693,HADHB,5.2764,7,APEX1,False,0.9931,1.1485,1.2042,1.1006,1.0957,0.7637
693,RFC4,5.2764,7,APEX1,False,0.9931,1.1485,1.2042,1.1006,1.0957,0.7637
693,SF3B3,5.2764,7,APEX1,False,0.9931,1.1485,1.2042,1.1006,1.0957,0.7637
693,PERP,4.8946,11,APEX1,False,0.9931,1.1485,1.2042,1.1006,1.0957,0.7637
693,PRDX2,2.9233,12,APEX1,False,0.9931,1.1485,1.2042,1.1006,1.0957,0.7637
693,KDM1A,1.0957,13,APEX1,False,0.9931,1.1485,1.2042,1.1006,1.0957,0.7637
694,APEX1,9.1701,1,APEX1,True,0.9741,1.0249,1.1619,0.8493,1.112,1.0666
694,TNFRSF10C,5.9969,2,APEX1,False,0.9741,1.0249,1.1619,0.8493,1.112,1.0666
694,ARID5B,5.9969,2,APEX1,False,0.9741,1.0249,1.1619,0.8493,1.112,1.0666
694,DHFR,5.4845,4,APEX1,False,0.9741,1.0249,1.1619,0.8493,1.112,1.0666
694,BACE1,5.4845,4,APEX1,False,0.9741,1.0249,1.1619,0.8493,1.112,1.0666
694,SEC23B,5.4845,4,APEX1,False,0.9741,1.0249,1.1619,0.8493,1.112,1.0666
694,PADI4,4.9721,7,APEX1,False,0.9741,1.0249,1.1619,0.8493,1.112,1.0666
694,HADHB,4.9721,7,APEX1,False,0.9741,1.0249,1.1619,0.8493,1.112,1.0666
694,RFC4,4.9721,7,APEX1,False,0.9741,1.0249,1.1619,0.8493,1.112,1.0666
694,SF3B3,4.9721,7,APEX1,False,0.9741,1.0249,1.1619,0.8493,1.112,1.0666
694,PERP,4.4388,11,APEX1,False,0.9741,1.0249,1.1619,0.8493,1.112,1.0666
694,PRDX2,2.5306,12,APEX1,False,0.9741,1.0249,1.1619,0.8493,1.112,1.0666
694,KDM1A,1.112,13,APEX1,False,0.9741,1.0249,1.1619,0.8493,1.112,1.0666
695,APEX1,8.6245,1,APEX1,True,1.0849,0.8626,0.9317,0.9187,0.9497,1.0429
695,TNFRSF10C,5.8425,2,APEX1,False,1.0849,0.8626,0.9317,0.9187,0.9497,1.0429
695,ARID5B,5.8425,2,APEX1,False,1.0849,0.8626,0.9317,0.9187,0.9497,1.0429
695,DHFR,5.4112,4,APEX1,False,1.0849,0.8626,0.9317,0.9187,0.9497,1.0429
695,BACE1,5.4112,4,APEX1,False,1.0849,0.8626,0.9317,0.9187,0.9497,1.0429
695,SEC23B,5.4112,4,APEX1,False,1.0849,0.8626,0.9317,0.9187,0.9497,1.0429
695,PADI4,4.9799,7,APEX1,False,1.0849,0.8626,0.9317,0.9187,0.9497,1.0429
695,HADHB,4.9799,7,APEX1,False,1.0849,0.8626,0.9317,0.9187,0.9497,1.0429
695,RFC4,4.9799,7,APEX1,False,1.0849,0.8626,0.9317,0.9187,0.9497,1.0429
695,SF3B3,4.9799,7,APEX1,False,1.0849,0.8626,0.9317,0.9187,0.9497,1.0429
695,PERP,4.4585,11,APEX1,False,1.0849,0.8626,0.9317,0.9187,0.9497,1.0429
695,PRDX2,2.6011,12,APEX1,False,1.0849,0.8626,0.9317,0.9187,0.9497,1.0429
695,KDM1A,0.9497,13,APEX1,False,1.0849,0.8626,0.9317,0.9187,0.9497,1.0429
696,APEX1,9.8848,1,APEX1,True,1.1556,1.2206,0.935,0.8859,0.8464,1.0675
696,TNFRSF10C,7.1288,2,APEX1,False,1.1556,1.2206,0.935,0.8859,0.8464,1.0675
696,ARID5B,7.1288,2,APEX1,False,1.1556,1.2206,0.935,0.8859,0.8464,1.0675
696,DHFR,6.5185,4,APEX1,False,1.1556,1.2206,0.935,0.8859,0.8464,1.0675
696,BACE1,6.5185,4,APEX1,False,1.1556,1.2206,0.935,0.8859,0.8464,1.0675
696,SEC23B,6.5185,4,APEX1,False,1.1556,1.2206,0.935,0.8859,0.8464,1.0675
696,PADI4,5.9082,7,APEX1,False,1.1556,1.2206,0.935,0.8859,0.8464,1.0675
696,HADHB,5.9082,7,APEX1,False,1.1556,1.2206,0.935,0.8859,0.8464,1.0675
696,RFC4,5.9082,7,APEX1,False,1.1556,1.2206,0.935,0.8859,0.8464,1.0675
696,SF3B3,5.9082,7,APEX1,False,1.1556,1.2206,0.935,0.8859,0.8464,1.0675
696,PERP,5.3744,11,APEX1,False,1.1556,1.2206,0.935,0.8859,0.8464,1.0675
696,PRDX2,2.7566,12,APEX1,False,1.1556,1.2206,0.935,0.8859,0.8464,1.0675
696,KDM1A,0.8464,13,APEX1,False,1.1556,1.2206,0.935,0.8859,0.8464,1.0675
697,APEX1,10.0342,1,APEX1,True,0.9309,1.2354,1.2412,1.0526,0.937,0.924
697,TNFRSF10C,6.4991,2,APEX1,False,0.9309,1.2354,1.2412,1.0526,0.937,0.924
697,ARID5B,6.4991,2,APEX1,False,0.9309,1.2354,1.2412,1.0526,0.937,0.924
697,DHFR,5.8814,4,APEX1,False,0.9309,1.2354,1.2412,1.0526,0.937,0.924
697,BACE1,5.8814,4,APEX1,False,0.9309,1.2354,1.2412,1.0526,0.937,0.924
697,SEC23B,5.8814,4,APEX1,False,0.9309,1.2354,1.2412,1.0526,0.937,0.924
697,PADI4,5.2637,7,APEX1,False,0.9309,1.2354,1.2412,1.0526,0.937,0.924
697,HADHB,5.2637,7,APEX1,False,0.9309,1.2354,1.2412,1.0526,0.937,0.924
697,RFC4,5.2637,7,APEX1,False,0.9309,1.2354,1.2412,1.0526,0.937,0.924
697,SF3B3,5.2637,7,APEX1,False,0.9309,1.2354,1.2412,1.0526,0.937,0.924
697,PERP,4.8017,11,APEX1,False,0.9309,1.2354,1.2412,1.0526,0.937,0.924
697,PRDX2,2.6446,12,APEX1,False,0.9309,1.2354,1.2412,1.0526,0.937,0.924
697,KDM1A,0.937,13,APEX1,False,0.9309,1.2354,1.2412,1.0526,0.937,0.924
698,APEX1,9.4752,1,APEX1,True,1.2271,1.0175,0.9334,0.8744,1.1261,1.1827
698,TNFRSF10C,6.7339,2,APEX1,False,1.2271,1.0175,0.9334,0.8744,1.1261,1.1827
698,ARID5B,6.7339,2,APEX1,False,1.2271,1.0175,0.9334,0.8744,1.1261,1.1827
698,DHFR,6.2251,4,APEX1,False,1.2271,1.0175,0.9334,0.8744,1.1261,1.1827
698,BACE1,6.2251,4,APEX1,False,1.2271,1.0175,0.9334,0.8744,1.1261,1.1827
698,SEC23B,6.2251,4,APEX1,False,1.2271,1.0175,0.9334,0.8744,1.1261,1.1827
698,PADI4,5.7164,7,APEX1,False,1.2271,1.0175,0.9334,0.8744,1.1261,1.1827
698,HADHB,5.7164,7,APEX1,False,1.2271,1.0175,0.9334,0.8744,1.1261,1.1827
698,RFC4,5.7164,7,APEX1,False,1.2271,1.0175,0.9334,0.8744,1.1261,1.1827
698,SF3B3,5.7164,7,APEX1,False,1.2271,1.0175,0.9334,0.8744,1.1261,1.1827
698,PERP,5.125,11,APEX1,False,1.2271,1.0175,0.9334,0.8744,1.1261,1.1827
698,PRDX2,2.8185,12,APEX1,False,1.2271,1.0175,0.9334,0.8744,1.1261,1.1827
698,KDM1A,1.1261,13,APEX1,False,1.2271,1.0175,0.9334,0.8744,1.1261,1.1827
699,APEX1,8.4666,1,APEX1,True,1.2159,0.7548,0.8898,0.7747,1.0799,1.1867
699,TNFRSF10C,5.9123,2,APEX1,False,1.2159,0.7548,0.8898,0.7747,1.0799,1.1867
699,ARID5B,5.9123,2,APEX1,False,1.2159,0.7548,0.8898,0.7747,1.0799,1.1867
699,DHFR,5.5349,4,APEX1,False,1.2159,0.7548,0.8898,0.7747,1.0799,1.1867
699,BACE1,5.5349,4,APEX1,False,1.2159,0.7548,0.8898,0.7747,1.0799,1.1867
699,SEC23B,5.5349,4,APEX1,False,1.2159,0.7548,0.8898,0.7747,1.0799,1.1867
699,PADI4,5.1575,7,APEX1,False,1.2159,0.7548,0.8898,0.7747,1.0799,1.1867
699,HADHB,5.1575,7,APEX1,False,1.2159,0.7548,0.8898,0.7747,1.0799,1.1867
699,RFC4,5.1575,7,APEX1,False,1.2159,0.7548,0.8898,0.7747,1.0799,1.1867
699,SF3B3,5.1575,7,APEX1,False,1.2159,0.7548,0.8898,0.7747,1.0799,1.1867
699,PERP,4.5641,11,APEX1,False,1.2159,0.7548,0.8898,0.7747,1.0799,1.1867
699,PRDX2,2.7429,12,APEX1,False,1.2159,0.7548,0.8898,0.7747,1.0799,1.1867
699,KDM1A,1.0799,13,APEX1,False,1.2159,0.7548,0.8898,0.7747,1.0799,1.1867
700,APEX1,8.4392,1,APEX1,True,1.018,0.976,0.7847,0.8878,0.977,1.0463
700,TNFRSF10C,5.9819,2,APEX1,False,1.018,0.976,0.7847,0.8878,0.977,1.0463
700,ARID5B,5.9819,2,APEX1,False,1.018,0.976,0.7847,0.8878,0.977,1.0463
700,DHFR,5.4939,4,APEX1,False,1.018,0.976,0.7847,0.8878,0.977,1.0463
700,BACE1,5.4939,4,APEX1,False,1.018,0.976,0.7847,0.8878,0.977,1.0463
700,SEC23B,5.4939,4,APEX1,False,1.018,0.976,0.7847,0.8878,0.977,1.0463
700,PADI4,5.0059,7,APEX1,False,1.018,0.976,0.7847,0.8878,0.977,1.0463
700,HADHB,5.0059,7,APEX1,False,1.018,0.976,0.7847,0.8878,0.977,1.0463
700,RFC4,5.0059,7,APEX1,False,1.018,0.976,0.7847,0.8878,0.977,1.0463
700,SF3B3,5.0059,7,APEX1,False,1.018,0.976,0.7847,0.8878,0.977,1.0463
700,PERP,4.4828,11,APEX1,False,1.018,0.976,0.7847,0.8878,0.977,1.0463
700,PRDX2,2.2834,12,APEX1,False,1.018,0.976,0.7847,0.8878,0.977,1.0463
700,KDM1A,0.977,13,APEX1,False,1.018,0.976,0.7847,0.8878,0.977,1.0463
701,APEX1,8.5013,1,APEX1,True,0.7942,0.9199,1.1055,1.148,1.1136,1.2039
701,TNFRSF10C,5.1423,2,APEX1,False,0.7942,0.9199,1.1055,1.148,1.1136,1.2039
701,ARID5B,5.1423,2,APEX1,False,0.7942,0.9199,1.1055,1.148,1.1136,1.2039
701,DHFR,4.6823,4,APEX1,False,0.7942,0.9199,1.1055,1.148,1.1136,1.2039
701,BACE1,4.6823,4,APEX1,False,0.7942,0.9199,1.1055,1.148,1.1136,1.2039
701,SEC23B,4.6823,4,APEX1,False,0.7942,0.9199,1.1055,1.148,1.1136,1.2039
701,PADI4,4.2224,7,APEX1,False,0.7942,0.9199,1.1055,1.148,1.1136,1.2039
701,HADHB,4.2224,7,APEX1,False,0.7942,0.9199,1.1055,1.148,1.1136,1.2039
701,RFC4,4.2224,7,APEX1,False,0.7942,0.9199,1.1055,1.148,1.1136,1.2039
701,SF3B3,4.2224,7,APEX1,False,0.7942,0.9199,1.1055,1.148,1.1136,1.2039
701,PERP,3.6204,11,APEX1,False,0.7942,0.9199,1.1055,1.148,1.1136,1.2039
701,PRDX2,1.887,12,APEX1,False,0.7942,0.9199,1.1055,1.148,1.1136,1.2039
701,KDM1A,1.1136,13,APEX1,False,0.7942,0.9199,1.1055,1.148,1.1136,1.2039
702,APEX1,8.7248,1,APEX1,True,0.7629,1.0797,1.1911,0.8148,1.1678,0.8903
702,TNFRSF10C,5.5278,2,APEX1,False,0.7629,1.0797,1.1911,0.8148,1.1678,0.8903
702,ARID5B,5.5278,2,APEX1,False,0.7629,1.0797,1.1911,0.8148,1.1678,0.8903
702,DHFR,4.988,4,APEX1,False,0.7629,1.0797,1.1911,0.8148,1.1678,0.8903
702,BACE1,4.988,4,APEX1,False,0.7629,1.0797,1.1911,0.8148,1.1678,0.8903
702,SEC23B,4.988,4,APEX1,False,0.7629,1.0797,1.1911,0.8148,1.1678,0.8903
702,PADI4,4.4481,7,APEX1,False,0.7629,1.0797,1.1911,0.8148,1.1678,0.8903
702,HADHB,4.4481,7,APEX1,False,0.7629,1.0797,1.1911,0.8148,1.1678,0.8903
702,RFC4,4.4481,7,APEX1,False,0.7629,1.0797,1.1911,0.8148,1.1678,0.8903
702,SF3B3,4.4481,7,APEX1,False,0.7629,1.0797,1.1911,0.8148,1.1678,0.8903
702,PERP,4.0029,11,APEX1,False,0.7629,1.0797,1.1911,0.8148,1.1678,0.8903
702,PRDX2,2.208,12,APEX1,False,0.7629,1.0797,1.1911,0.8148,1.1678,0.8903
702,KDM1A,1.1678,13,APEX1,False,0.7629,1.0797,1.1911,0.8148,1.1678,0.8903
703,APEX1,8.819,1,APEX1,True,0.981,1.0948,0.8748,0.8422,0.8775,0.9079
703,TNFRSF10C,6.2272,2,APEX1,False,0.981,1.0948,0.8748,0.8422,0.8775,0.9079
703,ARID5B,6.2272,2,APEX1,False,0.981,1.0948,0.8748,0.8422,0.8775,0.9079
703,DHFR,5.6799,4,APEX1,False,0.981,1.0948,0.8748,0.8422,0.8775,0.9079
703,BACE1,5.6799,4,APEX1,False,0.981,1.0948,0.8748,0.8422,0.8775,0.9079
703,SEC23B,5.6799,4,APEX1,False,0.981,1.0948,0.8748,0.8422,0.8775,0.9079
703,PADI4,5.1325,7,APEX1,False,0.981,1.0948,0.8748,0.8422,0.8775,0.9079
703,HADHB,5.1325,7,APEX1,False,0.981,1.0948,0.8748,0.8422,0.8775,0.9079
703,RFC4,5.1325,7,APEX1,False,0.981,1.0948,0.8748,0.8422,0.8775,0.9079
703,SF3B3,5.1325,7,APEX1,False,0.981,1.0948,0.8748,0.8422,0.8775,0.9079
703,PERP,4.6785,11,APEX1,False,0.981,1.0948,0.8748,0.8422,0.8775,0.9079
703,PRDX2,2.4193,12,APEX1,False,0.981,1.0948,0.8748,0.8422,0.8775,0.9079
703,KDM1A,0.8775,13,APEX1,False,0.981,1.0948,0.8748,0.8422,0.8775,0.9079
704,APEX1,8.2203,1,APEX1,True,0.8652,0.8814,1.033,0.9144,1.0869,1.0009
704,TNFRSF10C,5.24,2,APEX1,False,0.8652,0.8814,1.033,0.9144,1.0869,1.0009
704,ARID5B,5.24,2,APEX1,False,0.8652,0.8814,1.033,0.9144,1.0869,1.0009
704,DHFR,4.7992,4,APEX1,False,0.8652,0.8814,1.033,0.9144,1.0869,1.0009
704,BACE1,4.7992,4,APEX1,False,0.8652,0.8814,1.033,0.9144,1.0869,1.0009
704,SEC23B,4.7992,4,APEX1,False,0.8652,0.8814,1.033,0.9144,1.0869,1.0009
704,PADI4,4.3585,7,APEX1,False,0.8652,0.8814,1.033,0.9144,1.0869,1.0009
704,HADHB,4.3585,7,APEX1,False,0.8652,0.8814,1.033,0.9144,1.0869,1.0009
704,RFC4,4.3585,7,APEX1,False,0.8652,0.8814,1.033,0.9144,1.0869,1.0009
704,SF3B3,4.3585,7,APEX1,False,0.8652,0.8814,1.033,0.9144,1.0869,1.0009
704,PERP,3.8581,11,APEX1,False,0.8652,0.8814,1.033,0.9144,1.0869,1.0009
704,PRDX2,2.1951,12,APEX1,False,0.8652,0.8814,1.033,0.9144,1.0869,1.0009
704,KDM1A,1.0869,13,APEX1,False,0.8652,0.8814,1.033,0.9144,1.0869,1.0009
705,APEX1,9.2345,1,APEX1,True,1.2365,0.9576,0.8166,1.019,1.0689,0.7654
705,TNFRSF10C,6.5824,2,APEX1,False,1.2365,0.9576,0.8166,1.019,1.0689,0.7654
705,ARID5B,6.5824,2,APEX1,False,1.2365,0.9576,0.8166,1.019,1.0689,0.7654
705,DHFR,6.1036,4,APEX1,False,1.2365,0.9576,0.8166,1.019,1.0689,0.7654
705,BACE1,6.1036,4,APEX1,False,1.2365,0.9576,0.8166,1.019,1.0689,0.7654
705,SEC23B,6.1036,4,APEX1,False,1.2365,0.9576,0.8166,1.019,1.0689,0.7654
705,PADI4,5.6247,7,APEX1,False,1.2365,0.9576,0.8166,1.019,1.0689,0.7654
705,HADHB,5.6247,7,APEX1,False,1.2365,0.9576,0.8166,1.019,1.0689,0.7654
705,RFC4,5.6247,7,APEX1,False,1.2365,0.9576,0.8166,1.019,1.0689,0.7654
705,SF3B3,5.6247,7,APEX1,False,1.2365,0.9576,0.8166,1.019,1.0689,0.7654
705,PERP,5.242,11,APEX1,False,1.2365,0.9576,0.8166,1.019,1.0689,0.7654
705,PRDX2,3.1424,12,APEX1,False,1.2365,0.9576,0.8166,1.019,1.0689,0.7654
705,KDM1A,1.0689,13,APEX1,False,1.2365,0.9576,0.8166,1.019,1.0689,0.7654
706,APEX1,10.2084,1,APEX1,True,1.2293,0.9972,1.1573,1.2142,0.9026,0.9342
706,TNFRSF10C,6.6796,2,APEX1,False,1.2293,0.9972,1.1573,1.2142,0.9026,0.9342
706,ARID5B,6.6796,2,APEX1,False,1.2293,0.9972,1.1573,1.2142,0.9026,0.9342
706,DHFR,6.181,4,APEX1,False,1.2293,0.9972,1.1573,1.2142,0.9026,0.9342
706,BACE1,6.181,4,APEX1,False,1.2293,0.9972,1.1573,1.2142,0.9026,0.9342
706,SEC23B,6.181,4,APEX1,False,1.2293,0.9972,1.1573,1.2142,0.9026,0.9342
706,PADI4,5.6824,7,APEX1,False,1.2293,0.9972,1.1573,1.2142,0.9026,0.9342
706,HADHB,5.6824,7,APEX1,False,1.2293,0.9972,1.1573,1.2142,0.9026,0.9342
706,RFC4,5.6824,7,APEX1,False,1.2293,0.9972,1.1573,1.2142,0.9026,0.9342
706,SF3B3,5.6824,7,APEX1,False,1.2293,0.9972,1.1573,1.2142,0.9026,0.9342
706,PERP,5.2153,11,APEX1,False,1.2293,0.9972,1.1573,1.2142,0.9026,0.9342
706,PRDX2,3.2963,12,APEX1,False,1.2293,0.9972,1.1573,1.2142,0.9026,0.9342
706,KDM1A,0.9026,13,APEX1,False,1.2293,0.9972,1.1573,1.2142,0.9026,0.9342
707,APEX1,8.11,1,APEX1,True,0.816,0.782,1.1561,1.0041,0.9858,1.1129
707,TNFRSF10C,4.7937,2,APEX1,False,0.816,0.782,1.1561,1.0041,0.9858,1.1129
707,ARID5B,4.7937,2,APEX1,False,0.816,0.782,1.1561,1.0041,0.9858,1.1129
707,DHFR,4.4027,4,APEX1,False,0.816,0.782,1.1561,1.0041,0.9858,1.1129
707,BACE1,4.4027,4,APEX1,False,0.816,0.782,1.1561,1.0041,0.9858,1.1129
707,SEC23B,4.4027,4,APEX1,False,0.816,0.782,1.1561,1.0041,0.9858,1.1129
707,PADI4,4.0118,7,APEX1,False,0.816,0.782,1.1561,1.0041,0.9858,1.1129
707,HADHB,4.0118,7,APEX1,False,0.816,0.782,1.1561,1.0041,0.9858,1.1129
707,RFC4,4.0118,7,APEX1,False,0.816,0.782,1.1561,1.0041,0.9858,1.1129
707,SF3B3,4.0118,7,APEX1,False,0.816,0.782,1.1561,1.0041,0.9858,1.1129
707,PERP,3.4553,11,APEX1,False,0.816,0.782,1.1561,1.0041,0.9858,1.1129
707,PRDX2,2.0831,12,APEX1,False,0.816,0.782,1.1561,1.0041,0.9858,1.1129
707,KDM1A,0.9858,13,APEX1,False,0.816,0.782,1.1561,1.0041,0.9858,1.1129
708,APEX1,8.4048,1,APEX1,True,1.0304,0.7529,1.0554,0.9443,1.2486,0.9229
708,TNFRSF10C,5.3497,2,APEX1,False,1.0304,0.7529,1.0554,0.9443,1.2486,0.9229
708,ARID5B,5.3497,2,APEX1,False,1.0304,0.7529,1.0554,0.9443,1.2486,0.9229
708,DHFR,4.9733,4,APEX1,False,1.0304,0.7529,1.0554,0.9443,1.2486,0.9229
708,BACE1,4.9733,4,APEX1,False,1.0304,0.7529,1.0554,0.9443,1.2486,0.9229
708,SEC23B,4.9733,4,APEX1,False,1.0304,0.7529,1.0554,0.9443,1.2486,0.9229
708,PADI4,4.5969,7,APEX1,False,1.0304,0.7529,1.0554,0.9443,1.2486,0.9229
708,HADHB,4.5969,7,APEX1,False,1.0304,0.7529,1.0554,0.9443,1.2486,0.9229
708,RFC4,4.5969,7,APEX1,False,1.0304,0.7529,1.0554,0.9443,1.2486,0.9229
708,SF3B3,4.5969,7,APEX1,False,1.0304,0.7529,1.0554,0.9443,1.2486,0.9229
708,PERP,4.1354,11,APEX1,False,1.0304,0.7529,1.0554,0.9443,1.2486,0.9229
708,PRDX2,2.7083,12,APEX1,False,1.0304,0.7529,1.0554,0.9443,1.2486,0.9229
708,KDM1A,1.2486,13,APEX1,False,1.0304,0.7529,1.0554,0.9443,1.2486,0.9229
709,APEX1,10.238,1,APEX1,True,1.1464,1.1424,1.1702,1.0315,1.1293,0.7545
709,TNFRSF10C,6.8663,2,APEX1,False,1.1464,1.1424,1.1702,1.0315,1.1293,0.7545
709,ARID5B,6.8663,2,APEX1,False,1.1464,1.1424,1.1702,1.0315,1.1293,0.7545
709,DHFR,6.2951,4,APEX1,False,1.1464,1.1424,1.1702,1.0315,1.1293,0.7545
709,BACE1,6.2951,4,APEX1,False,1.1464,1.1424,1.1702,1.0315,1.1293,0.7545
709,SEC23B,6.2951,4,APEX1,False,1.1464,1.1424,1.1702,1.0315,1.1293,0.7545
709,PADI4,5.7239,7,APEX1,False,1.1464,1.1424,1.1702,1.0315,1.1293,0.7545
709,HADHB,5.7239,7,APEX1,False,1.1464,1.1424,1.1702,1.0315,1.1293,0.7545
709,RFC4,5.7239,7,APEX1,False,1.1464,1.1424,1.1702,1.0315,1.1293,0.7545
709,SF3B3,5.7239,7,APEX1,False,1.1464,1.1424,1.1702,1.0315,1.1293,0.7545
709,PERP,5.3466,11,APEX1,False,1.1464,1.1424,1.1702,1.0315,1.1293,0.7545
709,PRDX2,3.2816,12,APEX1,False,1.1464,1.1424,1.1702,1.0315,1.1293,0.7545
709,KDM1A,1.1293,13,APEX1,False,1.1464,1.1424,1.1702,1.0315,1.1293,0.7545
710,APEX1,8.5396,1,APEX1,True,0.796,1.0824,0.9436,1.0169,0.9206,1.2064
710,TNFRSF10C,5.6354,2,APEX1,False,0.796,1.0824,0.9436,1.0169,0.9206,1.2064
710,ARID5B,5.6354,2,APEX1,False,0.796,1.0824,0.9436,1.0169,0.9206,1.2064
710,DHFR,5.0942,4,APEX1,False,0.796,1.0824,0.9436,1.0169,0.9206,1.2064
710,BACE1,5.0942,4,APEX1,False,0.796,1.0824,0.9436,1.0169,0.9206,1.2064
710,SEC23B,5.0942,4,APEX1,False,0.796,1.0824,0.9436,1.0169,0.9206,1.2064
710,PADI4,4.553,7,APEX1,False,0.796,1.0824,0.9436,1.0169,0.9206,1.2064
710,HADHB,4.553,7,APEX1,False,0.796,1.0824,0.9436,1.0169,0.9206,1.2064
710,RFC4,4.553,7,APEX1,False,0.796,1.0824,0.9436,1.0169,0.9206,1.2064
710,SF3B3,4.553,7,APEX1,False,0.796,1.0824,0.9436,1.0169,0.9206,1.2064
710,PERP,3.9498,11,APEX1,False,0.796,1.0824,0.9436,1.0169,0.9206,1.2064
710,PRDX2,1.7274,12,APEX1,False,0.796,1.0824,0.9436,1.0169,0.9206,1.2064
710,KDM1A,0.9206,13,APEX1,False,0.796,1.0824,0.9436,1.0169,0.9206,1.2064
711,APEX1,8.9479,1,APEX1,True,1.1651,0.871,0.9371,0.9653,1.0792,0.8471
711,TNFRSF10C,6.1084,2,APEX1,False,1.1651,0.871,0.9371,0.9653,1.0792,0.8471
711,ARID5B,6.1084,2,APEX1,False,1.1651,0.871,0.9371,0.9653,1.0792,0.8471
711,DHFR,5.6729,4,APEX1,False,1.1651,0.871,0.9371,0.9653,1.0792,0.8471
711,BACE1,5.6729,4,APEX1,False,1.1651,0.871,0.9371,0.9653,1.0792,0.8471
711,SEC23B,5.6729,4,APEX1,False,1.1651,0.871,0.9371,0.9653,1.0792,0.8471
711,PADI4,5.2374,7,APEX1,False,1.1651,0.871,0.9371,0.9653,1.0792,0.8471
711,HADHB,5.2374,7,APEX1,False,1.1651,0.871,0.9371,0.9653,1.0792,0.8471
711,RFC4,5.2374,7,APEX1,False,1.1651,0.871,0.9371,0.9653,1.0792,0.8471
711,SF3B3,5.2374,7,APEX1,False,1.1651,0.871,0.9371,0.9653,1.0792,0.8471
711,PERP,4.8139,11,APEX1,False,1.1651,0.871,0.9371,0.9653,1.0792,0.8471
711,PRDX2,3.0029,12,APEX1,False,1.1651,0.871,0.9371,0.9653,1.0792,0.8471
711,KDM1A,1.0792,13,APEX1,False,1.1651,0.871,0.9371,0.9653,1.0792,0.8471
712,APEX1,10.1348,1,APEX1,True,1.1208,1.0823,1.2217,1.0819,0.8506,1.0797
712,TNFRSF10C,6.6095,2,APEX1,False,1.1208,1.0823,1.2217,1.0819,0.8506,1.0797
712,ARID5B,6.6095,2,APEX1,False,1.1208,1.0823,1.2217,1.0819,0.8506,1.0797
712,DHFR,6.0683,4,APEX1,False,1.1208,1.0823,1.2217,1.0819,0.8506,1.0797
712,BACE1,6.0683,4,APEX1,False,1.1208,1.0823,1.2217,1.0819,0.8506,1.0797
712,SEC23B,6.0683,4,APEX1,False,1.1208,1.0823,1.2217,1.0819,0.8506,1.0797
712,PADI4,5.5271,7,APEX1,False,1.1208,1.0823,1.2217,1.0819,0.8506,1.0797
712,HADHB,5.5271,7,APEX1,False,1.1208,1.0823,1.2217,1.0819,0.8506,1.0797
712,RFC4,5.5271,7,APEX1,False,1.1208,1.0823,1.2217,1.0819,0.8506,1.0797
712,SF3B3,5.5271,7,APEX1,False,1.1208,1.0823,1.2217,1.0819,0.8506,1.0797
712,PERP,4.9873,11,APEX1,False,1.1208,1.0823,1.2217,1.0819,0.8506,1.0797
712,PRDX2,2.9441,12,APEX1,False,1.1208,1.0823,1.2217,1.0819,0.8506,1.0797
712,KDM1A,0.8506,13,APEX1,False,1.1208,1.0823,1.2217,1.0819,0.8506,1.0797
713,APEX1,8.6831,1,APEX1,True,0.7956,1.0912,1.0238,0.9751,0.8195,1.1518
713,TNFRSF10C,5.6604,2,APEX1,False,0.7956,1.0912,1.0238,0.9751,0.8195,1.1518
713,ARID5B,5.6604,2,APEX1,False,0.7956,1.0912,1.0238,0.9751,0.8195,1.1518
713,DHFR,5.1148,4,APEX1,False,0.7956,1.0912,1.0238,0.9751,0.8195,1.1518
713,BACE1,5.1148,4,APEX1,False,0.7956,1.0912,1.0238,0.9751,0.8195,1.1518
713,SEC23B,5.1148,4,APEX1,False,0.7956,1.0912,1.0238,0.9751,0.8195,1.1518
713,PADI4,4.5692,7,APEX1,False,0.7956,1.0912,1.0238,0.9751,0.8195,1.1518
713,HADHB,4.5692,7,APEX1,False,0.7956,1.0912,1.0238,0.9751,0.8195,1.1518
713,RFC4,4.5692,7,APEX1,False,0.7956,1.0912,1.0238,0.9751,0.8195,1.1518
713,SF3B3,4.5692,7,APEX1,False,0.7956,1.0912,1.0238,0.9751,0.8195,1.1518
713,PERP,3.9933,11,APEX1,False,0.7956,1.0912,1.0238,0.9751,0.8195,1.1518
713,PRDX2,1.861,12,APEX1,False,0.7956,1.0912,1.0238,0.9751,0.8195,1.1518
713,KDM1A,0.8195,13,APEX1,False,0.7956,1.0912,1.0238,0.9751,0.8195,1.1518
714,APEX1,9.407,1,APEX1,True,0.8716,1.091,1.1349,1.2492,1.1712,0.8876
714,TNFRSF10C,5.888,2,APEX1,False,0.8716,1.091,1.1349,1.2492,1.1712,0.8876
714,ARID5B,5.888,2,APEX1,False,0.8716,1.091,1.1349,1.2492,1.1712,0.8876
714,DHFR,5.3425,4,APEX1,False,0.8716,1.091,1.1349,1.2492,1.1712,0.8876
714,BACE1,5.3425,4,APEX1,False,0.8716,1.091,1.1349,1.2492,1.1712,0.8876
714,SEC23B,5.3425,4,APEX1,False,0.8716,1.091,1.1349,1.2492,1.1712,0.8876
714,PADI4,4.797,7,APEX1,False,0.8716,1.091,1.1349,1.2492,1.1712,0.8876
714,HADHB,4.797,7,APEX1,False,0.8716,1.091,1.1349,1.2492,1.1712,0.8876
714,RFC4,4.797,7,APEX1,False,0.8716,1.091,1.1349,1.2492,1.1712,0.8876
714,SF3B3,4.797,7,APEX1,False,0.8716,1.091,1.1349,1.2492,1.1712,0.8876
714,PERP,4.3532,11,APEX1,False,0.8716,1.091,1.1349,1.2492,1.1712,0.8876
714,PRDX2,2.4263,12,APEX1,False,0.8716,1.091,1.1349,1.2492,1.1712,0.8876
714,KDM1A,1.1712,13,APEX1,False,0.8716,1.091,1.1349,1.2492,1.1712,0.8876
715,APEX1,8.0596,1,APEX1,True,0.8193,0.7917,1.0614,1.1039,1.1809,1.1138
715,TNFRSF10C,4.833,2,APEX1,False,0.8193,0.7917,1.0614,1.1039,1.1809,1.1138
715,ARID5B,4.833,2,APEX1,False,0.8193,0.7917,1.0614,1.1039,1.1809,1.1138
715,DHFR,4.4371,4,APEX1,False,0.8193,0.7917,1.0614,1.1039,1.1809,1.1138
715,BACE1,4.4371,4,APEX1,False,0.8193,0.7917,1.0614,1.1039,1.1809,1.1138
715,SEC23B,4.4371,4,APEX1,False,0.8193,0.7917,1.0614,1.1039,1.1809,1.1138
715,PADI4,4.0412,7,APEX1,False,0.8193,0.7917,1.0614,1.1039,1.1809,1.1138
715,HADHB,4.0412,7,APEX1,False,0.8193,0.7917,1.0614,1.1039,1.1809,1.1138
715,RFC4,4.0412,7,APEX1,False,0.8193,0.7917,1.0614,1.1039,1.1809,1.1138
715,SF3B3,4.0412,7,APEX1,False,0.8193,0.7917,1.0614,1.1039,1.1809,1.1138
715,PERP,3.4843,11,APEX1,False,0.8193,0.7917,1.0614,1.1039,1.1809,1.1138
715,PRDX2,1.9957,12,APEX1,False,0.8193,0.7917,1.0614,1.1039,1.1809,1.1138
715,KDM1A,1.1809,13,APEX1,False,0.8193,0.7917,1.0614,1.1039,1.1809,1.1138
716,APEX1,8.8056,1,APEX1,True,1.0267,0.8949,0.9303,1.1804,0.9093,0.7621
716,TNFRSF10C,5.7646,2,APEX1,False,1.0267,0.8949,0.9303,1.1804,0.9093,0.7621
716,ARID5B,5.7646,2,APEX1,False,1.0267,0.8949,0.9303,1.1804,0.9093,0.7621
716,DHFR,5.3172,4,APEX1,False,1.0267,0.8949,0.9303,1.1804,0.9093,0.7621
716,BACE1,5.3172,4,APEX1,False,1.0267,0.8949,0.9303,1.1804,0.9093,0.7621
716,SEC23B,5.3172,4,APEX1,False,1.0267,0.8949,0.9303,1.1804,0.9093,0.7621
716,PADI4,4.8697,7,APEX1,False,1.0267,0.8949,0.9303,1.1804,0.9093,0.7621
716,HADHB,4.8697,7,APEX1,False,1.0267,0.8949,0.9303,1.1804,0.9093,0.7621
716,RFC4,4.8697,7,APEX1,False,1.0267,0.8949,0.9303,1.1804,0.9093,0.7621
716,SF3B3,4.8697,7,APEX1,False,1.0267,0.8949,0.9303,1.1804,0.9093,0.7621
716,PERP,4.4887,11,APEX1,False,1.0267,0.8949,0.9303,1.1804,0.9093,0.7621
716,PRDX2,2.7348,12,APEX1,False,1.0267,0.8949,0.9303,1.1804,0.9093,0.7621
716,KDM1A,0.9093,13,APEX1,False,1.0267,0.8949,0.9303,1.1804,0.9093,0.7621
717,APEX1,8.7037,1,APEX1,True,0.7868,1.0916,1.1299,0.8087,1.219,0.8353
717,TNFRSF10C,5.6353,2,APEX1,False,0.7868,1.0916,1.1299,0.8087,1.219,0.8353
717,ARID5B,5.6353,2,APEX1,False,0.7868,1.0916,1.1299,0.8087,1.219,0.8353
717,DHFR,5.0895,4,APEX1,False,0.7868,1.0916,1.1299,0.8087,1.219,0.8353
717,BACE1,5.0895,4,APEX1,False,0.7868,1.0916,1.1299,0.8087,1.219,0.8353
717,SEC23B,5.0895,4,APEX1,False,0.7868,1.0916,1.1299,0.8087,1.219,0.8353
717,PADI4,4.5437,7,APEX1,False,0.7868,1.0916,1.1299,0.8087,1.219,0.8353
717,HADHB,4.5437,7,APEX1,False,0.7868,1.0916,1.1299,0.8087,1.219,0.8353
717,RFC4,4.5437,7,APEX1,False,0.7868,1.0916,1.1299,0.8087,1.219,0.8353
717,SF3B3,4.5437,7,APEX1,False,0.7868,1.0916,1.1299,0.8087,1.219,0.8353
717,PERP,4.1261,11,APEX1,False,0.7868,1.0916,1.1299,0.8087,1.219,0.8353
717,PRDX2,2.2617,12,APEX1,False,0.7868,1.0916,1.1299,0.8087,1.219,0.8353
717,KDM1A,1.219,13,APEX1,False,0.7868,1.0916,1.1299,0.8087,1.219,0.8353
718,APEX1,8.5424,1,APEX1,True,1.1174,0.812,0.8599,1.0345,1.043,0.9567
718,TNFRSF10C,5.7881,2,APEX1,False,1.1174,0.812,0.8599,1.0345,1.043,0.9567
718,ARID5B,5.7881,2,APEX1,False,1.1174,0.812,0.8599,1.0345,1.043,0.9567
718,DHFR,5.3821,4,APEX1,False,1.1174,0.812,0.8599,1.0345,1.043,0.9567
718,BACE1,5.3821,4,APEX1,False,1.1174,0.812,0.8599,1.0345,1.043,0.9567
718,SEC23B,5.3821,4,APEX1,False,1.1174,0.812,0.8599,1.0345,1.043,0.9567
718,PADI4,4.9761,7,APEX1,False,1.1174,0.812,0.8599,1.0345,1.043,0.9567
718,HADHB,4.9761,7,APEX1,False,1.1174,0.812,0.8599,1.0345,1.043,0.9567
718,RFC4,4.9761,7,APEX1,False,1.1174,0.812,0.8599,1.0345,1.043,0.9567
718,SF3B3,4.9761,7,APEX1,False,1.1174,0.812,0.8599,1.0345,1.043,0.9567
718,PERP,4.4978,11,APEX1,False,1.1174,0.812,0.8599,1.0345,1.043,0.9567
718,PRDX2,2.6966,12,APEX1,False,1.1174,0.812,0.8599,1.0345,1.043,0.9567
718,KDM1A,1.043,13,APEX1,False,1.1174,0.812,0.8599,1.0345,1.043,0.9567
719,APEX1,8.9897,1,APEX1,True,1.2498,0.7963,0.846,1.1596,0.7755,0.7736
719,TNFRSF10C,6.1381,2,APEX1,False,1.2498,0.7963,0.846,1.1596,0.7755,0.7736
719,ARID5B,6.1381,2,APEX1,False,1.2498,0.7963,0.846,1.1596,0.7755,0.7736
719,DHFR,5.74,4,APEX1,False,1.2498,0.7963,0.846,1.1596,0.7755,0.7736
719,BACE1,5.74,4,APEX1,False,1.2498,0.7963,0.846,1.1596,0.7755,0.7736
719,SEC23B,5.74,4,APEX1,False,1.2498,0.7963,0.846,1.1596,0.7755,0.7736
719,PADI4,5.3418,7,APEX1,False,1.2498,0.7963,0.846,1.1596,0.7755,0.7736
719,HADHB,5.3418,7,APEX1,False,1.2498,0.7963,0.846,1.1596,0.7755,0.7736
719,RFC4,5.3418,7,APEX1,False,1.2498,0.7963,0.846,1.1596,0.7755,0.7736
719,SF3B3,5.3418,7,APEX1,False,1.2498,0.7963,0.846,1.1596,0.7755,0.7736
719,PERP,4.9551,11,APEX1,False,1.2498,0.7963,0.846,1.1596,0.7755,0.7736
719,PRDX2,3.1969,12,APEX1,False,1.2498,0.7963,0.846,1.1596,0.7755,0.7736
719,KDM1A,0.7755,13,APEX1,False,1.2498,0.7963,0.846,1.1596,0.7755,0.7736
720,APEX1,9.6273,1,APEX1,True,0.9755,1.1825,1.1605,0.8324,1.0667,0.7652
720,TNFRSF10C,6.474,2,APEX1,False,0.9755,1.1825,1.1605,0.8324,1.0667,0.7652
720,ARID5B,6.474,2,APEX1,False,0.9755,1.1825,1.1605,0.8324,1.0667,0.7652
720,DHFR,5.8827,4,APEX1,False,0.9755,1.1825,1.1605,0.8324,1.0667,0.7652
720,BACE1,5.8827,4,APEX1,False,0.9755,1.1825,1.1605,0.8324,1.0667,0.7652
720,SEC23B,5.8827,4,APEX1,False,0.9755,1.1825,1.1605,0.8324,1.0667,0.7652
720,PADI4,5.2915,7,APEX1,False,0.9755,1.1825,1.1605,0.8324,1.0667,0.7652
720,HADHB,5.2915,7,APEX1,False,0.9755,1.1825,1.1605,0.8324,1.0667,0.7652
720,RFC4,5.2915,7,APEX1,False,0.9755,1.1825,1.1605,0.8324,1.0667,0.7652
720,SF3B3,5.2915,7,APEX1,False,0.9755,1.1825,1.1605,0.8324,1.0667,0.7652
720,PERP,4.9089,11,APEX1,False,0.9755,1.1825,1.1605,0.8324,1.0667,0.7652
720,PRDX2,2.8341,12,APEX1,False,0.9755,1.1825,1.1605,0.8324,1.0667,0.7652
720,KDM1A,1.0667,13,APEX1,False,0.9755,1.1825,1.1605,0.8324,1.0667,0.7652
721,APEX1,7.8981,1,APEX1,True,0.896,0.7702,0.9635,0.9726,0.9276,1.1985
721,TNFRSF10C,4.9985,2,APEX1,False,0.896,0.7702,0.9635,0.9726,0.9276,1.1985
721,ARID5B,4.9985,2,APEX1,False,0.896,0.7702,0.9635,0.9726,0.9276,1.1985
721,DHFR,4.6134,4,APEX1,False,0.896,0.7702,0.9635,0.9726,0.9276,1.1985
721,BACE1,4.6134,4,APEX1,False,0.896,0.7702,0.9635,0.9726,0.9276,1.1985
721,SEC23B,4.6134,4,APEX1,False,0.896,0.7702,0.9635,0.9726,0.9276,1.1985
721,PADI4,4.2283,7,APEX1,False,0.896,0.7702,0.9635,0.9726,0.9276,1.1985
721,HADHB,4.2283,7,APEX1,False,0.896,0.7702,0.9635,0.9726,0.9276,1.1985
721,RFC4,4.2283,7,APEX1,False,0.896,0.7702,0.9635,0.9726,0.9276,1.1985
721,SF3B3,4.2283,7,APEX1,False,0.896,0.7702,0.9635,0.9726,0.9276,1.1985
721,PERP,3.6291,11,APEX1,False,0.896,0.7702,0.9635,0.9726,0.9276,1.1985
721,PRDX2,2.005,12,APEX1,False,0.896,0.7702,0.9635,0.9726,0.9276,1.1985
721,KDM1A,0.9276,13,APEX1,False,0.896,0.7702,0.9635,0.9726,0.9276,1.1985
722,APEX1,9.3013,1,APEX1,True,0.9231,1.0149,1.1431,1.2009,1.0823,0.7915
722,TNFRSF10C,5.8141,2,APEX1,False,0.9231,1.0149,1.1431,1.2009,1.0823,0.7915
722,ARID5B,5.8141,2,APEX1,False,0.9231,1.0149,1.1431,1.2009,1.0823,0.7915
722,DHFR,5.3066,4,APEX1,False,0.9231,1.0149,1.1431,1.2009,1.0823,0.7915
722,BACE1,5.3066,4,APEX1,False,0.9231,1.0149,1.1431,1.2009,1.0823,0.7915
722,SEC23B,5.3066,4,APEX1,False,0.9231,1.0149,1.1431,1.2009,1.0823,0.7915
722,PADI4,4.7992,7,APEX1,False,0.9231,1.0149,1.1431,1.2009,1.0823,0.7915
722,HADHB,4.7992,7,APEX1,False,0.9231,1.0149,1.1431,1.2009,1.0823,0.7915
722,RFC4,4.7992,7,APEX1,False,0.9231,1.0149,1.1431,1.2009,1.0823,0.7915
722,SF3B3,4.7992,7,APEX1,False,0.9231,1.0149,1.1431,1.2009,1.0823,0.7915
722,PERP,4.4034,11,APEX1,False,0.9231,1.0149,1.1431,1.2009,1.0823,0.7915
722,PRDX2,2.6595,12,APEX1,False,0.9231,1.0149,1.1431,1.2009,1.0823,0.7915
722,KDM1A,1.0823,13,APEX1,False,0.9231,1.0149,1.1431,1.2009,1.0823,0.7915
723,APEX1,9.1247,1,APEX1,True,0.8141,1.1241,1.0699,1.1703,1.219,1.0575
723,TNFRSF10C,5.8145,2,APEX1,False,0.8141,1.1241,1.0699,1.1703,1.219,1.0575
723,ARID5B,5.8145,2,APEX1,False,0.8141,1.1241,1.0699,1.1703,1.219,1.0575
723,DHFR,5.2525,4,APEX1,False,0.8141,1.1241,1.0699,1.1703,1.219,1.0575
723,BACE1,5.2525,4,APEX1,False,0.8141,1.1241,1.0699,1.1703,1.219,1.0575
723,SEC23B,5.2525,4,APEX1,False,0.8141,1.1241,1.0699,1.1703,1.219,1.0575
723,PADI4,4.6904,7,APEX1,False,0.8141,1.1241,1.0699,1.1703,1.219,1.0575
723,HADHB,4.6904,7,APEX1,False,0.8141,1.1241,1.0699,1.1703,1.219,1.0575
723,RFC4,4.6904,7,APEX1,False,0.8141,1.1241,1.0699,1.1703,1.219,1.0575
723,SF3B3,4.6904,7,APEX1,False,0.8141,1.1241,1.0699,1.1703,1.219,1.0575
723,PERP,4.1617,11,APEX1,False,0.8141,1.1241,1.0699,1.1703,1.219,1.0575
723,PRDX2,2.0476,12,APEX1,False,0.8141,1.1241,1.0699,1.1703,1.219,1.0575
723,KDM1A,1.219,13,APEX1,False,0.8141,1.1241,1.0699,1.1703,1.219,1.0575
724,APEX1,8.5967,1,APEX1,True,0.7974,1.0605,1.0627,0.8975,0.9552,0.8192
724,TNFRSF10C,5.5737,2,APEX1,False,0.7974,1.0605,1.0627,0.8975,0.9552,0.8192
724,ARID5B,5.5737,2,APEX1,False,0.7974,1.0605,1.0627,0.8975,0.9552,0.8192
724,DHFR,5.0435,4,APEX1,False,0.7974,1.0605,1.0627,0.8975,0.9552,0.8192
724,BACE1,5.0435,4,APEX1,False,0.7974,1.0605,1.0627,0.8975,0.9552,0.8192
724,SEC23B,5.0435,4,APEX1,False,0.7974,1.0605,1.0627,0.8975,0.9552,0.8192
724,PADI4,4.5132,7,APEX1,False,0.7974,1.0605,1.0627,0.8975,0.9552,0.8192
724,HADHB,4.5132,7,APEX1,False,0.7974,1.0605,1.0627,0.8975,0.9552,0.8192
724,RFC4,4.5132,7,APEX1,False,0.7974,1.0605,1.0627,0.8975,0.9552,0.8192
724,SF3B3,4.5132,7,APEX1,False,0.7974,1.0605,1.0627,0.8975,0.9552,0.8192
724,PERP,4.1036,11,APEX1,False,0.7974,1.0605,1.0627,0.8975,0.9552,0.8192
724,PRDX2,2.2372,12,APEX1,False,0.7974,1.0605,1.0627,0.8975,0.9552,0.8192
724,KDM1A,0.9552,13,APEX1,False,0.7974,1.0605,1.0627,0.8975,0.9552,0.8192
725,APEX1,8.4777,1,APEX1,True,0.9502,0.9483,0.837,1.1082,0.8116,1.0636
725,TNFRSF10C,5.6956,2,APEX1,False,0.9502,0.9483,0.837,1.1082,0.8116,1.0636
725,ARID5B,5.6956,2,APEX1,False,0.9502,0.9483,0.837,1.1082,0.8116,1.0636
725,DHFR,5.2214,4,APEX1,False,0.9502,0.9483,0.837,1.1082,0.8116,1.0636
725,BACE1,5.2214,4,APEX1,False,0.9502,0.9483,0.837,1.1082,0.8116,1.0636
725,SEC23B,5.2214,4,APEX1,False,0.9502,0.9483,0.837,1.1082,0.8116,1.0636
725,PADI4,4.7473,7,APEX1,False,0.9502,0.9483,0.837,1.1082,0.8116,1.0636
725,HADHB,4.7473,7,APEX1,False,0.9502,0.9483,0.837,1.1082,0.8116,1.0636
725,RFC4,4.7473,7,APEX1,False,0.9502,0.9483,0.837,1.1082,0.8116,1.0636
725,SF3B3,4.7473,7,APEX1,False,0.9502,0.9483,0.837,1.1082,0.8116,1.0636
725,PERP,4.2154,11,APEX1,False,0.9502,0.9483,0.837,1.1082,0.8116,1.0636
725,PRDX2,2.1488,12,APEX1,False,0.9502,0.9483,0.837,1.1082,0.8116,1.0636
725,KDM1A,0.8116,13,APEX1,False,0.9502,0.9483,0.837,1.1082,0.8116,1.0636
726,APEX1,10.031,1,APEX1,True,1.0967,1.2393,0.9601,1.1028,0.9497,0.9056
726,TNFRSF10C,7.008,2,APEX1,False,1.0967,1.2393,0.9601,1.1028,0.9497,0.9056
726,ARID5B,7.008,2,APEX1,False,1.0967,1.2393,0.9601,1.1028,0.9497,0.9056
726,DHFR,6.3883,4,APEX1,False,1.0967,1.2393,0.9601,1.1028,0.9497,0.9056
726,BACE1,6.3883,4,APEX1,False,1.0967,1.2393,0.9601,1.1028,0.9497,0.9056
726,SEC23B,6.3883,4,APEX1,False,1.0967,1.2393,0.9601,1.1028,0.9497,0.9056
726,PADI4,5.7686,7,APEX1,False,1.0967,1.2393,0.9601,1.1028,0.9497,0.9056
726,HADHB,5.7686,7,APEX1,False,1.0967,1.2393,0.9601,1.1028,0.9497,0.9056
726,RFC4,5.7686,7,APEX1,False,1.0967,1.2393,0.9601,1.1028,0.9497,0.9056
726,SF3B3,5.7686,7,APEX1,False,1.0967,1.2393,0.9601,1.1028,0.9497,0.9056
726,PERP,5.3158,11,APEX1,False,1.0967,1.2393,0.9601,1.1028,0.9497,0.9056
726,PRDX2,2.7962,12,APEX1,False,1.0967,1.2393,0.9601,1.1028,0.9497,0.9056
726,KDM1A,0.9497,13,APEX1,False,1.0967,1.2393,0.9601,1.1028,0.9497,0.9056
727,APEX1,9.6402,1,APEX1,True,1.0798,1.1742,0.8532,1.1719,1.0996,1.2419
727,TNFRSF10C,6.7618,2,APEX1,False,1.0798,1.1742,0.8532,1.1719,1.0996,1.2419
727,ARID5B,6.7618,2,APEX1,False,1.0798,1.1742,0.8532,1.1719,1.0996,1.2419
727,DHFR,6.1747,4,APEX1,False,1.0798,1.1742,0.8532,1.1719,1.0996,1.2419
727,BACE1,6.1747,4,APEX1,False,1.0798,1.1742,0.8532,1.1719,1.0996,1.2419
727,SEC23B,6.1747,4,APEX1,False,1.0798,1.1742,0.8532,1.1719,1.0996,1.2419
727,PADI4,5.5876,7,APEX1,False,1.0798,1.1742,0.8532,1.1719,1.0996,1.2419
727,HADHB,5.5876,7,APEX1,False,1.0798,1.1742,0.8532,1.1719,1.0996,1.2419
727,RFC4,5.5876,7,APEX1,False,1.0798,1.1742,0.8532,1.1719,1.0996,1.2419
727,SF3B3,5.5876,7,APEX1,False,1.0798,1.1742,0.8532,1.1719,1.0996,1.2419
727,PERP,4.9666,11,APEX1,False,1.0798,1.1742,0.8532,1.1719,1.0996,1.2419
727,PRDX2,2.3107,12,APEX1,False,1.0798,1.1742,0.8532,1.1719,1.0996,1.2419
727,KDM1A,1.0996,13,APEX1,False,1.0798,1.1742,0.8532,1.1719,1.0996,1.2419
728,APEX1,8.3661,1,APEX1,True,1.1263,0.7658,0.8635,0.963,1.2145,0.7771
728,TNFRSF10C,5.6762,2,APEX1,False,1.1263,0.7658,0.8635,0.963,1.2145,0.7771
728,ARID5B,5.6762,2,APEX1,False,1.1263,0.7658,0.8635,0.963,1.2145,0.7771
728,DHFR,5.2933,4,APEX1,False,1.1263,0.7658,0.8635,0.963,1.2145,0.7771
728,BACE1,5.2933,4,APEX1,False,1.1263,0.7658,0.8635,0.963,1.2145,0.7771
728,SEC23B,5.2933,4,APEX1,False,1.1263,0.7658,0.8635,0.963,1.2145,0.7771
728,PADI4,4.9104,7,APEX1,False,1.1263,0.7658,0.8635,0.963,1.2145,0.7771
728,HADHB,4.9104,7,APEX1,False,1.1263,0.7658,0.8635,0.963,1.2145,0.7771
728,RFC4,4.9104,7,APEX1,False,1.1263,0.7658,0.8635,0.963,1.2145,0.7771
728,SF3B3,4.9104,7,APEX1,False,1.1263,0.7658,0.8635,0.963,1.2145,0.7771
728,PERP,4.5219,11,APEX1,False,1.1263,0.7658,0.8635,0.963,1.2145,0.7771
728,PRDX2,2.9022,12,APEX1,False,1.1263,0.7658,0.8635,0.963,1.2145,0.7771
728,KDM1A,1.2145,13,APEX1,False,1.1263,0.7658,0.8635,0.963,1.2145,0.7771
729,APEX1,9.7823,1,APEX1,True,1.1495,1.2263,0.7841,1.0866,0.9659,1.2406
729,TNFRSF10C,7.1275,2,APEX1,False,1.1495,1.2263,0.7841,1.0866,0.9659,1.2406
729,ARID5B,7.1275,2,APEX1,False,1.1495,1.2263,0.7841,1.0866,0.9659,1.2406
729,DHFR,6.5144,4,APEX1,False,1.1495,1.2263,0.7841,1.0866,0.9659,1.2406
729,BACE1,6.5144,4,APEX1,False,1.1495,1.2263,0.7841,1.0866,0.9659,1.2406
729,SEC23B,6.5144,4,APEX1,False,1.1495,1.2263,0.7841,1.0866,0.9659,1.2406
729,PADI4,5.9012,7,APEX1,False,1.1495,1.2263,0.7841,1.0866,0.9659,1.2406
729,HADHB,5.9012,7,APEX1,False,1.1495,1.2263,0.7841,1.0866,0.9659,1.2406
729,RFC4,5.9012,7,APEX1,False,1.1495,1.2263,0.7841,1.0866,0.9659,1.2406
729,SF3B3,5.9012,7,APEX1,False,1.1495,1.2263,0.7841,1.0866,0.9659,1.2406
729,PERP,5.2809,11,APEX1,False,1.1495,1.2263,0.7841,1.0866,0.9659,1.2406
729,PRDX2,2.4174,12,APEX1,False,1.1495,1.2263,0.7841,1.0866,0.9659,1.2406
729,KDM1A,0.9659,13,APEX1,False,1.1495,1.2263,0.7841,1.0866,0.9659,1.2406
730,APEX1,9.2207,1,APEX1,True,1.2065,0.8165,1.0717,1.0083,1.0103,0.9987
730,TNFRSF10C,6.0691,2,APEX1,False,1.2065,0.8165,1.0717,1.0083,1.0103,0.9987
730,ARID5B,6.0691,2,APEX1,False,1.2065,0.8165,1.0717,1.0083,1.0103,0.9987
730,DHFR,5.6608,4,APEX1,False,1.2065,0.8165,1.0717,1.0083,1.0103,0.9987
730,BACE1,5.6608,4,APEX1,False,1.2065,0.8165,1.0717,1.0083,1.0103,0.9987
730,SEC23B,5.6608,4,APEX1,False,1.2065,0.8165,1.0717,1.0083,1.0103,0.9987
730,PADI4,5.2526,7,APEX1,False,1.2065,0.8165,1.0717,1.0083,1.0103,0.9987
730,HADHB,5.2526,7,APEX1,False,1.2065,0.8165,1.0717,1.0083,1.0103,0.9987
730,RFC4,5.2526,7,APEX1,False,1.2065,0.8165,1.0717,1.0083,1.0103,0.9987
730,SF3B3,5.2526,7,APEX1,False,1.2065,0.8165,1.0717,1.0083,1.0103,0.9987
730,PERP,4.7533,11,APEX1,False,1.2065,0.8165,1.0717,1.0083,1.0103,0.9987
730,PRDX2,3.0893,12,APEX1,False,1.2065,0.8165,1.0717,1.0083,1.0103,0.9987
730,KDM1A,1.0103,13,APEX1,False,1.2065,0.8165,1.0717,1.0083,1.0103,0.9987
731,APEX1,9.3658,1,APEX1,True,1.197,0.9144,0.9937,1.0442,0.8536,1.1476
731,TNFRSF10C,6.3343,2,APEX1,False,1.197,0.9144,0.9937,1.0442,0.8536,1.1476
731,ARID5B,6.3343,2,APEX1,False,1.197,0.9144,0.9937,1.0442,0.8536,1.1476
731,DHFR,5.8771,4,APEX1,False,1.197,0.9144,0.9937,1.0442,0.8536,1.1476
731,BACE1,5.8771,4,APEX1,False,1.197,0.9144,0.9937,1.0442,0.8536,1.1476
731,SEC23B,5.8771,4,APEX1,False,1.197,0.9144,0.9937,1.0442,0.8536,1.1476
731,PADI4,5.4199,7,APEX1,False,1.197,0.9144,0.9937,1.0442,0.8536,1.1476
731,HADHB,5.4199,7,APEX1,False,1.197,0.9144,0.9937,1.0442,0.8536,1.1476
731,RFC4,5.4199,7,APEX1,False,1.197,0.9144,0.9937,1.0442,0.8536,1.1476
731,SF3B3,5.4199,7,APEX1,False,1.197,0.9144,0.9937,1.0442,0.8536,1.1476
731,PERP,4.8461,11,APEX1,False,1.197,0.9144,0.9937,1.0442,0.8536,1.1476
731,PRDX2,2.8385,12,APEX1,False,1.197,0.9144,0.9937,1.0442,0.8536,1.1476
731,KDM1A,0.8536,13,APEX1,False,1.197,0.9144,0.9937,1.0442,0.8536,1.1476
732,APEX1,9.9721,1,APEX1,True,1.1153,1.2082,0.9159,1.1699,0.8642,0.9914
732,TNFRSF10C,6.9704,2,APEX1,False,1.1153,1.2082,0.9159,1.1699,0.8642,0.9914
732,ARID5B,6.9704,2,APEX1,False,1.1153,1.2082,0.9159,1.1699,0.8642,0.9914
732,DHFR,6.3663,4,APEX1,False,1.1153,1.2082,0.9159,1.1699,0.8642,0.9914
732,BACE1,6.3663,4,APEX1,False,1.1153,1.2082,0.9159,1.1699,0.8642,0.9914
732,SEC23B,6.3663,4,APEX1,False,1.1153,1.2082,0.9159,1.1699,0.8642,0.9914
732,PADI4,5.7623,7,APEX1,False,1.1153,1.2082,0.9159,1.1699,0.8642,0.9914
732,HADHB,5.7623,7,APEX1,False,1.1153,1.2082,0.9159,1.1699,0.8642,0.9914
732,RFC4,5.7623,7,APEX1,False,1.1153,1.2082,0.9159,1.1699,0.8642,0.9914
732,SF3B3,5.7623,7,APEX1,False,1.1153,1.2082,0.9159,1.1699,0.8642,0.9914
732,PERP,5.2665,11,APEX1,False,1.1153,1.2082,0.9159,1.1699,0.8642,0.9914
732,PRDX2,2.7128,12,APEX1,False,1.1153,1.2082,0.9159,1.1699,0.8642,0.9914
732,KDM1A,0.8642,13,APEX1,False,1.1153,1.2082,0.9159,1.1699,0.8642,0.9914
733,APEX1,10.618,1,APEX1,True,1.1072,1.2318,1.2155,1.17,0.7689,0.9282
733,TNFRSF10C,7.017,2,APEX1,False,1.1072,1.2318,1.2155,1.17,0.7689,0.9282
733,ARID5B,7.017,2,APEX1,False,1.1072,1.2318,1.2155,1.17,0.7689,0.9282
733,DHFR,6.4011,4,APEX1,False,1.1072,1.2318,1.2155,1.17,0.7689,0.9282
733,BACE1,6.4011,4,APEX1,False,1.1072,1.2318,1.2155,1.17,0.7689,0.9282
733,SEC23B,6.4011,4,APEX1,False,1.1072,1.2318,1.2155,1.17,0.7689,0.9282
733,PADI4,5.7851,7,APEX1,False,1.1072,1.2318,1.2155,1.17,0.7689,0.9282
733,HADHB,5.7851,7,APEX1,False,1.1072,1.2318,1.2155,1.17,0.7689,0.9282
733,RFC4,5.7851,7,APEX1,False,1.1072,1.2318,1.2155,1.17,0.7689,0.9282
733,SF3B3,5.7851,7,APEX1,False,1.1072,1.2318,1.2155,1.17,0.7689,0.9282
733,PERP,5.3211,11,APEX1,False,1.1072,1.2318,1.2155,1.17,0.7689,0.9282
733,PRDX2,3.0552,12,APEX1,False,1.1072,1.2318,1.2155,1.17,0.7689,0.9282
733,KDM1A,0.7689,13,APEX1,False,1.1072,1.2318,1.2155,1.17,0.7689,0.9282
734,APEX1,9.9004,1,APEX1,True,1.0009,1.0991,1.2418,1.1168,0.9945,0.8504
734,TNFRSF10C,6.3001,2,APEX1,False,1.0009,1.0991,1.2418,1.1168,0.9945,0.8504
734,ARID5B,6.3001,2,APEX1,False,1.0009,1.0991,1.2418,1.1168,0.9945,0.8504
734,DHFR,5.7505,4,APEX1,False,1.0009,1.0991,1.2418,1.1168,0.9945,0.8504
734,BACE1,5.7505,4,APEX1,False,1.0009,1.0991,1.2418,1.1168,0.9945,0.8504
734,SEC23B,5.7505,4,APEX1,False,1.0009,1.0991,1.2418,1.1168,0.9945,0.8504
734,PADI4,5.201,7,APEX1,False,1.0009,1.0991,1.2418,1.1168,0.9945,0.8504
734,HADHB,5.201,7,APEX1,False,1.0009,1.0991,1.2418,1.1168,0.9945,0.8504
734,RFC4,5.201,7,APEX1,False,1.0009,1.0991,1.2418,1.1168,0.9945,0.8504
734,SF3B3,5.201,7,APEX1,False,1.0009,1.0991,1.2418,1.1168,0.9945,0.8504
734,PERP,4.7758,11,APEX1,False,1.0009,1.0991,1.2418,1.1168,0.9945,0.8504
734,PRDX2,2.8937,12,APEX1,False,1.0009,1.0991,1.2418,1.1168,0.9945,0.8504
734,KDM1A,0.9945,13,APEX1,False,1.0009,1.0991,1.2418,1.1168,0.9945,0.8504
735,APEX1,9.2779,1,APEX1,True,1.0412,0.9689,1.1603,0.9269,0.909,1.0073
735,TNFRSF10C,6.0303,2,APEX1,False,1.0412,0.9689,1.1603,0.9269,0.909,1.0073
735,ARID5B,6.0303,2,APEX1,False,1.0412,0.9689,1.1603,0.9269,0.909,1.0073
735,DHFR,5.5459,4,APEX1,False,1.0412,0.9689,1.1603,0.9269,0.909,1.0073
735,BACE1,5.5459,4,APEX1,False,1.0412,0.9689,1.1603,0.9269,0.909,1.0073
735,SEC23B,5.5459,4,APEX1,False,1.0412,0.9689,1.1603,0.9269,0.909,1.0073
735,PADI4,5.0614,7,APEX1,False,1.0412,0.9689,1.1603,0.9269,0.909,1.0073
735,HADHB,5.0614,7,APEX1,False,1.0412,0.9689,1.1603,0.9269,0.909,1.0073
735,RFC4,5.0614,7,APEX1,False,1.0412,0.9689,1.1603,0.9269,0.909,1.0073
735,SF3B3,5.0614,7,APEX1,False,1.0412,0.9689,1.1603,0.9269,0.909,1.0073
735,PERP,4.5577,11,APEX1,False,1.0412,0.9689,1.1603,0.9269,0.909,1.0073
735,PRDX2,2.756,12,APEX1,False,1.0412,0.9689,1.1603,0.9269,0.909,1.0073
735,KDM1A,0.909,13,APEX1,False,1.0412,0.9689,1.1603,0.9269,0.909,1.0073
736,APEX1,9.0021,1,APEX1,True,0.8478,1.1457,0.9241,1.1734,0.8044,0.9256
736,TNFRSF10C,5.9805,2,APEX1,False,0.8478,1.1457,0.9241,1.1734,0.8044,0.9256
736,ARID5B,5.9805,2,APEX1,False,0.8478,1.1457,0.9241,1.1734,0.8044,0.9256
736,DHFR,5.4076,4,APEX1,False,0.8478,1.1457,0.9241,1.1734,0.8044,0.9256
736,BACE1,5.4076,4,APEX1,False,0.8478,1.1457,0.9241,1.1734,0.8044,0.9256
736,SEC23B,5.4076,4,APEX1,False,0.8478,1.1457,0.9241,1.1734,0.8044,0.9256
736,PADI4,4.8348,7,APEX1,False,0.8478,1.1457,0.9241,1.1734,0.8044,0.9256
736,HADHB,4.8348,7,APEX1,False,0.8478,1.1457,0.9241,1.1734,0.8044,0.9256
736,RFC4,4.8348,7,APEX1,False,0.8478,1.1457,0.9241,1.1734,0.8044,0.9256
736,SF3B3,4.8348,7,APEX1,False,0.8478,1.1457,0.9241,1.1734,0.8044,0.9256
736,PERP,4.372,11,APEX1,False,0.8478,1.1457,0.9241,1.1734,0.8044,0.9256
736,PRDX2,2.1179,12,APEX1,False,0.8478,1.1457,0.9241,1.1734,0.8044,0.9256
736,KDM1A,0.8044,13,APEX1,False,0.8478,1.1457,0.9241,1.1734,0.8044,0.9256
737,APEX1,9.3457,1,APEX1,True,0.9848,1.2076,0.9756,0.8173,1.0815,1.1493
737,TNFRSF10C,6.5773,2,APEX1,False,0.9848,1.2076,0.9756,0.8173,1.0815,1.1493
737,ARID5B,6.5773,2,APEX1,False,0.9848,1.2076,0.9756,0.8173,1.0815,1.1493
737,DHFR,5.9735,4,APEX1,False,0.9848,1.2076,0.9756,0.8173,1.0815,1.1493
737,BACE1,5.9735,4,APEX1,False,0.9848,1.2076,0.9756,0.8173,1.0815,1.1493
737,SEC23B,5.9735,4,APEX1,False,0.9848,1.2076,0.9756,0.8173,1.0815,1.1493
737,PADI4,5.3697,7,APEX1,False,0.9848,1.2076,0.9756,0.8173,1.0815,1.1493
737,HADHB,5.3697,7,APEX1,False,0.9848,1.2076,0.9756,0.8173,1.0815,1.1493
737,RFC4,5.3697,7,APEX1,False,0.9848,1.2076,0.9756,0.8173,1.0815,1.1493
737,SF3B3,5.3697,7,APEX1,False,0.9848,1.2076,0.9756,0.8173,1.0815,1.1493
737,PERP,4.795,11,APEX1,False,0.9848,1.2076,0.9756,0.8173,1.0815,1.1493
737,PRDX2,2.2884,12,APEX1,False,0.9848,1.2076,0.9756,0.8173,1.0815,1.1493
737,KDM1A,1.0815,13,APEX1,False,0.9848,1.2076,0.9756,0.8173,1.0815,1.1493
738,APEX1,7.6338,1,APEX1,True,0.9321,0.7932,0.7511,0.9555,0.9465,1.0645
738,TNFRSF10C,5.1761,2,APEX1,False,0.9321,0.7932,0.7511,0.9555,0.9465,1.0645
738,ARID5B,5.1761,2,APEX1,False,0.9321,0.7932,0.7511,0.9555,0.9465,1.0645
738,DHFR,4.7795,4,APEX1,False,0.9321,0.7932,0.7511,0.9555,0.9465,1.0645
738,BACE1,4.7795,4,APEX1,False,0.9321,0.7932,0.7511,0.9555,0.9465,1.0645
738,SEC23B,4.7795,4,APEX1,False,0.9321,0.7932,0.7511,0.9555,0.9465,1.0645
738,PADI4,4.3829,7,APEX1,False,0.9321,0.7932,0.7511,0.9555,0.9465,1.0645
738,HADHB,4.3829,7,APEX1,False,0.9321,0.7932,0.7511,0.9555,0.9465,1.0645
738,RFC4,4.3829,7,APEX1,False,0.9321,0.7932,0.7511,0.9555,0.9465,1.0645
738,SF3B3,4.3829,7,APEX1,False,0.9321,0.7932,0.7511,0.9555,0.9465,1.0645
738,PERP,3.8506,11,APEX1,False,0.9321,0.7932,0.7511,0.9555,0.9465,1.0645
738,PRDX2,2.017,12,APEX1,False,0.9321,0.7932,0.7511,0.9555,0.9465,1.0645
738,KDM1A,0.9465,13,APEX1,False,0.9321,0.7932,0.7511,0.9555,0.9465,1.0645
739,APEX1,9.6886,1,APEX1,True,1.0673,1.0539,1.0685,1.1879,0.7697,1.0762
739,TNFRSF10C,6.3636,2,APEX1,False,1.0673,1.0539,1.0685,1.1879,0.7697,1.0762
739,ARID5B,6.3636,2,APEX1,False,1.0673,1.0539,1.0685,1.1879,0.7697,1.0762
739,DHFR,5.8367,4,APEX1,False,1.0673,1.0539,1.0685,1.1879,0.7697,1.0762
739,BACE1,5.8367,4,APEX1,False,1.0673,1.0539,1.0685,1.1879,0.7697,1.0762
739,SEC23B,5.8367,4,APEX1,False,1.0673,1.0539,1.0685,1.1879,0.7697,1.0762
739,PADI4,5.3097,7,APEX1,False,1.0673,1.0539,1.0685,1.1879,0.7697,1.0762
739,HADHB,5.3097,7,APEX1,False,1.0673,1.0539,1.0685,1.1879,0.7697,1.0762
739,RFC4,5.3097,7,APEX1,False,1.0673,1.0539,1.0685,1.1879,0.7697,1.0762
739,SF3B3,5.3097,7,APEX1,False,1.0673,1.0539,1.0685,1.1879,0.7697,1.0762
739,PERP,4.7716,11,APEX1,False,1.0673,1.0539,1.0685,1.1879,0.7697,1.0762
739,PRDX2,2.6606,12,APEX1,False,1.0673,1.0539,1.0685,1.1879,0.7697,1.0762
739,KDM1A,0.7697,13,APEX1,False,1.0673,1.0539,1.0685,1.1879,0.7697,1.0762
740,APEX1,8.6757,1,APEX1,True,0.8814,1.1219,0.9131,0.8398,0.8164,1.0573
740,TNFRSF10C,6.0097,2,APEX1,False,0.8814,1.1219,0.9131,0.8398,0.8164,1.0573
740,ARID5B,6.0097,2,APEX1,False,0.8814,1.1219,0.9131,0.8398,0.8164,1.0573
740,DHFR,5.4487,4,APEX1,False,0.8814,1.1219,0.9131,0.8398,0.8164,1.0573
740,BACE1,5.4487,4,APEX1,False,0.8814,1.1219,0.9131,0.8398,0.8164,1.0573
740,SEC23B,5.4487,4,APEX1,False,0.8814,1.1219,0.9131,0.8398,0.8164,1.0573
740,PADI4,4.8878,7,APEX1,False,0.8814,1.1219,0.9131,0.8398,0.8164,1.0573
740,HADHB,4.8878,7,APEX1,False,0.8814,1.1219,0.9131,0.8398,0.8164,1.0573
740,RFC4,4.8878,7,APEX1,False,0.8814,1.1219,0.9131,0.8398,0.8164,1.0573
740,SF3B3,4.8878,7,APEX1,False,0.8814,1.1219,0.9131,0.8398,0.8164,1.0573
740,PERP,4.3592,11,APEX1,False,0.8814,1.1219,0.9131,0.8398,0.8164,1.0573
740,PRDX2,2.0593,12,APEX1,False,0.8814,1.1219,0.9131,0.8398,0.8164,1.0573
740,KDM1A,0.8164,13,APEX1,False,0.8814,1.1219,0.9131,0.8398,0.8164,1.0573
741,APEX1,7.9168,1,APEX1,True,0.8539,0.9128,0.769,1.0788,0.7599,1.1336
741,TNFRSF10C,5.3,2,APEX1,False,0.8539,0.9128,0.769,1.0788,0.7599,1.1336
741,ARID5B,5.3,2,APEX1,False,0.8539,0.9128,0.769,1.0788,0.7599,1.1336
741,DHFR,4.8436,4,APEX1,False,0.8539,0.9128,0.769,1.0788,0.7599,1.1336
741,BACE1,4.8436,4,APEX1,False,0.8539,0.9128,0.769,1.0788,0.7599,1.1336
741,SEC23B,4.8436,4,APEX1,False,0.8539,0.9128,0.769,1.0788,0.7599,1.1336
741,PADI4,4.3872,7,APEX1,False,0.8539,0.9128,0.769,1.0788,0.7599,1.1336
741,HADHB,4.3872,7,APEX1,False,0.8539,0.9128,0.769,1.0788,0.7599,1.1336
741,RFC4,4.3872,7,APEX1,False,0.8539,0.9128,0.769,1.0788,0.7599,1.1336
741,SF3B3,4.3872,7,APEX1,False,0.8539,0.9128,0.769,1.0788,0.7599,1.1336
741,PERP,3.8204,11,APEX1,False,0.8539,0.9128,0.769,1.0788,0.7599,1.1336
741,PRDX2,1.7702,12,APEX1,False,0.8539,0.9128,0.769,1.0788,0.7599,1.1336
741,KDM1A,0.7599,13,APEX1,False,0.8539,0.9128,0.769,1.0788,0.7599,1.1336
742,APEX1,9.0371,1,APEX1,True,1.1067,0.8875,0.977,1.1005,0.8986,1.1518
742,TNFRSF10C,5.9826,2,APEX1,False,1.1067,0.8875,0.977,1.1005,0.8986,1.1518
742,ARID5B,5.9826,2,APEX1,False,1.1067,0.8875,0.977,1.1005,0.8986,1.1518
742,DHFR,5.5388,4,APEX1,False,1.1067,0.8875,0.977,1.1005,0.8986,1.1518
742,BACE1,5.5388,4,APEX1,False,1.1067,0.8875,0.977,1.1005,0.8986,1.1518
742,SEC23B,5.5388,4,APEX1,False,1.1067,0.8875,0.977,1.1005,0.8986,1.1518
742,PADI4,5.0951,7,APEX1,False,1.1067,0.8875,0.977,1.1005,0.8986,1.1518
742,HADHB,5.0951,7,APEX1,False,1.1067,0.8875,0.977,1.1005,0.8986,1.1518
742,RFC4,5.0951,7,APEX1,False,1.1067,0.8875,0.977,1.1005,0.8986,1.1518
742,SF3B3,5.0951,7,APEX1,False,1.1067,0.8875,0.977,1.1005,0.8986,1.1518
742,PERP,4.5192,11,APEX1,False,1.1067,0.8875,0.977,1.1005,0.8986,1.1518
742,PRDX2,2.5919,12,APEX1,False,1.1067,0.8875,0.977,1.1005,0.8986,1.1518
742,KDM1A,0.8986,13,APEX1,False,1.1067,0.8875,0.977,1.1005,0.8986,1.1518
743,APEX1,9.3486,1,APEX1,True,0.9542,1.0391,1.1461,1.0765,1.1435,1.2031
743,TNFRSF10C,5.9799,2,APEX1,False,0.9542,1.0391,1.1461,1.0765,1.1435,1.2031
743,ARID5B,5.9799,2,APEX1,False,0.9542,1.0391,1.1461,1.0765,1.1435,1.2031
743,DHFR,5.4604,4,APEX1,False,0.9542,1.0391,1.1461,1.0765,1.1435,1.2031
743,BACE1,5.4604,4,APEX1,False,0.9542,1.0391,1.1461,1.0765,1.1435,1.2031
743,SEC23B,5.4604,4,APEX1,False,0.9542,1.0391,1.1461,1.0765,1.1435,1.2031
743,PADI4,4.9408,7,APEX1,False,0.9542,1.0391,1.1461,1.0765,1.1435,1.2031
743,HADHB,4.9408,7,APEX1,False,0.9542,1.0391,1.1461,1.0765,1.1435,1.2031
743,RFC4,4.9408,7,APEX1,False,0.9542,1.0391,1.1461,1.0765,1.1435,1.2031
743,SF3B3,4.9408,7,APEX1,False,0.9542,1.0391,1.1461,1.0765,1.1435,1.2031
743,PERP,4.3393,11,APEX1,False,0.9542,1.0391,1.1461,1.0765,1.1435,1.2031
743,PRDX2,2.3286,12,APEX1,False,0.9542,1.0391,1.1461,1.0765,1.1435,1.2031
743,KDM1A,1.1435,13,APEX1,False,0.9542,1.0391,1.1461,1.0765,1.1435,1.2031
744,APEX1,8.3733,1,APEX1,True,0.8296,0.9558,1.0283,0.9606,0.9472,1.1608
744,TNFRSF10C,5.3561,2,APEX1,False,0.8296,0.9558,1.0283,0.9606,0.9472,1.1608
744,ARID5B,5.3561,2,APEX1,False,0.8296,0.9558,1.0283,0.9606,0.9472,1.1608
744,DHFR,4.8782,4,APEX1,False,0.8296,0.9558,1.0283,0.9606,0.9472,1.1608
744,BACE1,4.8782,4,APEX1,False,0.8296,0.9558,1.0283,0.9606,0.9472,1.1608
744,SEC23B,4.8782,4,APEX1,False,0.8296,0.9558,1.0283,0.9606,0.9472,1.1608
744,PADI4,4.4003,7,APEX1,False,0.8296,0.9558,1.0283,0.9606,0.9472,1.1608
744,HADHB,4.4003,7,APEX1,False,0.8296,0.9558,1.0283,0.9606,0.9472,1.1608
744,RFC4,4.4003,7,APEX1,False,0.8296,0.9558,1.0283,0.9606,0.9472,1.1608
744,SF3B3,4.4003,7,APEX1,False,0.8296,0.9558,1.0283,0.9606,0.9472,1.1608
744,PERP,3.8199,11,APEX1,False,0.8296,0.9558,1.0283,0.9606,0.9472,1.1608
744,PRDX2,1.9415,12,APEX1,False,0.8296,0.9558,1.0283,0.9606,0.9472,1.1608
744,KDM1A,0.9472,13,APEX1,False,0.8296,0.9558,1.0283,0.9606,0.9472,1.1608
745,APEX1,9.371,1,APEX1,True,1.0503,0.9302,1.1162,1.197,1.2433,0.9041
745,TNFRSF10C,5.9415,2,APEX1,False,1.0503,0.9302,1.1162,1.197,1.2433,0.9041
745,ARID5B,5.9415,2,APEX1,False,1.0503,0.9302,1.1162,1.197,1.2433,0.9041
745,DHFR,5.4764,4,APEX1,False,1.0503,0.9302,1.1162,1.197,1.2433,0.9041
745,BACE1,5.4764,4,APEX1,False,1.0503,0.9302,1.1162,1.197,1.2433,0.9041
745,SEC23B,5.4764,4,APEX1,False,1.0503,0.9302,1.1162,1.197,1.2433,0.9041
745,PADI4,5.0113,7,APEX1,False,1.0503,0.9302,1.1162,1.197,1.2433,0.9041
745,HADHB,5.0113,7,APEX1,False,1.0503,0.9302,1.1162,1.197,1.2433,0.9041
745,RFC4,5.0113,7,APEX1,False,1.0503,0.9302,1.1162,1.197,1.2433,0.9041
745,SF3B3,5.0113,7,APEX1,False,1.0503,0.9302,1.1162,1.197,1.2433,0.9041
745,PERP,4.5593,11,APEX1,False,1.0503,0.9302,1.1162,1.197,1.2433,0.9041
745,PRDX2,2.8379,12,APEX1,False,1.0503,0.9302,1.1162,1.197,1.2433,0.9041
745,KDM1A,1.2433,13,APEX1,False,1.0503,0.9302,1.1162,1.197,1.2433,0.9041
746,APEX1,8.6333,1,APEX1,True,1.105,0.7544,0.9085,1.2382,1.1528,1.0533
746,TNFRSF10C,5.578,2,APEX1,False,1.105,0.7544,0.9085,1.2382,1.1528,1.0533
746,ARID5B,5.578,2,APEX1,False,1.105,0.7544,0.9085,1.2382,1.1528,1.0533
746,DHFR,5.2008,4,APEX1,False,1.105,0.7544,0.9085,1.2382,1.1528,1.0533
746,BACE1,5.2008,4,APEX1,False,1.105,0.7544,0.9085,1.2382,1.1528,1.0533
746,SEC23B,5.2008,4,APEX1,False,1.105,0.7544,0.9085,1.2382,1.1528,1.0533
746,PADI4,4.8237,7,APEX1,False,1.105,0.7544,0.9085,1.2382,1.1528,1.0533
746,HADHB,4.8237,7,APEX1,False,1.105,0.7544,0.9085,1.2382,1.1528,1.0533
746,RFC4,4.8237,7,APEX1,False,1.105,0.7544,0.9085,1.2382,1.1528,1.0533
746,SF3B3,4.8237,7,APEX1,False,1.105,0.7544,0.9085,1.2382,1.1528,1.0533
746,PERP,4.297,11,APEX1,False,1.105,0.7544,0.9085,1.2382,1.1528,1.0533
746,PRDX2,2.6177,12,APEX1,False,1.105,0.7544,0.9085,1.2382,1.1528,1.0533
746,KDM1A,1.1528,13,APEX1,False,1.105,0.7544,0.9085,1.2382,1.1528,1.0533
747,APEX1,9.1564,1,APEX1,True,0.891,0.9381,1.2484,1.1722,0.918,1.1263
747,TNFRSF10C,5.4874,2,APEX1,False,0.891,0.9381,1.2484,1.1722,0.918,1.1263
747,ARID5B,5.4874,2,APEX1,False,0.891,0.9381,1.2484,1.1722,0.918,1.1263
747,DHFR,5.0183,4,APEX1,False,0.891,0.9381,1.2484,1.1722,0.918,1.1263
747,BACE1,5.0183,4,APEX1,False,0.891,0.9381,1.2484,1.1722,0.918,1.1263
747,SEC23B,5.0183,4,APEX1,False,0.891,0.9381,1.2484,1.1722,0.918,1.1263
747,PADI4,4.5493,7,APEX1,False,0.891,0.9381,1.2484,1.1722,0.918,1.1263
747,HADHB,4.5493,7,APEX1,False,0.891,0.9381,1.2484,1.1722,0.918,1.1263
747,RFC4,4.5493,7,APEX1,False,0.891,0.9381,1.2484,1.1722,0.918,1.1263
747,SF3B3,4.5493,7,APEX1,False,0.891,0.9381,1.2484,1.1722,0.918,1.1263
747,PERP,3.9861,11,APEX1,False,0.891,0.9381,1.2484,1.1722,0.918,1.1263
747,PRDX2,2.3496,12,APEX1,False,0.891,0.9381,1.2484,1.1722,0.918,1.1263
747,KDM1A,0.918,13,APEX1,False,0.891,0.9381,1.2484,1.1722,0.918,1.1263
748,APEX1,9.7604,1,APEX1,True,1.1094,1.152,0.9957,0.9849,0.9761,0.8784
748,TNFRSF10C,6.784,2,APEX1,False,1.1094,1.152,0.9957,0.9849,0.9761,0.8784
748,ARID5B,6.784,2,APEX1,False,1.1094,1.152,0.9957,0.9849,0.9761,0.8784
748,DHFR,6.208,4,APEX1,False,1.1094,1.152,0.9957,0.9849,0.9761,0.8784
748,BACE1,6.208,4,APEX1,False,1.1094,1.152,0.9957,0.9849,0.9761,0.8784
748,SEC23B,6.208,4,APEX1,False,1.1094,1.152,0.9957,0.9849,0.9761,0.8784
748,PADI4,5.632,7,APEX1,False,1.1094,1.152,0.9957,0.9849,0.9761,0.8784
748,HADHB,5.632,7,APEX1,False,1.1094,1.152,0.9957,0.9849,0.9761,0.8784
748,RFC4,5.632,7,APEX1,False,1.1094,1.152,0.9957,0.9849,0.9761,0.8784
748,SF3B3,5.632,7,APEX1,False,1.1094,1.152,0.9957,0.9849,0.9761,0.8784
748,PERP,5.1928,11,APEX1,False,1.1094,1.152,0.9957,0.9849,0.9761,0.8784
748,PRDX2,2.8908,12,APEX1,False,1.1094,1.152,0.9957,0.9849,0.9761,0.8784
748,KDM1A,0.9761,13,APEX1,False,1.1094,1.152,0.9957,0.9849,0.9761,0.8784
749,APEX1,9.2807,1,APEX1,True,1.0469,1.0942,0.9361,0.9853,1.0581,1.1836
749,TNFRSF10C,6.4233,2,APEX1,False,1.0469,1.0942,0.9361,0.9853,1.0581,1.1836
749,ARID5B,6.4233,2,APEX1,False,1.0469,1.0942,0.9361,0.9853,1.0581,1.1836
749,DHFR,5.8762,4,APEX1,False,1.0469,1.0942,0.9361,0.9853,1.0581,1.1836
749,BACE1,5.8762,4,APEX1,False,1.0469,1.0942,0.9361,0.9853,1.0581,1.1836
749,SEC23B,5.8762,4,APEX1,False,1.0469,1.0942,0.9361,0.9853,1.0581,1.1836
749,PADI4,5.3291,7,APEX1,False,1.0469,1.0942,0.9361,0.9853,1.0581,1.1836
749,HADHB,5.3291,7,APEX1,False,1.0469,1.0942,0.9361,0.9853,1.0581,1.1836
749,RFC4,5.3291,7,APEX1,False,1.0469,1.0942,0.9361,0.9853,1.0581,1.1836
749,SF3B3,5.3291,7,APEX1,False,1.0469,1.0942,0.9361,0.9853,1.0581,1.1836
749,PERP,4.7373,11,APEX1,False,1.0469,1.0942,0.9361,0.9853,1.0581,1.1836
749,PRDX2,2.3697,12,APEX1,False,1.0469,1.0942,0.9361,0.9853,1.0581,1.1836
749,KDM1A,1.0581,13,APEX1,False,1.0469,1.0942,0.9361,0.9853,1.0581,1.1836
750,APEX1,7.8352,1,APEX1,True,0.8229,0.8052,1.0088,0.9332,1.0018,1.1224
750,TNFRSF10C,4.8845,2,APEX1,False,0.8229,0.8052,1.0088,0.9332,1.0018,1.1224
750,ARID5B,4.8845,2,APEX1,False,0.8229,0.8052,1.0088,0.9332,1.0018,1.1224
750,DHFR,4.4818,4,APEX1,False,0.8229,0.8052,1.0088,0.9332,1.0018,1.1224
750,BACE1,4.4818,4,APEX1,False,0.8229,0.8052,1.0088,0.9332,1.0018,1.1224
750,SEC23B,4.4818,4,APEX1,False,0.8229,0.8052,1.0088,0.9332,1.0018,1.1224
750,PADI4,4.0792,7,APEX1,False,0.8229,0.8052,1.0088,0.9332,1.0018,1.1224
750,HADHB,4.0792,7,APEX1,False,0.8229,0.8052,1.0088,0.9332,1.0018,1.1224
750,RFC4,4.0792,7,APEX1,False,0.8229,0.8052,1.0088,0.9332,1.0018,1.1224
750,SF3B3,4.0792,7,APEX1,False,0.8229,0.8052,1.0088,0.9332,1.0018,1.1224
750,PERP,3.518,11,APEX1,False,0.8229,0.8052,1.0088,0.9332,1.0018,1.1224
750,PRDX2,1.9437,12,APEX1,False,0.8229,0.8052,1.0088,0.9332,1.0018,1.1224
750,KDM1A,1.0018,13,APEX1,False,0.8229,0.8052,1.0088,0.9332,1.0018,1.1224
751,APEX1,10.1496,1,APEX1,True,1.1005,1.1396,1.2368,0.9557,1.0775,0.7779
751,TNFRSF10C,6.7204,2,APEX1,False,1.1005,1.1396,1.2368,0.9557,1.0775,0.7779
751,ARID5B,6.7204,2,APEX1,False,1.1005,1.1396,1.2368,0.9557,1.0775,0.7779
751,DHFR,6.1506,4,APEX1,False,1.1005,1.1396,1.2368,0.9557,1.0775,0.7779
751,BACE1,6.1506,4,APEX1,False,1.1005,1.1396,1.2368,0.9557,1.0775,0.7779
751,SEC23B,6.1506,4,APEX1,False,1.1005,1.1396,1.2368,0.9557,1.0775,0.7779
751,PADI4,5.5808,7,APEX1,False,1.1005,1.1396,1.2368,0.9557,1.0775,0.7779
751,HADHB,5.5808,7,APEX1,False,1.1005,1.1396,1.2368,0.9557,1.0775,0.7779
751,RFC4,5.5808,7,APEX1,False,1.1005,1.1396,1.2368,0.9557,1.0775,0.7779
751,SF3B3,5.5808,7,APEX1,False,1.1005,1.1396,1.2368,0.9557,1.0775,0.7779
751,PERP,5.1918,11,APEX1,False,1.1005,1.1396,1.2368,0.9557,1.0775,0.7779
751,PRDX2,3.2102,12,APEX1,False,1.1005,1.1396,1.2368,0.9557,1.0775,0.7779
751,KDM1A,1.0775,13,APEX1,False,1.1005,1.1396,1.2368,0.9557,1.0775,0.7779
752,APEX1,8.7441,1,APEX1,True,0.9348,0.9026,1.076,1.0799,1.1009,0.9969
752,TNFRSF10C,5.5121,2,APEX1,False,0.9348,0.9026,1.076,1.0799,1.1009,0.9969
752,ARID5B,5.5121,2,APEX1,False,0.9348,0.9026,1.076,1.0799,1.1009,0.9969
752,DHFR,5.0608,4,APEX1,False,0.9348,0.9026,1.076,1.0799,1.1009,0.9969
752,BACE1,5.0608,4,APEX1,False,0.9348,0.9026,1.076,1.0799,1.1009,0.9969
752,SEC23B,5.0608,4,APEX1,False,0.9348,0.9026,1.076,1.0799,1.1009,0.9969
752,PADI4,4.6096,7,APEX1,False,0.9348,0.9026,1.076,1.0799,1.1009,0.9969
752,HADHB,4.6096,7,APEX1,False,0.9348,0.9026,1.076,1.0799,1.1009,0.9969
752,RFC4,4.6096,7,APEX1,False,0.9348,0.9026,1.076,1.0799,1.1009,0.9969
752,SF3B3,4.6096,7,APEX1,False,0.9348,0.9026,1.076,1.0799,1.1009,0.9969
752,PERP,4.1111,11,APEX1,False,0.9348,0.9026,1.076,1.0799,1.1009,0.9969
752,PRDX2,2.4161,12,APEX1,False,0.9348,0.9026,1.076,1.0799,1.1009,0.9969
752,KDM1A,1.1009,13,APEX1,False,0.9348,0.9026,1.076,1.0799,1.1009,0.9969
753,APEX1,8.5482,1,APEX1,True,0.9722,0.9684,0.7757,1.1751,1.0278,0.9851
753,TNFRSF10C,5.8217,2,APEX1,False,0.9722,0.9684,0.7757,1.1751,1.0278,0.9851
753,ARID5B,5.8217,2,APEX1,False,0.9722,0.9684,0.7757,1.1751,1.0278,0.9851
753,DHFR,5.3375,4,APEX1,False,0.9722,0.9684,0.7757,1.1751,1.0278,0.9851
753,BACE1,5.3375,4,APEX1,False,0.9722,0.9684,0.7757,1.1751,1.0278,0.9851
753,SEC23B,5.3375,4,APEX1,False,0.9722,0.9684,0.7757,1.1751,1.0278,0.9851
753,PADI4,4.8533,7,APEX1,False,0.9722,0.9684,0.7757,1.1751,1.0278,0.9851
753,HADHB,4.8533,7,APEX1,False,0.9722,0.9684,0.7757,1.1751,1.0278,0.9851
753,RFC4,4.8533,7,APEX1,False,0.9722,0.9684,0.7757,1.1751,1.0278,0.9851
753,SF3B3,4.8533,7,APEX1,False,0.9722,0.9684,0.7757,1.1751,1.0278,0.9851
753,PERP,4.3607,11,APEX1,False,0.9722,0.9684,0.7757,1.1751,1.0278,0.9851
753,PRDX2,2.221,12,APEX1,False,0.9722,0.9684,0.7757,1.1751,1.0278,0.9851
753,KDM1A,1.0278,13,APEX1,False,0.9722,0.9684,0.7757,1.1751,1.0278,0.9851
754,APEX1,9.5612,1,APEX1,True,1.1516,0.9258,1.2049,0.9192,1.1599,0.7834
754,TNFRSF10C,6.2322,2,APEX1,False,1.1516,0.9258,1.2049,0.9192,1.1599,0.7834
754,ARID5B,6.2322,2,APEX1,False,1.1516,0.9258,1.2049,0.9192,1.1599,0.7834
754,DHFR,5.7693,4,APEX1,False,1.1516,0.9258,1.2049,0.9192,1.1599,0.7834
754,BACE1,5.7693,4,APEX1,False,1.1516,0.9258,1.2049,0.9192,1.1599,0.7834
754,SEC23B,5.7693,4,APEX1,False,1.1516,0.9258,1.2049,0.9192,1.1599,0.7834
754,PADI4,5.3064,7,APEX1,False,1.1516,0.9258,1.2049,0.9192,1.1599,0.7834
754,HADHB,5.3064,7,APEX1,False,1.1516,0.9258,1.2049,0.9192,1.1599,0.7834
754,RFC4,5.3064,7,APEX1,False,1.1516,0.9258,1.2049,0.9192,1.1599,0.7834
754,SF3B3,5.3064,7,APEX1,False,1.1516,0.9258,1.2049,0.9192,1.1599,0.7834
754,PERP,4.9148,11,APEX1,False,1.1516,0.9258,1.2049,0.9192,1.1599,0.7834
754,PRDX2,3.3005,12,APEX1,False,1.1516,0.9258,1.2049,0.9192,1.1599,0.7834
754,KDM1A,1.1599,13,APEX1,False,1.1516,0.9258,1.2049,0.9192,1.1599,0.7834
755,APEX1,9.505,1,APEX1,True,1.2479,0.9195,0.9747,1.0535,0.7621,1.1098
755,TNFRSF10C,6.5022,2,APEX1,False,1.2479,0.9195,0.9747,1.0535,0.7621,1.1098
755,ARID5B,6.5022,2,APEX1,False,1.2479,0.9195,0.9747,1.0535,0.7621,1.1098
755,DHFR,6.0424,4,APEX1,False,1.2479,0.9195,0.9747,1.0535,0.7621,1.1098
755,BACE1,6.0424,4,APEX1,False,1.2479,0.9195,0.9747,1.0535,0.7621,1.1098
755,SEC23B,6.0424,4,APEX1,False,1.2479,0.9195,0.9747,1.0535,0.7621,1.1098
755,PADI4,5.5826,7,APEX1,False,1.2479,0.9195,0.9747,1.0535,0.7621,1.1098
755,HADHB,5.5826,7,APEX1,False,1.2479,0.9195,0.9747,1.0535,0.7621,1.1098
755,RFC4,5.5826,7,APEX1,False,1.2479,0.9195,0.9747,1.0535,0.7621,1.1098
755,SF3B3,5.5826,7,APEX1,False,1.2479,0.9195,0.9747,1.0535,0.7621,1.1098
755,PERP,5.0277,11,APEX1,False,1.2479,0.9195,0.9747,1.0535,0.7621,1.1098
755,PRDX2,2.9845,12,APEX1,False,1.2479,0.9195,0.9747,1.0535,0.7621,1.1098
755,KDM1A,0.7621,13,APEX1,False,1.2479,0.9195,0.9747,1.0535,0.7621,1.1098
756,APEX1,8.8834,1,APEX1,True,1.0481,1.013,0.973,0.7542,0.9659,1.2035
756,TNFRSF10C,6.1832,2,APEX1,False,1.0481,1.013,0.973,0.7542,0.9659,1.2035
756,ARID5B,6.1832,2,APEX1,False,1.0481,1.013,0.973,0.7542,0.9659,1.2035
756,DHFR,5.6767,4,APEX1,False,1.0481,1.013,0.973,0.7542,0.9659,1.2035
756,BACE1,5.6767,4,APEX1,False,1.0481,1.013,0.973,0.7542,0.9659,1.2035
756,SEC23B,5.6767,4,APEX1,False,1.0481,1.013,0.973,0.7542,0.9659,1.2035
756,PADI4,5.1702,7,APEX1,False,1.0481,1.013,0.973,0.7542,0.9659,1.2035
756,HADHB,5.1702,7,APEX1,False,1.0481,1.013,0.973,0.7542,0.9659,1.2035
756,RFC4,5.1702,7,APEX1,False,1.0481,1.013,0.973,0.7542,0.9659,1.2035
756,SF3B3,5.1702,7,APEX1,False,1.0481,1.013,0.973,0.7542,0.9659,1.2035
756,PERP,4.5684,11,APEX1,False,1.0481,1.013,0.973,0.7542,0.9659,1.2035
756,PRDX2,2.3897,12,APEX1,False,1.0481,1.013,0.973,0.7542,0.9659,1.2035
756,KDM1A,0.9659,13,APEX1,False,1.0481,1.013,0.973,0.7542,0.9659,1.2035
757,APEX1,9.7714,1,APEX1,True,1.0178,1.1667,1.1404,0.937,0.884,1.169
757,TNFRSF10C,6.5536,2,APEX1,False,1.0178,1.1667,1.1404,0.937,0.884,1.169
757,ARID5B,6.5536,2,APEX1,False,1.0178,1.1667,1.1404,0.937,0.884,1.169
757,DHFR,5.9702,4,APEX1,False,1.0178,1.1667,1.1404,0.937,0.884,1.169
757,BACE1,5.9702,4,APEX1,False,1.0178,1.1667,1.1404,0.937,0.884,1.169
757,SEC23B,5.9702,4,APEX1,False,1.0178,1.1667,1.1404,0.937,0.884,1.169
757,PADI4,5.3868,7,APEX1,False,1.0178,1.1667,1.1404,0.937,0.884,1.169
757,HADHB,5.3868,7,APEX1,False,1.0178,1.1667,1.1404,0.937,0.884,1.169
757,RFC4,5.3868,7,APEX1,False,1.0178,1.1667,1.1404,0.937,0.884,1.169
757,SF3B3,5.3868,7,APEX1,False,1.0178,1.1667,1.1404,0.937,0.884,1.169
757,PERP,4.8023,11,APEX1,False,1.0178,1.1667,1.1404,0.937,0.884,1.169
757,PRDX2,2.5159,12,APEX1,False,1.0178,1.1667,1.1404,0.937,0.884,1.169
757,KDM1A,0.884,13,APEX1,False,1.0178,1.1667,1.1404,0.937,0.884,1.169
758,APEX1,10.1493,1,APEX1,True,1.1881,1.1503,1.1291,0.876,0.9725,0.8265
758,TNFRSF10C,7.0152,2,APEX1,False,1.1881,1.1503,1.1291,0.876,0.9725,0.8265
758,ARID5B,7.0152,2,APEX1,False,1.1881,1.1503,1.1291,0.876,0.9725,0.8265
758,DHFR,6.4401,4,APEX1,False,1.1881,1.1503,1.1291,0.876,0.9725,0.8265
758,BACE1,6.4401,4,APEX1,False,1.1881,1.1503,1.1291,0.876,0.9725,0.8265
758,SEC23B,6.4401,4,APEX1,False,1.1881,1.1503,1.1291,0.876,0.9725,0.8265
758,PADI4,5.8649,7,APEX1,False,1.1881,1.1503,1.1291,0.876,0.9725,0.8265
758,HADHB,5.8649,7,APEX1,False,1.1881,1.1503,1.1291,0.876,0.9725,0.8265
758,RFC4,5.8649,7,APEX1,False,1.1881,1.1503,1.1291,0.876,0.9725,0.8265
758,SF3B3,5.8649,7,APEX1,False,1.1881,1.1503,1.1291,0.876,0.9725,0.8265
758,PERP,5.4517,11,APEX1,False,1.1881,1.1503,1.1291,0.876,0.9725,0.8265
758,PRDX2,3.2729,12,APEX1,False,1.1881,1.1503,1.1291,0.876,0.9725,0.8265
758,KDM1A,0.9725,13,APEX1,False,1.1881,1.1503,1.1291,0.876,0.9725,0.8265
759,APEX1,9.4672,1,APEX1,True,1.0152,0.9637,1.1878,1.1549,0.9984,0.9029
759,TNFRSF10C,5.9368,2,APEX1,False,1.0152,0.9637,1.1878,1.1549,0.9984,0.9029
759,ARID5B,5.9368,2,APEX1,False,1.0152,0.9637,1.1878,1.1549,0.9984,0.9029
759,DHFR,5.455,4,APEX1,False,1.0152,0.9637,1.1878,1.1549,0.9984,0.9029
759,BACE1,5.455,4,APEX1,False,1.0152,0.9637,1.1878,1.1549,0.9984,0.9029
759,SEC23B,5.455,4,APEX1,False,1.0152,0.9637,1.1878,1.1549,0.9984,0.9029
759,PADI4,4.9731,7,APEX1,False,1.0152,0.9637,1.1878,1.1549,0.9984,0.9029
759,HADHB,4.9731,7,APEX1,False,1.0152,0.9637,1.1878,1.1549,0.9984,0.9029
759,RFC4,4.9731,7,APEX1,False,1.0152,0.9637,1.1878,1.1549,0.9984,0.9029
759,SF3B3,4.9731,7,APEX1,False,1.0152,0.9637,1.1878,1.1549,0.9984,0.9029
759,PERP,4.5216,11,APEX1,False,1.0152,0.9637,1.1878,1.1549,0.9984,0.9029
759,PRDX2,2.8228,12,APEX1,False,1.0152,0.9637,1.1878,1.1549,0.9984,0.9029
759,KDM1A,0.9984,13,APEX1,False,1.0152,0.9637,1.1878,1.1549,0.9984,0.9029
760,APEX1,8.6275,1,APEX1,True,1.1106,0.7758,1.044,0.8803,0.9568,0.9283
760,TNFRSF10C,5.6592,2,APEX1,False,1.1106,0.7758,1.044,0.8803,0.9568,0.9283
760,ARID5B,5.6592,2,APEX1,False,1.1106,0.7758,1.044,0.8803,0.9568,0.9283
760,DHFR,5.2713,4,APEX1,False,1.1106,0.7758,1.044,0.8803,0.9568,0.9283
760,BACE1,5.2713,4,APEX1,False,1.1106,0.7758,1.044,0.8803,0.9568,0.9283
760,SEC23B,5.2713,4,APEX1,False,1.1106,0.7758,1.044,0.8803,0.9568,0.9283
760,PADI4,4.8834,7,APEX1,False,1.1106,0.7758,1.044,0.8803,0.9568,0.9283
760,HADHB,4.8834,7,APEX1,False,1.1106,0.7758,1.044,0.8803,0.9568,0.9283
760,RFC4,4.8834,7,APEX1,False,1.1106,0.7758,1.044,0.8803,0.9568,0.9283
760,SF3B3,4.8834,7,APEX1,False,1.1106,0.7758,1.044,0.8803,0.9568,0.9283
760,PERP,4.4193,11,APEX1,False,1.1106,0.7758,1.044,0.8803,0.9568,0.9283
760,PRDX2,2.8922,12,APEX1,False,1.1106,0.7758,1.044,0.8803,0.9568,0.9283
760,KDM1A,0.9568,13,APEX1,False,1.1106,0.7758,1.044,0.8803,0.9568,0.9283
761,APEX1,9.6055,1,APEX1,True,1.1126,1.0762,1.0122,1.0148,0.9976,0.775
761,TNFRSF10C,6.5664,2,APEX1,False,1.1126,1.0762,1.0122,1.0148,0.9976,0.775
761,ARID5B,6.5664,2,APEX1,False,1.1126,1.0762,1.0122,1.0148,0.9976,0.775
761,DHFR,6.0283,4,APEX1,False,1.1126,1.0762,1.0122,1.0148,0.9976,0.775
761,BACE1,6.0283,4,APEX1,False,1.1126,1.0762,1.0122,1.0148,0.9976,0.775
761,SEC23B,6.0283,4,APEX1,False,1.1126,1.0762,1.0122,1.0148,0.9976,0.775
761,PADI4,5.4901,7,APEX1,False,1.1126,1.0762,1.0122,1.0148,0.9976,0.775
761,HADHB,5.4901,7,APEX1,False,1.1126,1.0762,1.0122,1.0148,0.9976,0.775
761,RFC4,5.4901,7,APEX1,False,1.1126,1.0762,1.0122,1.0148,0.9976,0.775
761,SF3B3,5.4901,7,APEX1,False,1.1126,1.0762,1.0122,1.0148,0.9976,0.775
761,PERP,5.1027,11,APEX1,False,1.1126,1.0762,1.0122,1.0148,0.9976,0.775
761,PRDX2,3.0186,12,APEX1,False,1.1126,1.0762,1.0122,1.0148,0.9976,0.775
761,KDM1A,0.9976,13,APEX1,False,1.1126,1.0762,1.0122,1.0148,0.9976,0.775
762,APEX1,8.919,1,APEX1,True,1.2026,0.8083,0.8684,1.1494,0.9583,1.0008
762,TNFRSF10C,6.0328,2,APEX1,False,1.2026,0.8083,0.8684,1.1494,0.9583,1.0008
762,ARID5B,6.0328,2,APEX1,False,1.2026,0.8083,0.8684,1.1494,0.9583,1.0008
762,DHFR,5.6286,4,APEX1,False,1.2026,0.8083,0.8684,1.1494,0.9583,1.0008
762,BACE1,5.6286,4,APEX1,False,1.2026,0.8083,0.8684,1.1494,0.9583,1.0008
762,SEC23B,5.6286,4,APEX1,False,1.2026,0.8083,0.8684,1.1494,0.9583,1.0008
762,PADI4,5.2245,7,APEX1,False,1.2026,0.8083,0.8684,1.1494,0.9583,1.0008
762,HADHB,5.2245,7,APEX1,False,1.2026,0.8083,0.8684,1.1494,0.9583,1.0008
762,RFC4,5.2245,7,APEX1,False,1.2026,0.8083,0.8684,1.1494,0.9583,1.0008
762,SF3B3,5.2245,7,APEX1,False,1.2026,0.8083,0.8684,1.1494,0.9583,1.0008
762,PERP,4.7241,11,APEX1,False,1.2026,0.8083,0.8684,1.1494,0.9583,1.0008
762,PRDX2,2.8742,12,APEX1,False,1.2026,0.8083,0.8684,1.1494,0.9583,1.0008
762,KDM1A,0.9583,13,APEX1,False,1.2026,0.8083,0.8684,1.1494,0.9583,1.0008
763,APEX1,7.7848,1,APEX1,True,0.7877,0.8133,0.9751,1.0318,0.8594,1.2246
763,TNFRSF10C,4.8029,2,APEX1,False,0.7877,0.8133,0.9751,1.0318,0.8594,1.2246
763,ARID5B,4.8029,2,APEX1,False,0.7877,0.8133,0.9751,1.0318,0.8594,1.2246
763,DHFR,4.3963,4,APEX1,False,0.7877,0.8133,0.9751,1.0318,0.8594,1.2246
763,BACE1,4.3963,4,APEX1,False,0.7877,0.8133,0.9751,1.0318,0.8594,1.2246
763,SEC23B,4.3963,4,APEX1,False,0.7877,0.8133,0.9751,1.0318,0.8594,1.2246
763,PADI4,3.9896,7,APEX1,False,0.7877,0.8133,0.9751,1.0318,0.8594,1.2246
763,HADHB,3.9896,7,APEX1,False,0.7877,0.8133,0.9751,1.0318,0.8594,1.2246
763,RFC4,3.9896,7,APEX1,False,0.7877,0.8133,0.9751,1.0318,0.8594,1.2246
763,SF3B3,3.9896,7,APEX1,False,0.7877,0.8133,0.9751,1.0318,0.8594,1.2246
763,PERP,3.3773,11,APEX1,False,0.7877,0.8133,0.9751,1.0318,0.8594,1.2246
763,PRDX2,1.7196,12,APEX1,False,0.7877,0.8133,0.9751,1.0318,0.8594,1.2246
763,KDM1A,0.8594,13,APEX1,False,0.7877,0.8133,0.9751,1.0318,0.8594,1.2246
764,APEX1,8.8473,1,APEX1,True,0.828,1.0522,1.0592,1.0882,0.8359,1.0752
764,TNFRSF10C,5.6407,2,APEX1,False,0.828,1.0522,1.0592,1.0882,0.8359,1.0752
764,ARID5B,5.6407,2,APEX1,False,0.828,1.0522,1.0592,1.0882,0.8359,1.0752
764,DHFR,5.1146,4,APEX1,False,0.828,1.0522,1.0592,1.0882,0.8359,1.0752
764,BACE1,5.1146,4,APEX1,False,0.828,1.0522,1.0592,1.0882,0.8359,1.0752
764,SEC23B,5.1146,4,APEX1,False,0.828,1.0522,1.0592,1.0882,0.8359,1.0752
764,PADI4,4.5885,7,APEX1,False,0.828,1.0522,1.0592,1.0882,0.8359,1.0752
764,HADHB,4.5885,7,APEX1,False,0.828,1.0522,1.0592,1.0882,0.8359,1.0752
764,RFC4,4.5885,7,APEX1,False,0.828,1.0522,1.0592,1.0882,0.8359,1.0752
764,SF3B3,4.5885,7,APEX1,False,0.828,1.0522,1.0592,1.0882,0.8359,1.0752
764,PERP,4.0509,11,APEX1,False,0.828,1.0522,1.0592,1.0882,0.8359,1.0752
764,PRDX2,2.0541,12,APEX1,False,0.828,1.0522,1.0592,1.0882,0.8359,1.0752
764,KDM1A,0.8359,13,APEX1,False,0.828,1.0522,1.0592,1.0882,0.8359,1.0752
765,APEX1,9.5851,1,APEX1,True,1.1504,0.9668,1.1515,0.9304,0.8256,0.8885
765,TNFRSF10C,6.3517,2,APEX1,False,1.1504,0.9668,1.1515,0.9304,0.8256,0.8885
765,ARID5B,6.3517,2,APEX1,False,1.1504,0.9668,1.1515,0.9304,0.8256,0.8885
765,DHFR,5.8683,4,APEX1,False,1.1504,0.9668,1.1515,0.9304,0.8256,0.8885
765,BACE1,5.8683,4,APEX1,False,1.1504,0.9668,1.1515,0.9304,0.8256,0.8885
765,SEC23B,5.8683,4,APEX1,False,1.1504,0.9668,1.1515,0.9304,0.8256,0.8885
765,PADI4,5.3849,7,APEX1,False,1.1504,0.9668,1.1515,0.9304,0.8256,0.8885
765,HADHB,5.3849,7,APEX1,False,1.1504,0.9668,1.1515,0.9304,0.8256,0.8885
765,RFC4,5.3849,7,APEX1,False,1.1504,0.9668,1.1515,0.9304,0.8256,0.8885
765,SF3B3,5.3849,7,APEX1,False,1.1504,0.9668,1.1515,0.9304,0.8256,0.8885
765,PERP,4.9406,11,APEX1,False,1.1504,0.9668,1.1515,0.9304,0.8256,0.8885
765,PRDX2,3.1391,12,APEX1,False,1.1504,0.9668,1.1515,0.9304,0.8256,0.8885
765,KDM1A,0.8256,13,APEX1,False,1.1504,0.9668,1.1515,0.9304,0.8256,0.8885
766,APEX1,8.5232,1,APEX1,True,1.0779,0.9062,0.7581,1.0547,0.9474,1.1085
766,TNFRSF10C,5.9523,2,APEX1,False,1.0779,0.9062,0.7581,1.0547,0.9474,1.1085
766,ARID5B,5.9523,2,APEX1,False,1.0779,0.9062,0.7581,1.0547,0.9474,1.1085
766,DHFR,5.4992,4,APEX1,False,1.0779,0.9062,0.7581,1.0547,0.9474,1.1085
766,BACE1,5.4992,4,APEX1,False,1.0779,0.9062,0.7581,1.0547,0.9474,1.1085
766,SEC23B,5.4992,4,APEX1,False,1.0779,0.9062,0.7581,1.0547,0.9474,1.1085
766,PADI4,5.0461,7,APEX1,False,1.0779,0.9062,0.7581,1.0547,0.9474,1.1085
766,HADHB,5.0461,7,APEX1,False,1.0779,0.9062,0.7581,1.0547,0.9474,1.1085
766,RFC4,5.0461,7,APEX1,False,1.0779,0.9062,0.7581,1.0547,0.9474,1.1085
766,SF3B3,5.0461,7,APEX1,False,1.0779,0.9062,0.7581,1.0547,0.9474,1.1085
766,PERP,4.4919,11,APEX1,False,1.0779,0.9062,0.7581,1.0547,0.9474,1.1085
766,PRDX2,2.3443,12,APEX1,False,1.0779,0.9062,0.7581,1.0547,0.9474,1.1085
766,KDM1A,0.9474,13,APEX1,False,1.0779,0.9062,0.7581,1.0547,0.9474,1.1085
767,APEX1,10.6553,1,APEX1,True,1.1658,1.2366,1.1008,1.2462,1.2065,1.1207
767,TNFRSF10C,7.2074,2,APEX1,False,1.1658,1.2366,1.1008,1.2462,1.2065,1.1207
767,ARID5B,7.2074,2,APEX1,False,1.1658,1.2366,1.1008,1.2462,1.2065,1.1207
767,DHFR,6.589,4,APEX1,False,1.1658,1.2366,1.1008,1.2462,1.2065,1.1207
767,BACE1,6.589,4,APEX1,False,1.1658,1.2366,1.1008,1.2462,1.2065,1.1207
767,SEC23B,6.589,4,APEX1,False,1.1658,1.2366,1.1008,1.2462,1.2065,1.1207
767,PADI4,5.9707,7,APEX1,False,1.1658,1.2366,1.1008,1.2462,1.2065,1.1207
767,HADHB,5.9707,7,APEX1,False,1.1658,1.2366,1.1008,1.2462,1.2065,1.1207
767,RFC4,5.9707,7,APEX1,False,1.1658,1.2366,1.1008,1.2462,1.2065,1.1207
767,SF3B3,5.9707,7,APEX1,False,1.1658,1.2366,1.1008,1.2462,1.2065,1.1207
767,PERP,5.4103,11,APEX1,False,1.1658,1.2366,1.1008,1.2462,1.2065,1.1207
767,PRDX2,2.8946,12,APEX1,False,1.1658,1.2366,1.1008,1.2462,1.2065,1.1207
767,KDM1A,1.2065,13,APEX1,False,1.1658,1.2366,1.1008,1.2462,1.2065,1.1207
768,APEX1,9.224,1,APEX1,True,0.8381,1.1547,1.1817,0.8821,0.9039,0.9908
768,TNFRSF10C,5.9785,2,APEX1,False,0.8381,1.1547,1.1817,0.8821,0.9039,0.9908
768,ARID5B,5.9785,2,APEX1,False,0.8381,1.1547,1.1817,0.8821,0.9039,0.9908
768,DHFR,5.4011,4,APEX1,False,0.8381,1.1547,1.1817,0.8821,0.9039,0.9908
768,BACE1,5.4011,4,APEX1,False,0.8381,1.1547,1.1817,0.8821,0.9039,0.9908
768,SEC23B,5.4011,4,APEX1,False,0.8381,1.1547,1.1817,0.8821,0.9039,0.9908
768,PADI4,4.8238,7,APEX1,False,0.8381,1.1547,1.1817,0.8821,0.9039,0.9908
768,HADHB,4.8238,7,APEX1,False,0.8381,1.1547,1.1817,0.8821,0.9039,0.9908
768,RFC4,4.8238,7,APEX1,False,0.8381,1.1547,1.1817,0.8821,0.9039,0.9908
768,SF3B3,4.8238,7,APEX1,False,0.8381,1.1547,1.1817,0.8821,0.9039,0.9908
768,PERP,4.3284,11,APEX1,False,0.8381,1.1547,1.1817,0.8821,0.9039,0.9908
768,PRDX2,2.2861,12,APEX1,False,0.8381,1.1547,1.1817,0.8821,0.9039,0.9908
768,KDM1A,0.9039,13,APEX1,False,0.8381,1.1547,1.1817,0.8821,0.9039,0.9908
769,APEX1,8.6118,1,APEX1,True,1.1499,0.8357,0.9311,0.7927,0.8306,1.0171
769,TNFRSF10C,5.9569,2,APEX1,False,1.1499,0.8357,0.9311,0.7927,0.8306,1.0171
769,ARID5B,5.9569,2,APEX1,False,1.1499,0.8357,0.9311,0.7927,0.8306,1.0171
769,DHFR,5.539,4,APEX1,False,1.1499,0.8357,0.9311,0.7927,0.8306,1.0171
769,BACE1,5.539,4,APEX1,False,1.1499,0.8357,0.9311,0.7927,0.8306,1.0171
769,SEC23B,5.539,4,APEX1,False,1.1499,0.8357,0.9311,0.7927,0.8306,1.0171
769,PADI4,5.1212,7,APEX1,False,1.1499,0.8357,0.9311,0.7927,0.8306,1.0171
769,HADHB,5.1212,7,APEX1,False,1.1499,0.8357,0.9311,0.7927,0.8306,1.0171
769,RFC4,5.1212,7,APEX1,False,1.1499,0.8357,0.9311,0.7927,0.8306,1.0171
769,SF3B3,5.1212,7,APEX1,False,1.1499,0.8357,0.9311,0.7927,0.8306,1.0171
769,PERP,4.6126,11,APEX1,False,1.1499,0.8357,0.9311,0.7927,0.8306,1.0171
769,PRDX2,2.7887,12,APEX1,False,1.1499,0.8357,0.9311,0.7927,0.8306,1.0171
769,KDM1A,0.8306,13,APEX1,False,1.1499,0.8357,0.9311,0.7927,0.8306,1.0171
770,APEX1,8.4468,1,APEX1,True,0.7973,1.0794,0.8581,1.1006,1.067,0.9609
770,TNFRSF10C,5.6301,2,APEX1,False,0.7973,1.0794,0.8581,1.1006,1.067,0.9609
770,ARID5B,5.6301,2,APEX1,False,0.7973,1.0794,0.8581,1.1006,1.067,0.9609
770,DHFR,5.0904,4,APEX1,False,0.7973,1.0794,0.8581,1.1006,1.067,0.9609
770,BACE1,5.0904,4,APEX1,False,0.7973,1.0794,0.8581,1.1006,1.067,0.9609
770,SEC23B,5.0904,4,APEX1,False,0.7973,1.0794,0.8581,1.1006,1.067,0.9609
770,PADI4,4.5507,7,APEX1,False,0.7973,1.0794,0.8581,1.1006,1.067,0.9609
770,HADHB,4.5507,7,APEX1,False,0.7973,1.0794,0.8581,1.1006,1.067,0.9609
770,RFC4,4.5507,7,APEX1,False,0.7973,1.0794,0.8581,1.1006,1.067,0.9609
770,SF3B3,4.5507,7,APEX1,False,0.7973,1.0794,0.8581,1.1006,1.067,0.9609
770,PERP,4.0703,11,APEX1,False,0.7973,1.0794,0.8581,1.1006,1.067,0.9609
770,PRDX2,1.8905,12,APEX1,False,0.7973,1.0794,0.8581,1.1006,1.067,0.9609
770,KDM1A,1.067,13,APEX1,False,0.7973,1.0794,0.8581,1.1006,1.067,0.9609
771,APEX1,8.74,1,APEX1,True,1.0968,0.8978,0.85,1.0561,0.8344,0.7502
771,TNFRSF10C,5.9838,2,APEX1,False,1.0968,0.8978,0.85,1.0561,0.8344,0.7502
771,ARID5B,5.9838,2,APEX1,False,1.0968,0.8978,0.85,1.0561,0.8344,0.7502
771,DHFR,5.5349,4,APEX1,False,1.0968,0.8978,0.85,1.0561,0.8344,0.7502
771,BACE1,5.5349,4,APEX1,False,1.0968,0.8978,0.85,1.0561,0.8344,0.7502
771,SEC23B,5.5349,4,APEX1,False,1.0968,0.8978,0.85,1.0561,0.8344,0.7502
771,PADI4,5.086,7,APEX1,False,1.0968,0.8978,0.85,1.0561,0.8344,0.7502
771,HADHB,5.086,7,APEX1,False,1.0968,0.8978,0.85,1.0561,0.8344,0.7502
771,RFC4,5.086,7,APEX1,False,1.0968,0.8978,0.85,1.0561,0.8344,0.7502
771,SF3B3,5.086,7,APEX1,False,1.0968,0.8978,0.85,1.0561,0.8344,0.7502
771,PERP,4.7109,11,APEX1,False,1.0968,0.8978,0.85,1.0561,0.8344,0.7502
771,PRDX2,2.8418,12,APEX1,False,1.0968,0.8978,0.85,1.0561,0.8344,0.7502
771,KDM1A,0.8344,13,APEX1,False,1.0968,0.8978,0.85,1.0561,0.8344,0.7502
772,APEX1,10.1584,1,APEX1,True,1.1535,1.1587,1.1428,0.9361,0.8116,0.7965
772,TNFRSF10C,6.9368,2,APEX1,False,1.1535,1.1587,1.1428,0.9361,0.8116,0.7965
772,ARID5B,6.9368,2,APEX1,False,1.1535,1.1587,1.1428,0.9361,0.8116,0.7965
772,DHFR,6.3574,4,APEX1,False,1.1535,1.1587,1.1428,0.9361,0.8116,0.7965
772,BACE1,6.3574,4,APEX1,False,1.1535,1.1587,1.1428,0.9361,0.8116,0.7965
772,SEC23B,6.3574,4,APEX1,False,1.1535,1.1587,1.1428,0.9361,0.8116,0.7965
772,PADI4,5.7781,7,APEX1,False,1.1535,1.1587,1.1428,0.9361,0.8116,0.7965
772,HADHB,5.7781,7,APEX1,False,1.1535,1.1587,1.1428,0.9361,0.8116,0.7965
772,RFC4,5.7781,7,APEX1,False,1.1535,1.1587,1.1428,0.9361,0.8116,0.7965
772,SF3B3,5.7781,7,APEX1,False,1.1535,1.1587,1.1428,0.9361,0.8116,0.7965
772,PERP,5.3798,11,APEX1,False,1.1535,1.1587,1.1428,0.9361,0.8116,0.7965
772,PRDX2,3.2302,12,APEX1,False,1.1535,1.1587,1.1428,0.9361,0.8116,0.7965
772,KDM1A,0.8116,13,APEX1,False,1.1535,1.1587,1.1428,0.9361,0.8116,0.7965
773,APEX1,9.7361,1,APEX1,True,0.978,1.0909,1.2369,1.0557,1.0241,1.1844
773,TNFRSF10C,6.2067,2,APEX1,False,0.978,1.0909,1.2369,1.0557,1.0241,1.1844
773,ARID5B,6.2067,2,APEX1,False,0.978,1.0909,1.2369,1.0557,1.0241,1.1844
773,DHFR,5.6612,4,APEX1,False,0.978,1.0909,1.2369,1.0557,1.0241,1.1844
773,BACE1,5.6612,4,APEX1,False,0.978,1.0909,1.2369,1.0557,1.0241,1.1844
773,SEC23B,5.6612,4,APEX1,False,0.978,1.0909,1.2369,1.0557,1.0241,1.1844
773,PADI4,5.1158,7,APEX1,False,0.978,1.0909,1.2369,1.0557,1.0241,1.1844
773,HADHB,5.1158,7,APEX1,False,0.978,1.0909,1.2369,1.0557,1.0241,1.1844
773,RFC4,5.1158,7,APEX1,False,0.978,1.0909,1.2369,1.0557,1.0241,1.1844
773,SF3B3,5.1158,7,APEX1,False,0.978,1.0909,1.2369,1.0557,1.0241,1.1844
773,PERP,4.5236,11,APEX1,False,0.978,1.0909,1.2369,1.0557,1.0241,1.1844
773,PRDX2,2.4974,12,APEX1,False,0.978,1.0909,1.2369,1.0557,1.0241,1.1844
773,KDM1A,1.0241,13,APEX1,False,0.978,1.0909,1.2369,1.0557,1.0241,1.1844
774,APEX1,8.5261,1,APEX1,True,0.8692,1.0364,0.9197,0.9697,0.9414,0.8168
774,TNFRSF10C,5.7169,2,APEX1,False,0.8692,1.0364,0.9197,0.9697,0.9414,0.8168
774,ARID5B,5.7169,2,APEX1,False,0.8692,1.0364,0.9197,0.9697,0.9414,0.8168
774,DHFR,5.1987,4,APEX1,False,0.8692,1.0364,0.9197,0.9697,0.9414,0.8168
774,BACE1,5.1987,4,APEX1,False,0.8692,1.0364,0.9197,0.9697,0.9414,0.8168
774,SEC23B,5.1987,4,APEX1,False,0.8692,1.0364,0.9197,0.9697,0.9414,0.8168
774,PADI4,4.6805,7,APEX1,False,0.8692,1.0364,0.9197,0.9697,0.9414,0.8168
774,HADHB,4.6805,7,APEX1,False,0.8692,1.0364,0.9197,0.9697,0.9414,0.8168
774,RFC4,4.6805,7,APEX1,False,0.8692,1.0364,0.9197,0.9697,0.9414,0.8168
774,SF3B3,4.6805,7,APEX1,False,0.8692,1.0364,0.9197,0.9697,0.9414,0.8168
774,PERP,4.2721,11,APEX1,False,0.8692,1.0364,0.9197,0.9697,0.9414,0.8168
774,PRDX2,2.2759,12,APEX1,False,0.8692,1.0364,0.9197,0.9697,0.9414,0.8168
774,KDM1A,0.9414,13,APEX1,False,0.8692,1.0364,0.9197,0.9697,0.9414,0.8168
775,APEX1,9.9505,1,APEX1,True,1.2092,0.9789,1.2467,0.8928,1.0286,1.2066
775,TNFRSF10C,6.5643,2,APEX1,False,1.2092,0.9789,1.2467,0.8928,1.0286,1.2066
775,ARID5B,6.5643,2,APEX1,False,1.2092,0.9789,1.2467,0.8928,1.0286,1.2066
775,DHFR,6.0748,4,APEX1,False,1.2092,0.9789,1.2467,0.8928,1.0286,1.2066
775,BACE1,6.0748,4,APEX1,False,1.2092,0.9789,1.2467,0.8928,1.0286,1.2066
775,SEC23B,6.0748,4,APEX1,False,1.2092,0.9789,1.2467,0.8928,1.0286,1.2066
775,PADI4,5.5854,7,APEX1,False,1.2092,0.9789,1.2467,0.8928,1.0286,1.2066
775,HADHB,5.5854,7,APEX1,False,1.2092,0.9789,1.2467,0.8928,1.0286,1.2066
775,RFC4,5.5854,7,APEX1,False,1.2092,0.9789,1.2467,0.8928,1.0286,1.2066
775,SF3B3,5.5854,7,APEX1,False,1.2092,0.9789,1.2467,0.8928,1.0286,1.2066
775,PERP,4.9821,11,APEX1,False,1.2092,0.9789,1.2467,0.8928,1.0286,1.2066
775,PRDX2,3.063,12,APEX1,False,1.2092,0.9789,1.2467,0.8928,1.0286,1.2066
775,KDM1A,1.0286,13,APEX1,False,1.2092,0.9789,1.2467,0.8928,1.0286,1.2066
776,APEX1,8.8896,1,APEX1,True,0.7991,1.023,1.1474,1.1282,1.1475,0.9269
776,TNFRSF10C,5.4666,2,APEX1,False,0.7991,1.023,1.1474,1.1282,1.1475,0.9269
776,ARID5B,5.4666,2,APEX1,False,0.7991,1.023,1.1474,1.1282,1.1475,0.9269
776,DHFR,4.9551,4,APEX1,False,0.7991,1.023,1.1474,1.1282,1.1475,0.9269
776,BACE1,4.9551,4,APEX1,False,0.7991,1.023,1.1474,1.1282,1.1475,0.9269
776,SEC23B,4.9551,4,APEX1,False,0.7991,1.023,1.1474,1.1282,1.1475,0.9269
776,PADI4,4.4435,7,APEX1,False,0.7991,1.023,1.1474,1.1282,1.1475,0.9269
776,HADHB,4.4435,7,APEX1,False,0.7991,1.023,1.1474,1.1282,1.1475,0.9269
776,RFC4,4.4435,7,APEX1,False,0.7991,1.023,1.1474,1.1282,1.1475,0.9269
776,SF3B3,4.4435,7,APEX1,False,0.7991,1.023,1.1474,1.1282,1.1475,0.9269
776,PERP,3.9801,11,APEX1,False,0.7991,1.023,1.1474,1.1282,1.1475,0.9269
776,PRDX2,2.2184,12,APEX1,False,0.7991,1.023,1.1474,1.1282,1.1475,0.9269
776,KDM1A,1.1475,13,APEX1,False,0.7991,1.023,1.1474,1.1282,1.1475,0.9269
777,APEX1,8.5958,1,APEX1,True,0.8789,1.1006,0.8697,0.918,1.1546,0.7963
777,TNFRSF10C,5.9385,2,APEX1,False,0.8789,1.1006,0.8697,0.918,1.1546,0.7963
777,ARID5B,5.9385,2,APEX1,False,0.8789,1.1006,0.8697,0.918,1.1546,0.7963
777,DHFR,5.3882,4,APEX1,False,0.8789,1.1006,0.8697,0.918,1.1546,0.7963
777,BACE1,5.3882,4,APEX1,False,0.8789,1.1006,0.8697,0.918,1.1546,0.7963
777,SEC23B,5.3882,4,APEX1,False,0.8789,1.1006,0.8697,0.918,1.1546,0.7963
777,PADI4,4.8378,7,APEX1,False,0.8789,1.1006,0.8697,0.918,1.1546,0.7963
777,HADHB,4.8378,7,APEX1,False,0.8789,1.1006,0.8697,0.918,1.1546,0.7963
777,RFC4,4.8378,7,APEX1,False,0.8789,1.1006,0.8697,0.918,1.1546,0.7963
777,SF3B3,4.8378,7,APEX1,False,0.8789,1.1006,0.8697,0.918,1.1546,0.7963
777,PERP,4.4397,11,APEX1,False,0.8789,1.1006,0.8697,0.918,1.1546,0.7963
777,PRDX2,2.2705,12,APEX1,False,0.8789,1.1006,0.8697,0.918,1.1546,0.7963
777,KDM1A,1.1546,13,APEX1,False,0.8789,1.1006,0.8697,0.918,1.1546,0.7963
778,APEX1,9.1324,1,APEX1,True,0.9542,1.2041,0.792,1.0732,0.8778,0.8218
778,TNFRSF10C,6.4751,2,APEX1,False,0.9542,1.2041,0.792,1.0732,0.8778,0.8218
778,ARID5B,6.4751,2,APEX1,False,0.9542,1.2041,0.792,1.0732,0.8778,0.8218
778,DHFR,5.8731,4,APEX1,False,0.9542,1.2041,0.792,1.0732,0.8778,0.8218
778,BACE1,5.8731,4,APEX1,False,0.9542,1.2041,0.792,1.0732,0.8778,0.8218
778,SEC23B,5.8731,4,APEX1,False,0.9542,1.2041,0.792,1.0732,0.8778,0.8218
778,PADI4,5.271,7,APEX1,False,0.9542,1.2041,0.792,1.0732,0.8778,0.8218
778,HADHB,5.271,7,APEX1,False,0.9542,1.2041,0.792,1.0732,0.8778,0.8218
778,RFC4,5.271,7,APEX1,False,0.9542,1.2041,0.792,1.0732,0.8778,0.8218
778,SF3B3,5.271,7,APEX1,False,0.9542,1.2041,0.792,1.0732,0.8778,0.8218
778,PERP,4.8601,11,APEX1,False,0.9542,1.2041,0.792,1.0732,0.8778,0.8218
778,PRDX2,2.3558,12,APEX1,False,0.9542,1.2041,0.792,1.0732,0.8778,0.8218
778,KDM1A,0.8778,13,APEX1,False,0.9542,1.2041,0.792,1.0732,0.8778,0.8218
779,APEX1,9.1098,1,APEX1,True,0.9556,1.2234,0.9004,0.772,1.2036,0.8626
779,TNFRSF10C,6.537,2,APEX1,False,0.9556,1.2234,0.9004,0.772,1.2036,0.8626
779,ARID5B,6.537,2,APEX1,False,0.9556,1.2234,0.9004,0.772,1.2036,0.8626
779,DHFR,5.9253,4,APEX1,False,0.9556,1.2234,0.9004,0.772,1.2036,0.8626
779,BACE1,5.9253,4,APEX1,False,0.9556,1.2234,0.9004,0.772,1.2036,0.8626
779,SEC23B,5.9253,4,APEX1,False,0.9556,1.2234,0.9004,0.772,1.2036,0.8626
779,PADI4,5.3136,7,APEX1,False,0.9556,1.2234,0.9004,0.772,1.2036,0.8626
779,HADHB,5.3136,7,APEX1,False,0.9556,1.2234,0.9004,0.772,1.2036,0.8626
779,RFC4,5.3136,7,APEX1,False,0.9556,1.2234,0.9004,0.772,1.2036,0.8626
779,SF3B3,5.3136,7,APEX1,False,0.9556,1.2234,0.9004,0.772,1.2036,0.8626
779,PERP,4.8823,11,APEX1,False,0.9556,1.2234,0.9004,0.772,1.2036,0.8626
779,PRDX2,2.4269,12,APEX1,False,0.9556,1.2234,0.9004,0.772,1.2036,0.8626
779,KDM1A,1.2036,13,APEX1,False,0.9556,1.2234,0.9004,0.772,1.2036,0.8626
780,APEX1,9.1367,1,APEX1,True,1.046,1.121,0.817,1.0017,0.8345,1.0769
780,TNFRSF10C,6.5011,2,APEX1,False,1.046,1.121,0.817,1.0017,0.8345,1.0769
780,ARID5B,6.5011,2,APEX1,False,1.046,1.121,0.817,1.0017,0.8345,1.0769
780,DHFR,5.9406,4,APEX1,False,1.046,1.121,0.817,1.0017,0.8345,1.0769
780,BACE1,5.9406,4,APEX1,False,1.046,1.121,0.817,1.0017,0.8345,1.0769
780,SEC23B,5.9406,4,APEX1,False,1.046,1.121,0.817,1.0017,0.8345,1.0769
780,PADI4,5.3801,7,APEX1,False,1.046,1.121,0.817,1.0017,0.8345,1.0769
780,HADHB,5.3801,7,APEX1,False,1.046,1.121,0.817,1.0017,0.8345,1.0769
780,RFC4,5.3801,7,APEX1,False,1.046,1.121,0.817,1.0017,0.8345,1.0769
780,SF3B3,5.3801,7,APEX1,False,1.046,1.121,0.817,1.0017,0.8345,1.0769
780,PERP,4.8417,11,APEX1,False,1.046,1.121,0.817,1.0017,0.8345,1.0769
780,PRDX2,2.3552,12,APEX1,False,1.046,1.121,0.817,1.0017,0.8345,1.0769
780,KDM1A,0.8345,13,APEX1,False,1.046,1.121,0.817,1.0017,0.8345,1.0769
781,APEX1,7.8269,1,APEX1,True,0.8629,0.7578,0.9209,1.1229,1.2219,1.2424
781,TNFRSF10C,4.8622,2,APEX1,False,0.8629,0.7578,0.9209,1.1229,1.2219,1.2424
781,ARID5B,4.8622,2,APEX1,False,0.8629,0.7578,0.9209,1.1229,1.2219,1.2424
781,DHFR,4.4833,4,APEX1,False,0.8629,0.7578,0.9209,1.1229,1.2219,1.2424
781,BACE1,4.4833,4,APEX1,False,0.8629,0.7578,0.9209,1.1229,1.2219,1.2424
781,SEC23B,4.4833,4,APEX1,False,0.8629,0.7578,0.9209,1.1229,1.2219,1.2424
781,PADI4,4.1044,7,APEX1,False,0.8629,0.7578,0.9209,1.1229,1.2219,1.2424
781,HADHB,4.1044,7,APEX1,False,0.8629,0.7578,0.9209,1.1229,1.2219,1.2424
781,RFC4,4.1044,7,APEX1,False,0.8629,0.7578,0.9209,1.1229,1.2219,1.2424
781,SF3B3,4.1044,7,APEX1,False,0.8629,0.7578,0.9209,1.1229,1.2219,1.2424
781,PERP,3.4832,11,APEX1,False,0.8629,0.7578,0.9209,1.1229,1.2219,1.2424
781,PRDX2,1.8358,12,APEX1,False,0.8629,0.7578,0.9209,1.1229,1.2219,1.2424
781,KDM1A,1.2219,13,APEX1,False,0.8629,0.7578,0.9209,1.1229,1.2219,1.2424
782,APEX1,8.9275,1,APEX1,True,0.9185,1.0711,1.0347,0.8892,1.1452,1.0394
782,TNFRSF10C,5.9688,2,APEX1,False,0.9185,1.0711,1.0347,0.8892,1.1452,1.0394
782,ARID5B,5.9688,2,APEX1,False,0.9185,1.0711,1.0347,0.8892,1.1452,1.0394
782,DHFR,5.4333,4,APEX1,False,0.9185,1.0711,1.0347,0.8892,1.1452,1.0394
782,BACE1,5.4333,4,APEX1,False,0.9185,1.0711,1.0347,0.8892,1.1452,1.0394
782,SEC23B,5.4333,4,APEX1,False,0.9185,1.0711,1.0347,0.8892,1.1452,1.0394
782,PADI4,4.8977,7,APEX1,False,0.9185,1.0711,1.0347,0.8892,1.1452,1.0394
782,HADHB,4.8977,7,APEX1,False,0.9185,1.0711,1.0347,0.8892,1.1452,1.0394
782,RFC4,4.8977,7,APEX1,False,0.9185,1.0711,1.0347,0.8892,1.1452,1.0394
782,SF3B3,4.8977,7,APEX1,False,0.9185,1.0711,1.0347,0.8892,1.1452,1.0394
782,PERP,4.378,11,APEX1,False,0.9185,1.0711,1.0347,0.8892,1.1452,1.0394
782,PRDX2,2.2916,12,APEX1,False,0.9185,1.0711,1.0347,0.8892,1.1452,1.0394
782,KDM1A,1.1452,13,APEX1,False,0.9185,1.0711,1.0347,0.8892,1.1452,1.0394
783,APEX1,9.6113,1,APEX1,True,0.8878,1.1976,1.1708,1.0135,1.2043,1.1195
783,TNFRSF10C,6.2562,2,APEX1,False,0.8878,1.1976,1.1708,1.0135,1.2043,1.1195
783,ARID5B,6.2562,2,APEX1,False,0.8878,1.1976,1.1708,1.0135,1.2043,1.1195
783,DHFR,5.6574,4,APEX1,False,0.8878,1.1976,1.1708,1.0135,1.2043,1.1195
783,BACE1,5.6574,4,APEX1,False,0.8878,1.1976,1.1708,1.0135,1.2043,1.1195
783,SEC23B,5.6574,4,APEX1,False,0.8878,1.1976,1.1708,1.0135,1.2043,1.1195
783,PADI4,5.0586,7,APEX1,False,0.8878,1.1976,1.1708,1.0135,1.2043,1.1195
783,HADHB,5.0586,7,APEX1,False,0.8878,1.1976,1.1708,1.0135,1.2043,1.1195
783,RFC4,5.0586,7,APEX1,False,0.8878,1.1976,1.1708,1.0135,1.2043,1.1195
783,SF3B3,5.0586,7,APEX1,False,0.8878,1.1976,1.1708,1.0135,1.2043,1.1195
783,PERP,4.4989,11,APEX1,False,0.8878,1.1976,1.1708,1.0135,1.2043,1.1195
783,PRDX2,2.2709,12,APEX1,False,0.8878,1.1976,1.1708,1.0135,1.2043,1.1195
783,KDM1A,1.2043,13,APEX1,False,0.8878,1.1976,1.1708,1.0135,1.2043,1.1195
784,APEX1,9.7952,1,APEX1,True,1.2053,1.061,0.9813,1.0337,0.7771,0.797
784,TNFRSF10C,6.7989,2,APEX1,False,1.2053,1.061,0.9813,1.0337,0.7771,0.797
784,ARID5B,6.7989,2,APEX1,False,1.2053,1.061,0.9813,1.0337,0.7771,0.797
784,DHFR,6.2684,4,APEX1,False,1.2053,1.061,0.9813,1.0337,0.7771,0.797
784,BACE1,6.2684,4,APEX1,False,1.2053,1.061,0.9813,1.0337,0.7771,0.797
784,SEC23B,6.2684,4,APEX1,False,1.2053,1.061,0.9813,1.0337,0.7771,0.797
784,PADI4,5.7379,7,APEX1,False,1.2053,1.061,0.9813,1.0337,0.7771,0.797
784,HADHB,5.7379,7,APEX1,False,1.2053,1.061,0.9813,1.0337,0.7771,0.797
784,RFC4,5.7379,7,APEX1,False,1.2053,1.061,0.9813,1.0337,0.7771,0.797
784,SF3B3,5.7379,7,APEX1,False,1.2053,1.061,0.9813,1.0337,0.7771,0.797
784,PERP,5.3394,11,APEX1,False,1.2053,1.061,0.9813,1.0337,0.7771,0.797
784,PRDX2,3.1977,12,APEX1,False,1.2053,1.061,0.9813,1.0337,0.7771,0.797
784,KDM1A,0.7771,13,APEX1,False,1.2053,1.061,0.9813,1.0337,0.7771,0.797
785,APEX1,9.2849,1,APEX1,True,1.0268,0.9708,1.2265,0.839,1.0772,1.1733
785,TNFRSF10C,5.9928,2,APEX1,False,1.0268,0.9708,1.2265,0.839,1.0772,1.1733
785,ARID5B,5.9928,2,APEX1,False,1.0268,0.9708,1.2265,0.839,1.0772,1.1733
785,DHFR,5.5074,4,APEX1,False,1.0268,0.9708,1.2265,0.839,1.0772,1.1733
785,BACE1,5.5074,4,APEX1,False,1.0268,0.9708,1.2265,0.839,1.0772,1.1733
785,SEC23B,5.5074,4,APEX1,False,1.0268,0.9708,1.2265,0.839,1.0772,1.1733
785,PADI4,5.022,7,APEX1,False,1.0268,0.9708,1.2265,0.839,1.0772,1.1733
785,HADHB,5.022,7,APEX1,False,1.0268,0.9708,1.2265,0.839,1.0772,1.1733
785,RFC4,5.022,7,APEX1,False,1.0268,0.9708,1.2265,0.839,1.0772,1.1733
785,SF3B3,5.022,7,APEX1,False,1.0268,0.9708,1.2265,0.839,1.0772,1.1733
785,PERP,4.4353,11,APEX1,False,1.0268,0.9708,1.2265,0.839,1.0772,1.1733
785,PRDX2,2.6202,12,APEX1,False,1.0268,0.9708,1.2265,0.839,1.0772,1.1733
785,KDM1A,1.0772,13,APEX1,False,1.0268,0.9708,1.2265,0.839,1.0772,1.1733
786,APEX1,9.9671,1,APEX1,True,1.187,0.9363,1.2384,1.1203,1.1902,0.999
786,TNFRSF10C,6.3699,2,APEX1,False,1.187,0.9363,1.2384,1.1203,1.1902,0.999
786,ARID5B,6.3699,2,APEX1,False,1.187,0.9363,1.2384,1.1203,1.1902,0.999
786,DHFR,5.9018,4,APEX1,False,1.187,0.9363,1.2384,1.1203,1.1902,0.999
786,BACE1,5.9018,4,APEX1,False,1.187,0.9363,1.2384,1.1203,1.1902,0.999
786,SEC23B,5.9018,4,APEX1,False,1.187,0.9363,1.2384,1.1203,1.1902,0.999
786,PADI4,5.4337,7,APEX1,False,1.187,0.9363,1.2384,1.1203,1.1902,0.999
786,HADHB,5.4337,7,APEX1,False,1.187,0.9363,1.2384,1.1203,1.1902,0.999
786,RFC4,5.4337,7,APEX1,False,1.187,0.9363,1.2384,1.1203,1.1902,0.999
786,SF3B3,5.4337,7,APEX1,False,1.187,0.9363,1.2384,1.1203,1.1902,0.999
786,PERP,4.9342,11,APEX1,False,1.187,0.9363,1.2384,1.1203,1.1902,0.999
786,PRDX2,3.2071,12,APEX1,False,1.187,0.9363,1.2384,1.1203,1.1902,0.999
786,KDM1A,1.1902,13,APEX1,False,1.187,0.9363,1.2384,1.1203,1.1902,0.999
787,APEX1,8.7368,1,APEX1,True,0.9401,1.0725,0.9344,0.8303,1.1297,0.9442
787,TNFRSF10C,6.0378,2,APEX1,False,0.9401,1.0725,0.9344,0.8303,1.1297,0.9442
787,ARID5B,6.0378,2,APEX1,False,0.9401,1.0725,0.9344,0.8303,1.1297,0.9442
787,DHFR,5.5016,4,APEX1,False,0.9401,1.0725,0.9344,0.8303,1.1297,0.9442
787,BACE1,5.5016,4,APEX1,False,0.9401,1.0725,0.9344,0.8303,1.1297,0.9442
787,SEC23B,5.5016,4,APEX1,False,0.9401,1.0725,0.9344,0.8303,1.1297,0.9442
787,PADI4,4.9653,7,APEX1,False,0.9401,1.0725,0.9344,0.8303,1.1297,0.9442
787,HADHB,4.9653,7,APEX1,False,0.9401,1.0725,0.9344,0.8303,1.1297,0.9442
787,RFC4,4.9653,7,APEX1,False,0.9401,1.0725,0.9344,0.8303,1.1297,0.9442
787,SF3B3,4.9653,7,APEX1,False,0.9401,1.0725,0.9344,0.8303,1.1297,0.9442
787,PERP,4.4932,11,APEX1,False,0.9401,1.0725,0.9344,0.8303,1.1297,0.9442
787,PRDX2,2.3404,12,APEX1,False,0.9401,1.0725,0.9344,0.8303,1.1297,0.9442
787,KDM1A,1.1297,13,APEX1,False,0.9401,1.0725,0.9344,0.8303,1.1297,0.9442
788,APEX1,8.8124,1,APEX1,True,0.8662,1.0239,1.0877,0.9665,1.1042,0.7864
788,TNFRSF10C,5.6705,2,APEX1,False,0.8662,1.0239,1.0877,0.9665,1.1042,0.7864
788,ARID5B,5.6705,2,APEX1,False,0.8662,1.0239,1.0877,0.9665,1.1042,0.7864
788,DHFR,5.1586,4,APEX1,False,0.8662,1.0239,1.0877,0.9665,1.1042,0.7864
788,BACE1,5.1586,4,APEX1,False,0.8662,1.0239,1.0877,0.9665,1.1042,0.7864
788,SEC23B,5.1586,4,APEX1,False,0.8662,1.0239,1.0877,0.9665,1.1042,0.7864
788,PADI4,4.6466,7,APEX1,False,0.8662,1.0239,1.0877,0.9665,1.1042,0.7864
788,HADHB,4.6466,7,APEX1,False,0.8662,1.0239,1.0877,0.9665,1.1042,0.7864
788,RFC4,4.6466,7,APEX1,False,0.8662,1.0239,1.0877,0.9665,1.1042,0.7864
788,SF3B3,4.6466,7,APEX1,False,0.8662,1.0239,1.0877,0.9665,1.1042,0.7864
788,PERP,4.2534,11,APEX1,False,0.8662,1.0239,1.0877,0.9665,1.1042,0.7864
788,PRDX2,2.4669,12,APEX1,False,0.8662,1.0239,1.0877,0.9665,1.1042,0.7864
788,KDM1A,1.1042,13,APEX1,False,0.8662,1.0239,1.0877,0.9665,1.1042,0.7864
789,APEX1,8.4735,1,APEX1,True,1.0707,0.8434,0.8478,1.0358,0.778,1.119
789,TNFRSF10C,5.7421,2,APEX1,False,1.0707,0.8434,0.8478,1.0358,0.778,1.119
789,ARID5B,5.7421,2,APEX1,False,1.0707,0.8434,0.8478,1.0358,0.778,1.119
789,DHFR,5.3204,4,APEX1,False,1.0707,0.8434,0.8478,1.0358,0.778,1.119
789,BACE1,5.3204,4,APEX1,False,1.0707,0.8434,0.8478,1.0358,0.778,1.119
789,SEC23B,5.3204,4,APEX1,False,1.0707,0.8434,0.8478,1.0358,0.778,1.119
789,PADI4,4.8987,7,APEX1,False,1.0707,0.8434,0.8478,1.0358,0.778,1.119
789,HADHB,4.8987,7,APEX1,False,1.0707,0.8434,0.8478,1.0358,0.778,1.119
789,RFC4,4.8987,7,APEX1,False,1.0707,0.8434,0.8478,1.0358,0.778,1.119
789,SF3B3,4.8987,7,APEX1,False,1.0707,0.8434,0.8478,1.0358,0.778,1.119
789,PERP,4.3392,11,APEX1,False,1.0707,0.8434,0.8478,1.0358,0.778,1.119
789,PRDX2,2.4055,12,APEX1,False,1.0707,0.8434,0.8478,1.0358,0.778,1.119
789,KDM1A,0.778,13,APEX1,False,1.0707,0.8434,0.8478,1.0358,0.778,1.119
790,APEX1,9.4745,1,APEX1,True,1.2486,0.8425,1.001,1.1993,0.7881,0.77
790,TNFRSF10C,6.2732,2,APEX1,False,1.2486,0.8425,1.001,1.1993,0.7881,0.77
790,ARID5B,6.2732,2,APEX1,False,1.2486,0.8425,1.001,1.1993,0.7881,0.77
790,DHFR,5.8519,4,APEX1,False,1.2486,0.8425,1.001,1.1993,0.7881,0.77
790,BACE1,5.8519,4,APEX1,False,1.2486,0.8425,1.001,1.1993,0.7881,0.77
790,SEC23B,5.8519,4,APEX1,False,1.2486,0.8425,1.001,1.1993,0.7881,0.77
790,PADI4,5.4307,7,APEX1,False,1.2486,0.8425,1.001,1.1993,0.7881,0.77
790,HADHB,5.4307,7,APEX1,False,1.2486,0.8425,1.001,1.1993,0.7881,0.77
790,RFC4,5.4307,7,APEX1,False,1.2486,0.8425,1.001,1.1993,0.7881,0.77
790,SF3B3,5.4307,7,APEX1,False,1.2486,0.8425,1.001,1.1993,0.7881,0.77
790,PERP,5.0457,11,APEX1,False,1.2486,0.8425,1.001,1.1993,0.7881,0.77
790,PRDX2,3.3525,12,APEX1,False,1.2486,0.8425,1.001,1.1993,0.7881,0.77
790,KDM1A,0.7881,13,APEX1,False,1.2486,0.8425,1.001,1.1993,0.7881,0.77
791,APEX1,9.5177,1,APEX1,True,1.0472,0.9968,1.1613,1.0633,1.1471,0.9999
791,TNFRSF10C,6.1319,2,APEX1,False,1.0472,0.9968,1.1613,1.0633,1.1471,0.9999
791,ARID5B,6.1319,2,APEX1,False,1.0472,0.9968,1.1613,1.0633,1.1471,0.9999
791,DHFR,5.6335,4,APEX1,False,1.0472,0.9968,1.1613,1.0633,1.1471,0.9999
791,BACE1,5.6335,4,APEX1,False,1.0472,0.9968,1.1613,1.0633,1.1471,0.9999
791,SEC23B,5.6335,4,APEX1,False,1.0472,0.9968,1.1613,1.0633,1.1471,0.9999
791,PADI4,5.1351,7,APEX1,False,1.0472,0.9968,1.1613,1.0633,1.1471,0.9999
791,HADHB,5.1351,7,APEX1,False,1.0472,0.9968,1.1613,1.0633,1.1471,0.9999
791,RFC4,5.1351,7,APEX1,False,1.0472,0.9968,1.1613,1.0633,1.1471,0.9999
791,SF3B3,5.1351,7,APEX1,False,1.0472,0.9968,1.1613,1.0633,1.1471,0.9999
791,PERP,4.6352,11,APEX1,False,1.0472,0.9968,1.1613,1.0633,1.1471,0.9999
791,PRDX2,2.7793,12,APEX1,False,1.0472,0.9968,1.1613,1.0633,1.1471,0.9999
791,KDM1A,1.1471,13,APEX1,False,1.0472,0.9968,1.1613,1.0633,1.1471,0.9999
792,APEX1,9.7471,1,APEX1,True,1.2198,1.1776,0.894,0.7671,1.1494,0.8088
792,TNFRSF10C,7.1921,2,APEX1,False,1.2198,1.1776,0.894,0.7671,1.1494,0.8088
792,ARID5B,7.1921,2,APEX1,False,1.2198,1.1776,0.894,0.7671,1.1494,0.8088
792,DHFR,6.6033,4,APEX1,False,1.2198,1.1776,0.894,0.7671,1.1494,0.8088
792,BACE1,6.6033,4,APEX1,False,1.2198,1.1776,0.894,0.7671,1.1494,0.8088
792,SEC23B,6.6033,4,APEX1,False,1.2198,1.1776,0.894,0.7671,1.1494,0.8088
792,PADI4,6.0145,7,APEX1,False,1.2198,1.1776,0.894,0.7671,1.1494,0.8088
792,HADHB,6.0145,7,APEX1,False,1.2198,1.1776,0.894,0.7671,1.1494,0.8088
792,RFC4,6.0145,7,APEX1,False,1.2198,1.1776,0.894,0.7671,1.1494,0.8088
792,SF3B3,6.0145,7,APEX1,False,1.2198,1.1776,0.894,0.7671,1.1494,0.8088
792,PERP,5.6101,11,APEX1,False,1.2198,1.1776,0.894,0.7671,1.1494,0.8088
792,PRDX2,3.1346,12,APEX1,False,1.2198,1.1776,0.894,0.7671,1.1494,0.8088
792,KDM1A,1.1494,13,APEX1,False,1.2198,1.1776,0.894,0.7671,1.1494,0.8088
793,APEX1,8.6351,1,APEX1,True,0.9427,1.1029,0.8352,0.8279,0.9559,0.7541
793,TNFRSF10C,6.1368,2,APEX1,False,0.9427,1.1029,0.8352,0.8279,0.9559,0.7541
793,ARID5B,6.1368,2,APEX1,False,0.9427,1.1029,0.8352,0.8279,0.9559,0.7541
793,DHFR,5.5854,4,APEX1,False,0.9427,1.1029,0.8352,0.8279,0.9559,0.7541
793,BACE1,5.5854,4,APEX1,False,0.9427,1.1029,0.8352,0.8279,0.9559,0.7541
793,SEC23B,5.5854,4,APEX1,False,0.9427,1.1029,0.8352,0.8279,0.9559,0.7541
793,PADI4,5.0339,7,APEX1,False,0.9427,1.1029,0.8352,0.8279,0.9559,0.7541
793,HADHB,5.0339,7,APEX1,False,0.9427,1.1029,0.8352,0.8279,0.9559,0.7541
793,RFC4,5.0339,7,APEX1,False,0.9427,1.1029,0.8352,0.8279,0.9559,0.7541
793,SF3B3,5.0339,7,APEX1,False,0.9427,1.1029,0.8352,0.8279,0.9559,0.7541
793,PERP,4.6569,11,APEX1,False,0.9427,1.1029,0.8352,0.8279,0.9559,0.7541
793,PRDX2,2.4379,12,APEX1,False,0.9427,1.1029,0.8352,0.8279,0.9559,0.7541
793,KDM1A,0.9559,13,APEX1,False,0.9427,1.1029,0.8352,0.8279,0.9559,0.7541
794,APEX1,7.7614,1,APEX1,True,1.0203,0.7812,0.7646,0.8277,1.1614,1.0016
794,TNFRSF10C,5.4044,2,APEX1,False,1.0203,0.7812,0.7646,0.8277,1.1614,1.0016
794,ARID5B,5.4044,2,APEX1,False,1.0203,0.7812,0.7646,0.8277,1.1614,1.0016
794,DHFR,5.0138,4,APEX1,False,1.0203,0.7812,0.7646,0.8277,1.1614,1.0016
794,BACE1,5.0138,4,APEX1,False,1.0203,0.7812,0.7646,0.8277,1.1614,1.0016
794,SEC23B,5.0138,4,APEX1,False,1.0203,0.7812,0.7646,0.8277,1.1614,1.0016
794,PADI4,4.6232,7,APEX1,False,1.0203,0.7812,0.7646,0.8277,1.1614,1.0016
794,HADHB,4.6232,7,APEX1,False,1.0203,0.7812,0.7646,0.8277,1.1614,1.0016
794,RFC4,4.6232,7,APEX1,False,1.0203,0.7812,0.7646,0.8277,1.1614,1.0016
794,SF3B3,4.6232,7,APEX1,False,1.0203,0.7812,0.7646,0.8277,1.1614,1.0016
794,PERP,4.1224,11,APEX1,False,1.0203,0.7812,0.7646,0.8277,1.1614,1.0016
794,PRDX2,2.3138,12,APEX1,False,1.0203,0.7812,0.7646,0.8277,1.1614,1.0016
794,KDM1A,1.1614,13,APEX1,False,1.0203,0.7812,0.7646,0.8277,1.1614,1.0016
795,APEX1,7.4135,1,APEX1,True,0.7699,0.791,0.9649,0.8013,0.7654,1.0545
795,TNFRSF10C,4.6825,2,APEX1,False,0.7699,0.791,0.9649,0.8013,0.7654,1.0545
795,ARID5B,4.6825,2,APEX1,False,0.7699,0.791,0.9649,0.8013,0.7654,1.0545
795,DHFR,4.287,4,APEX1,False,0.7699,0.791,0.9649,0.8013,0.7654,1.0545
795,BACE1,4.287,4,APEX1,False,0.7699,0.791,0.9649,0.8013,0.7654,1.0545
795,SEC23B,4.287,4,APEX1,False,0.7699,0.791,0.9649,0.8013,0.7654,1.0545
795,PADI4,3.8915,7,APEX1,False,0.7699,0.791,0.9649,0.8013,0.7654,1.0545
795,HADHB,3.8915,7,APEX1,False,0.7699,0.791,0.9649,0.8013,0.7654,1.0545
795,RFC4,3.8915,7,APEX1,False,0.7699,0.791,0.9649,0.8013,0.7654,1.0545
795,SF3B3,3.8915,7,APEX1,False,0.7699,0.791,0.9649,0.8013,0.7654,1.0545
795,PERP,3.3643,11,APEX1,False,0.7699,0.791,0.9649,0.8013,0.7654,1.0545
795,PRDX2,1.8351,12,APEX1,False,0.7699,0.791,0.9649,0.8013,0.7654,1.0545
795,KDM1A,0.7654,13,APEX1,False,0.7699,0.791,0.9649,0.8013,0.7654,1.0545
796,APEX1,8.7299,1,APEX1,True,1.1672,0.9396,0.7861,0.8374,1.0299,0.7903
796,TNFRSF10C,6.3203,2,APEX1,False,1.1672,0.9396,0.7861,0.8374,1.0299,0.7903
796,ARID5B,6.3203,2,APEX1,False,1.1672,0.9396,0.7861,0.8374,1.0299,0.7903
796,DHFR,5.8505,4,APEX1,False,1.1672,0.9396,0.7861,0.8374,1.0299,0.7903
796,BACE1,5.8505,4,APEX1,False,1.1672,0.9396,0.7861,0.8374,1.0299,0.7903
796,SEC23B,5.8505,4,APEX1,False,1.1672,0.9396,0.7861,0.8374,1.0299,0.7903
796,PADI4,5.3807,7,APEX1,False,1.1672,0.9396,0.7861,0.8374,1.0299,0.7903
796,HADHB,5.3807,7,APEX1,False,1.1672,0.9396,0.7861,0.8374,1.0299,0.7903
796,RFC4,5.3807,7,APEX1,False,1.1672,0.9396,0.7861,0.8374,1.0299,0.7903
796,SF3B3,5.3807,7,APEX1,False,1.1672,0.9396,0.7861,0.8374,1.0299,0.7903
796,PERP,4.9855,11,APEX1,False,1.1672,0.9396,0.7861,0.8374,1.0299,0.7903
796,PRDX2,2.9137,12,APEX1,False,1.1672,0.9396,0.7861,0.8374,1.0299,0.7903
796,KDM1A,1.0299,13,APEX1,False,1.1672,0.9396,0.7861,0.8374,1.0299,0.7903
797,APEX1,8.4068,1,APEX1,True,0.9027,0.9022,0.9296,1.133,0.8823,0.9805
797,TNFRSF10C,5.4147,2,APEX1,False,0.9027,0.9022,0.9296,1.133,0.8823,0.9805
797,ARID5B,5.4147,2,APEX1,False,0.9027,0.9022,0.9296,1.133,0.8823,0.9805
797,DHFR,4.9636,4,APEX1,False,0.9027,0.9022,0.9296,1.133,0.8823,0.9805
797,BACE1,4.9636,4,APEX1,False,0.9027,0.9022,0.9296,1.133,0.8823,0.9805
797,SEC23B,4.9636,4,APEX1,False,0.9027,0.9022,0.9296,1.133,0.8823,0.9805
797,PADI4,4.5124,7,APEX1,False,0.9027,0.9022,0.9296,1.133,0.8823,0.9805
797,HADHB,4.5124,7,APEX1,False,0.9027,0.9022,0.9296,1.133,0.8823,0.9805
797,RFC4,4.5124,7,APEX1,False,0.9027,0.9022,0.9296,1.133,0.8823,0.9805
797,SF3B3,4.5124,7,APEX1,False,0.9027,0.9022,0.9296,1.133,0.8823,0.9805
797,PERP,4.0222,11,APEX1,False,0.9027,0.9022,0.9296,1.133,0.8823,0.9805
797,PRDX2,2.2057,12,APEX1,False,0.9027,0.9022,0.9296,1.133,0.8823,0.9805
797,KDM1A,0.8823,13,APEX1,False,0.9027,0.9022,0.9296,1.133,0.8823,0.9805
798,APEX1,8.8552,1,APEX1,True,1.003,1.1461,0.8188,0.7701,0.8994,0.7803
798,TNFRSF10C,6.4475,2,APEX1,False,1.003,1.1461,0.8188,0.7701,0.8994,0.7803
798,ARID5B,6.4475,2,APEX1,False,1.003,1.1461,0.8188,0.7701,0.8994,0.7803
798,DHFR,5.8744,4,APEX1,False,1.003,1.1461,0.8188,0.7701,0.8994,0.7803
798,BACE1,5.8744,4,APEX1,False,1.003,1.1461,0.8188,0.7701,0.8994,0.7803
798,SEC23B,5.8744,4,APEX1,False,1.003,1.1461,0.8188,0.7701,0.8994,0.7803
798,PADI4,5.3014,7,APEX1,False,1.003,1.1461,0.8188,0.7701,0.8994,0.7803
798,HADHB,5.3014,7,APEX1,False,1.003,1.1461,0.8188,0.7701,0.8994,0.7803
798,RFC4,5.3014,7,APEX1,False,1.003,1.1461,0.8188,0.7701,0.8994,0.7803
798,SF3B3,5.3014,7,APEX1,False,1.003,1.1461,0.8188,0.7701,0.8994,0.7803
798,PERP,4.9112,11,APEX1,False,1.003,1.1461,0.8188,0.7701,0.8994,0.7803
798,PRDX2,2.5461,12,APEX1,False,1.003,1.1461,0.8188,0.7701,0.8994,0.7803
798,KDM1A,0.8994,13,APEX1,False,1.003,1.1461,0.8188,0.7701,0.8994,0.7803
799,APEX1,9.2251,1,APEX1,True,0.9813,1.1135,1.0517,0.8372,1.1714,1.192
799,TNFRSF10C,6.2843,2,APEX1,False,0.9813,1.1135,1.0517,0.8372,1.1714,1.192
799,ARID5B,6.2843,2,APEX1,False,0.9813,1.1135,1.0517,0.8372,1.1714,1.192
799,DHFR,5.7276,4,APEX1,False,0.9813,1.1135,1.0517,0.8372,1.1714,1.192
799,BACE1,5.7276,4,APEX1,False,0.9813,1.1135,1.0517,0.8372,1.1714,1.192
799,SEC23B,5.7276,4,APEX1,False,0.9813,1.1135,1.0517,0.8372,1.1714,1.192
799,PADI4,5.1709,7,APEX1,False,0.9813,1.1135,1.0517,0.8372,1.1714,1.192
799,HADHB,5.1709,7,APEX1,False,0.9813,1.1135,1.0517,0.8372,1.1714,1.192
799,RFC4,5.1709,7,APEX1,False,0.9813,1.1135,1.0517,0.8372,1.1714,1.192
799,SF3B3,5.1709,7,APEX1,False,0.9813,1.1135,1.0517,0.8372,1.1714,1.192
799,PERP,4.5749,11,APEX1,False,0.9813,1.1135,1.0517,0.8372,1.1714,1.192
799,PRDX2,2.3131,12,APEX1,False,0.9813,1.1135,1.0517,0.8372,1.1714,1.192
799,KDM1A,1.1714,13,APEX1,False,0.9813,1.1135,1.0517,0.8372,1.1714,1.192
800,APEX1,9.4553,1,APEX1,True,1.0841,0.9764,1.189,0.8958,0.7556,0.9395
800,TNFRSF10C,6.1816,2,APEX1,False,1.0841,0.9764,1.189,0.8958,0.7556,0.9395
800,ARID5B,6.1816,2,APEX1,False,1.0841,0.9764,1.189,0.8958,0.7556,0.9395
800,DHFR,5.6934,4,APEX1,False,1.0841,0.9764,1.189,0.8958,0.7556,0.9395
800,BACE1,5.6934,4,APEX1,False,1.0841,0.9764,1.189,0.8958,0.7556,0.9395
800,SEC23B,5.6934,4,APEX1,False,1.0841,0.9764,1.189,0.8958,0.7556,0.9395
800,PADI4,5.2052,7,APEX1,False,1.0841,0.9764,1.189,0.8958,0.7556,0.9395
800,HADHB,5.2052,7,APEX1,False,1.0841,0.9764,1.189,0.8958,0.7556,0.9395
800,RFC4,5.2052,7,APEX1,False,1.0841,0.9764,1.189,0.8958,0.7556,0.9395
800,SF3B3,5.2052,7,APEX1,False,1.0841,0.9764,1.189,0.8958,0.7556,0.9395
800,PERP,4.7354,11,APEX1,False,1.0841,0.9764,1.189,0.8958,0.7556,0.9395
800,PRDX2,2.9598,12,APEX1,False,1.0841,0.9764,1.189,0.8958,0.7556,0.9395
800,KDM1A,0.7556,13,APEX1,False,1.0841,0.9764,1.189,0.8958,0.7556,0.9395
801,APEX1,9.584,1,APEX1,True,1.0958,1.0477,0.9788,1.1959,1.2322,1.0948
801,TNFRSF10C,6.4306,2,APEX1,False,1.0958,1.0477,0.9788,1.1959,1.2322,1.0948
801,ARID5B,6.4306,2,APEX1,False,1.0958,1.0477,0.9788,1.1959,1.2322,1.0948
801,DHFR,5.9067,4,APEX1,False,1.0958,1.0477,0.9788,1.1959,1.2322,1.0948
801,BACE1,5.9067,4,APEX1,False,1.0958,1.0477,0.9788,1.1959,1.2322,1.0948
801,SEC23B,5.9067,4,APEX1,False,1.0958,1.0477,0.9788,1.1959,1.2322,1.0948
801,PADI4,5.3829,7,APEX1,False,1.0958,1.0477,0.9788,1.1959,1.2322,1.0948
801,HADHB,5.3829,7,APEX1,False,1.0958,1.0477,0.9788,1.1959,1.2322,1.0948
801,RFC4,5.3829,7,APEX1,False,1.0958,1.0477,0.9788,1.1959,1.2322,1.0948
801,SF3B3,5.3829,7,APEX1,False,1.0958,1.0477,0.9788,1.1959,1.2322,1.0948
801,PERP,4.8355,11,APEX1,False,1.0958,1.0477,0.9788,1.1959,1.2322,1.0948
801,PRDX2,2.6235,12,APEX1,False,1.0958,1.0477,0.9788,1.1959,1.2322,1.0948
801,KDM1A,1.2322,13,APEX1,False,1.0958,1.0477,0.9788,1.1959,1.2322,1.0948
802,APEX1,8.6774,1,APEX1,True,1.0077,0.964,0.9783,0.8057,1.1334,1.1908
802,TNFRSF10C,5.915,2,APEX1,False,1.0077,0.964,0.9783,0.8057,1.1334,1.1908
802,ARID5B,5.915,2,APEX1,False,1.0077,0.964,0.9783,0.8057,1.1334,1.1908
802,DHFR,5.433,4,APEX1,False,1.0077,0.964,0.9783,0.8057,1.1334,1.1908
802,BACE1,5.433,4,APEX1,False,1.0077,0.964,0.9783,0.8057,1.1334,1.1908
802,SEC23B,5.433,4,APEX1,False,1.0077,0.964,0.9783,0.8057,1.1334,1.1908
802,PADI4,4.951,7,APEX1,False,1.0077,0.964,0.9783,0.8057,1.1334,1.1908
802,HADHB,4.951,7,APEX1,False,1.0077,0.964,0.9783,0.8057,1.1334,1.1908
802,RFC4,4.951,7,APEX1,False,1.0077,0.964,0.9783,0.8057,1.1334,1.1908
802,SF3B3,4.951,7,APEX1,False,1.0077,0.964,0.9783,0.8057,1.1334,1.1908
802,PERP,4.3556,11,APEX1,False,1.0077,0.964,0.9783,0.8057,1.1334,1.1908
802,PRDX2,2.3067,12,APEX1,False,1.0077,0.964,0.9783,0.8057,1.1334,1.1908
802,KDM1A,1.1334,13,APEX1,False,1.0077,0.964,0.9783,0.8057,1.1334,1.1908
803,APEX1,8.2501,1,APEX1,True,0.7844,1.071,0.7668,1.1502,0.8332,0.8864
803,TNFRSF10C,5.5663,2,APEX1,False,0.7844,1.071,0.7668,1.1502,0.8332,0.8864
803,ARID5B,5.5663,2,APEX1,False,0.7844,1.071,0.7668,1.1502,0.8332,0.8864
803,DHFR,5.0308,4,APEX1,False,0.7844,1.071,0.7668,1.1502,0.8332,0.8864
803,BACE1,5.0308,4,APEX1,False,0.7844,1.071,0.7668,1.1502,0.8332,0.8864
803,SEC23B,5.0308,4,APEX1,False,0.7844,1.071,0.7668,1.1502,0.8332,0.8864
803,PADI4,4.4953,7,APEX1,False,0.7844,1.071,0.7668,1.1502,0.8332,0.8864
803,HADHB,4.4953,7,APEX1,False,0.7844,1.071,0.7668,1.1502,0.8332,0.8864
803,RFC4,4.4953,7,APEX1,False,0.7844,1.071,0.7668,1.1502,0.8332,0.8864
803,SF3B3,4.4953,7,APEX1,False,0.7844,1.071,0.7668,1.1502,0.8332,0.8864
803,PERP,4.0521,11,APEX1,False,0.7844,1.071,0.7668,1.1502,0.8332,0.8864
803,PRDX2,1.8415,12,APEX1,False,0.7844,1.071,0.7668,1.1502,0.8332,0.8864
803,KDM1A,0.8332,13,APEX1,False,0.7844,1.071,0.7668,1.1502,0.8332,0.8864
804,APEX1,9.2715,1,APEX1,True,1.0245,1.2162,0.7911,0.9671,0.9835,1.0387
804,TNFRSF10C,6.7223,2,APEX1,False,1.0245,1.2162,0.7911,0.9671,0.9835,1.0387
804,ARID5B,6.7223,2,APEX1,False,1.0245,1.2162,0.7911,0.9671,0.9835,1.0387
804,DHFR,6.1142,4,APEX1,False,1.0245,1.2162,0.7911,0.9671,0.9835,1.0387
804,BACE1,6.1142,4,APEX1,False,1.0245,1.2162,0.7911,0.9671,0.9835,1.0387
804,SEC23B,6.1142,4,APEX1,False,1.0245,1.2162,0.7911,0.9671,0.9835,1.0387
804,PADI4,5.506,7,APEX1,False,1.0245,1.2162,0.7911,0.9671,0.9835,1.0387
804,HADHB,5.506,7,APEX1,False,1.0245,1.2162,0.7911,0.9671,0.9835,1.0387
804,RFC4,5.506,7,APEX1,False,1.0245,1.2162,0.7911,0.9671,0.9835,1.0387
804,SF3B3,5.506,7,APEX1,False,1.0245,1.2162,0.7911,0.9671,0.9835,1.0387
804,PERP,4.9867,11,APEX1,False,1.0245,1.2162,0.7911,0.9671,0.9835,1.0387
804,PRDX2,2.3137,12,APEX1,False,1.0245,1.2162,0.7911,0.9671,0.9835,1.0387
804,KDM1A,0.9835,13,APEX1,False,1.0245,1.2162,0.7911,0.9671,0.9835,1.0387
805,APEX1,9.9892,1,APEX1,True,1.1048,1.1082,1.1041,1.1419,1.113,1.243
805,TNFRSF10C,6.6391,2,APEX1,False,1.1048,1.1082,1.1041,1.1419,1.113,1.243
805,ARID5B,6.6391,2,APEX1,False,1.1048,1.1082,1.1041,1.1419,1.113,1.243
805,DHFR,6.085,4,APEX1,False,1.1048,1.1082,1.1041,1.1419,1.113,1.243
805,BACE1,6.085,4,APEX1,False,1.1048,1.1082,1.1041,1.1419,1.113,1.243
805,SEC23B,6.085,4,APEX1,False,1.1048,1.1082,1.1041,1.1419,1.113,1.243
805,PADI4,5.5309,7,APEX1,False,1.1048,1.1082,1.1041,1.1419,1.113,1.243
805,HADHB,5.5309,7,APEX1,False,1.1048,1.1082,1.1041,1.1419,1.113,1.243
805,RFC4,5.5309,7,APEX1,False,1.1048,1.1082,1.1041,1.1419,1.113,1.243
805,SF3B3,5.5309,7,APEX1,False,1.1048,1.1082,1.1041,1.1419,1.113,1.243
805,PERP,4.9094,11,APEX1,False,1.1048,1.1082,1.1041,1.1419,1.113,1.243
805,PRDX2,2.6231,12,APEX1,False,1.1048,1.1082,1.1041,1.1419,1.113,1.243
805,KDM1A,1.113,13,APEX1,False,1.1048,1.1082,1.1041,1.1419,1.113,1.243
806,APEX1,9.3902,1,APEX1,True,1.1752,0.8839,1.0413,1.1304,0.8359,1.1887
806,TNFRSF10C,6.1772,2,APEX1,False,1.1752,0.8839,1.0413,1.1304,0.8359,1.1887
806,ARID5B,6.1772,2,APEX1,False,1.1752,0.8839,1.0413,1.1304,0.8359,1.1887
806,DHFR,5.7352,4,APEX1,False,1.1752,0.8839,1.0413,1.1304,0.8359,1.1887
806,BACE1,5.7352,4,APEX1,False,1.1752,0.8839,1.0413,1.1304,0.8359,1.1887
806,SEC23B,5.7352,4,APEX1,False,1.1752,0.8839,1.0413,1.1304,0.8359,1.1887
806,PADI4,5.2933,7,APEX1,False,1.1752,0.8839,1.0413,1.1304,0.8359,1.1887
806,HADHB,5.2933,7,APEX1,False,1.1752,0.8839,1.0413,1.1304,0.8359,1.1887
806,RFC4,5.2933,7,APEX1,False,1.1752,0.8839,1.0413,1.1304,0.8359,1.1887
806,SF3B3,5.2933,7,APEX1,False,1.1752,0.8839,1.0413,1.1304,0.8359,1.1887
806,PERP,4.6989,11,APEX1,False,1.1752,0.8839,1.0413,1.1304,0.8359,1.1887
806,PRDX2,2.7905,12,APEX1,False,1.1752,0.8839,1.0413,1.1304,0.8359,1.1887
806,KDM1A,0.8359,13,APEX1,False,1.1752,0.8839,1.0413,1.1304,0.8359,1.1887
807,APEX1,8.3256,1,APEX1,True,0.8775,0.9036,0.873,1.2364,1.0469,1.1426
807,TNFRSF10C,5.3433,2,APEX1,False,0.8775,0.9036,0.873,1.2364,1.0469,1.1426
807,ARID5B,5.3433,2,APEX1,False,0.8775,0.9036,0.873,1.2364,1.0469,1.1426
807,DHFR,4.8915,4,APEX1,False,0.8775,0.9036,0.873,1.2364,1.0469,1.1426
807,BACE1,4.8915,4,APEX1,False,0.8775,0.9036,0.873,1.2364,1.0469,1.1426
807,SEC23B,4.8915,4,APEX1,False,0.8775,0.9036,0.873,1.2364,1.0469,1.1426
807,PADI4,4.4397,7,APEX1,False,0.8775,0.9036,0.873,1.2364,1.0469,1.1426
807,HADHB,4.4397,7,APEX1,False,0.8775,0.9036,0.873,1.2364,1.0469,1.1426
807,RFC4,4.4397,7,APEX1,False,0.8775,0.9036,0.873,1.2364,1.0469,1.1426
807,SF3B3,4.4397,7,APEX1,False,0.8775,0.9036,0.873,1.2364,1.0469,1.1426
807,PERP,3.8684,11,APEX1,False,0.8775,0.9036,0.873,1.2364,1.0469,1.1426
807,PRDX2,1.9242,12,APEX1,False,0.8775,0.9036,0.873,1.2364,1.0469,1.1426
807,KDM1A,1.0469,13,APEX1,False,0.8775,0.9036,0.873,1.2364,1.0469,1.1426
808,APEX1,10.4754,1,APEX1,True,1.1345,1.2064,1.1743,1.1041,0.7893,1.0062
808,TNFRSF10C,7.0227,2,APEX1,False,1.1345,1.2064,1.1743,1.1041,0.7893,1.0062
808,ARID5B,7.0227,2,APEX1,False,1.1345,1.2064,1.1743,1.1041,0.7893,1.0062
808,DHFR,6.4194,4,APEX1,False,1.1345,1.2064,1.1743,1.1041,0.7893,1.0062
808,BACE1,6.4194,4,APEX1,False,1.1345,1.2064,1.1743,1.1041,0.7893,1.0062
808,SEC23B,6.4194,4,APEX1,False,1.1345,1.2064,1.1743,1.1041,0.7893,1.0062
808,PADI4,5.8162,7,APEX1,False,1.1345,1.2064,1.1743,1.1041,0.7893,1.0062
808,HADHB,5.8162,7,APEX1,False,1.1345,1.2064,1.1743,1.1041,0.7893,1.0062
808,RFC4,5.8162,7,APEX1,False,1.1345,1.2064,1.1743,1.1041,0.7893,1.0062
808,SF3B3,5.8162,7,APEX1,False,1.1345,1.2064,1.1743,1.1041,0.7893,1.0062
808,PERP,5.3131,11,APEX1,False,1.1345,1.2064,1.1743,1.1041,0.7893,1.0062
808,PRDX2,3.0042,12,APEX1,False,1.1345,1.2064,1.1743,1.1041,0.7893,1.0062
808,KDM1A,0.7893,13,APEX1,False,1.1345,1.2064,1.1743,1.1041,0.7893,1.0062
809,APEX1,10.0457,1,APEX1,True,0.9495,1.1901,1.2274,1.1721,1.1801,0.8343
809,TNFRSF10C,6.4188,2,APEX1,False,0.9495,1.1901,1.2274,1.1721,1.1801,0.8343
809,ARID5B,6.4188,2,APEX1,False,0.9495,1.1901,1.2274,1.1721,1.1801,0.8343
809,DHFR,5.8237,4,APEX1,False,0.9495,1.1901,1.2274,1.1721,1.1801,0.8343
809,BACE1,5.8237,4,APEX1,False,0.9495,1.1901,1.2274,1.1721,1.1801,0.8343
809,SEC23B,5.8237,4,APEX1,False,0.9495,1.1901,1.2274,1.1721,1.1801,0.8343
809,PADI4,5.2287,7,APEX1,False,0.9495,1.1901,1.2274,1.1721,1.1801,0.8343
809,HADHB,5.2287,7,APEX1,False,0.9495,1.1901,1.2274,1.1721,1.1801,0.8343
809,RFC4,5.2287,7,APEX1,False,0.9495,1.1901,1.2274,1.1721,1.1801,0.8343
809,SF3B3,5.2287,7,APEX1,False,0.9495,1.1901,1.2274,1.1721,1.1801,0.8343
809,PERP,4.8116,11,APEX1,False,0.9495,1.1901,1.2274,1.1721,1.1801,0.8343
809,PRDX2,2.767,12,APEX1,False,0.9495,1.1901,1.2274,1.1721,1.1801,0.8343
809,KDM1A,1.1801,13,APEX1,False,0.9495,1.1901,1.2274,1.1721,1.1801,0.8343
810,APEX1,9.6222,1,APEX1,True,1.1413,1.0532,0.9603,1.1182,1.0475,0.778
810,TNFRSF10C,6.5834,2,APEX1,False,1.1413,1.0532,0.9603,1.1182,1.0475,0.778
810,ARID5B,6.5834,2,APEX1,False,1.1413,1.0532,0.9603,1.1182,1.0475,0.778
810,DHFR,6.0568,4,APEX1,False,1.1413,1.0532,0.9603,1.1182,1.0475,0.778
810,BACE1,6.0568,4,APEX1,False,1.1413,1.0532,0.9603,1.1182,1.0475,0.778
810,SEC23B,6.0568,4,APEX1,False,1.1413,1.0532,0.9603,1.1182,1.0475,0.778
810,PADI4,5.5302,7,APEX1,False,1.1413,1.0532,0.9603,1.1182,1.0475,0.778
810,HADHB,5.5302,7,APEX1,False,1.1413,1.0532,0.9603,1.1182,1.0475,0.778
810,RFC4,5.5302,7,APEX1,False,1.1413,1.0532,0.9603,1.1182,1.0475,0.778
810,SF3B3,5.5302,7,APEX1,False,1.1413,1.0532,0.9603,1.1182,1.0475,0.778
810,PERP,5.1413,11,APEX1,False,1.1413,1.0532,0.9603,1.1182,1.0475,0.778
810,PRDX2,3.0356,12,APEX1,False,1.1413,1.0532,0.9603,1.1182,1.0475,0.778
810,KDM1A,1.0475,13,APEX1,False,1.1413,1.0532,0.9603,1.1182,1.0475,0.778
811,APEX1,8.596,1,APEX1,True,1.0367,0.8668,0.9234,1.0387,1.0474,0.8965
811,TNFRSF10C,5.7106,2,APEX1,False,1.0367,0.8668,0.9234,1.0387,1.0474,0.8965
811,ARID5B,5.7106,2,APEX1,False,1.0367,0.8668,0.9234,1.0387,1.0474,0.8965
811,DHFR,5.2772,4,APEX1,False,1.0367,0.8668,0.9234,1.0387,1.0474,0.8965
811,BACE1,5.2772,4,APEX1,False,1.0367,0.8668,0.9234,1.0387,1.0474,0.8965
811,SEC23B,5.2772,4,APEX1,False,1.0367,0.8668,0.9234,1.0387,1.0474,0.8965
811,PADI4,4.8437,7,APEX1,False,1.0367,0.8668,0.9234,1.0387,1.0474,0.8965
811,HADHB,4.8437,7,APEX1,False,1.0367,0.8668,0.9234,1.0387,1.0474,0.8965
811,RFC4,4.8437,7,APEX1,False,1.0367,0.8668,0.9234,1.0387,1.0474,0.8965
811,SF3B3,4.8437,7,APEX1,False,1.0367,0.8668,0.9234,1.0387,1.0474,0.8965
811,PERP,4.3955,11,APEX1,False,1.0367,0.8668,0.9234,1.0387,1.0474,0.8965
811,PRDX2,2.6187,12,APEX1,False,1.0367,0.8668,0.9234,1.0387,1.0474,0.8965
811,KDM1A,1.0474,13,APEX1,False,1.0367,0.8668,0.9234,1.0387,1.0474,0.8965
812,APEX1,9.3337,1,APEX1,True,1.1975,0.9914,0.9565,0.8537,0.9826,0.7508
812,TNFRSF10C,6.567,2,APEX1,False,1.1975,0.9914,0.9565,0.8537,0.9826,0.7508
812,ARID5B,6.567,2,APEX1,False,1.1975,0.9914,0.9565,0.8537,0.9826,0.7508
812,DHFR,6.0712,4,APEX1,False,1.1975,0.9914,0.9565,0.8537,0.9826,0.7508
812,BACE1,6.0712,4,APEX1,False,1.1975,0.9914,0.9565,0.8537,0.9826,0.7508
812,SEC23B,6.0712,4,APEX1,False,1.1975,0.9914,0.9565,0.8537,0.9826,0.7508
812,PADI4,5.5755,7,APEX1,False,1.1975,0.9914,0.9565,0.8537,0.9826,0.7508
812,HADHB,5.5755,7,APEX1,False,1.1975,0.9914,0.9565,0.8537,0.9826,0.7508
812,RFC4,5.5755,7,APEX1,False,1.1975,0.9914,0.9565,0.8537,0.9826,0.7508
812,SF3B3,5.5755,7,APEX1,False,1.1975,0.9914,0.9565,0.8537,0.9826,0.7508
812,PERP,5.2001,11,APEX1,False,1.1975,0.9914,0.9565,0.8537,0.9826,0.7508
812,PRDX2,3.1996,12,APEX1,False,1.1975,0.9914,0.9565,0.8537,0.9826,0.7508
812,KDM1A,0.9826,13,APEX1,False,1.1975,0.9914,0.9565,0.8537,0.9826,0.7508
813,APEX1,10.6086,1,APEX1,True,1.209,1.2049,1.1216,1.1236,1.102,0.7894
813,TNFRSF10C,7.2419,2,APEX1,False,1.209,1.2049,1.1216,1.1236,1.102,0.7894
813,ARID5B,7.2419,2,APEX1,False,1.209,1.2049,1.1216,1.1236,1.102,0.7894
813,DHFR,6.6394,4,APEX1,False,1.209,1.2049,1.1216,1.1236,1.102,0.7894
813,BACE1,6.6394,4,APEX1,False,1.209,1.2049,1.1216,1.1236,1.102,0.7894
813,SEC23B,6.6394,4,APEX1,False,1.209,1.2049,1.1216,1.1236,1.102,0.7894
813,PADI4,6.0369,7,APEX1,False,1.209,1.2049,1.1216,1.1236,1.102,0.7894
813,HADHB,6.0369,7,APEX1,False,1.209,1.2049,1.1216,1.1236,1.102,0.7894
813,RFC4,6.0369,7,APEX1,False,1.209,1.2049,1.1216,1.1236,1.102,0.7894
813,SF3B3,6.0369,7,APEX1,False,1.209,1.2049,1.1216,1.1236,1.102,0.7894
813,PERP,5.6422,11,APEX1,False,1.209,1.2049,1.1216,1.1236,1.102,0.7894
813,PRDX2,3.3547,12,APEX1,False,1.209,1.2049,1.1216,1.1236,1.102,0.7894
813,KDM1A,1.102,13,APEX1,False,1.209,1.2049,1.1216,1.1236,1.102,0.7894
814,APEX1,9.0156,1,APEX1,True,0.8323,1.0691,1.2216,0.8682,1.0089,0.8676
814,TNFRSF10C,5.7042,2,APEX1,False,0.8323,1.0691,1.2216,0.8682,1.0089,0.8676
814,ARID5B,5.7042,2,APEX1,False,0.8323,1.0691,1.2216,0.8682,1.0089,0.8676
814,DHFR,5.1697,4,APEX1,False,0.8323,1.0691,1.2216,0.8682,1.0089,0.8676
814,BACE1,5.1697,4,APEX1,False,0.8323,1.0691,1.2216,0.8682,1.0089,0.8676
814,SEC23B,5.1697,4,APEX1,False,0.8323,1.0691,1.2216,0.8682,1.0089,0.8676
814,PADI4,4.6351,7,APEX1,False,0.8323,1.0691,1.2216,0.8682,1.0089,0.8676
814,HADHB,4.6351,7,APEX1,False,0.8323,1.0691,1.2216,0.8682,1.0089,0.8676
814,RFC4,4.6351,7,APEX1,False,0.8323,1.0691,1.2216,0.8682,1.0089,0.8676
814,SF3B3,4.6351,7,APEX1,False,0.8323,1.0691,1.2216,0.8682,1.0089,0.8676
814,PERP,4.2013,11,APEX1,False,0.8323,1.0691,1.2216,0.8682,1.0089,0.8676
814,PRDX2,2.4348,12,APEX1,False,0.8323,1.0691,1.2216,0.8682,1.0089,0.8676
814,KDM1A,1.0089,13,APEX1,False,0.8323,1.0691,1.2216,0.8682,1.0089,0.8676
815,APEX1,9.3877,1,APEX1,True,0.7641,1.1843,1.1895,1.1636,1.0453,1.0647
815,TNFRSF10C,5.8451,2,APEX1,False,0.7641,1.1843,1.1895,1.1636,1.0453,1.0647
815,ARID5B,5.8451,2,APEX1,False,0.7641,1.1843,1.1895,1.1636,1.0453,1.0647
815,DHFR,5.253,4,APEX1,False,0.7641,1.1843,1.1895,1.1636,1.0453,1.0647
815,BACE1,5.253,4,APEX1,False,0.7641,1.1843,1.1895,1.1636,1.0453,1.0647
815,SEC23B,5.253,4,APEX1,False,0.7641,1.1843,1.1895,1.1636,1.0453,1.0647
815,PADI4,4.6608,7,APEX1,False,0.7641,1.1843,1.1895,1.1636,1.0453,1.0647
815,HADHB,4.6608,7,APEX1,False,0.7641,1.1843,1.1895,1.1636,1.0453,1.0647
815,RFC4,4.6608,7,APEX1,False,0.7641,1.1843,1.1895,1.1636,1.0453,1.0647
815,SF3B3,4.6608,7,APEX1,False,0.7641,1.1843,1.1895,1.1636,1.0453,1.0647
815,PERP,4.1285,11,APEX1,False,0.7641,1.1843,1.1895,1.1636,1.0453,1.0647
815,PRDX2,2.0351,12,APEX1,False,0.7641,1.1843,1.1895,1.1636,1.0453,1.0647
815,KDM1A,1.0453,13,APEX1,False,0.7641,1.1843,1.1895,1.1636,1.0453,1.0647
816,APEX1,9.4755,1,APEX1,True,1.1208,0.9743,1.0751,1.0398,1.0164,0.93
816,TNFRSF10C,6.2854,2,APEX1,False,1.1208,0.9743,1.0751,1.0398,1.0164,0.93
816,ARID5B,6.2854,2,APEX1,False,1.1208,0.9743,1.0751,1.0398,1.0164,0.93
816,DHFR,5.7982,4,APEX1,False,1.1208,0.9743,1.0751,1.0398,1.0164,0.93
816,BACE1,5.7982,4,APEX1,False,1.1208,0.9743,1.0751,1.0398,1.0164,0.93
816,SEC23B,5.7982,4,APEX1,False,1.1208,0.9743,1.0751,1.0398,1.0164,0.93
816,PADI4,5.3111,7,APEX1,False,1.1208,0.9743,1.0751,1.0398,1.0164,0.93
816,HADHB,5.3111,7,APEX1,False,1.1208,0.9743,1.0751,1.0398,1.0164,0.93
816,RFC4,5.3111,7,APEX1,False,1.1208,0.9743,1.0751,1.0398,1.0164,0.93
816,SF3B3,5.3111,7,APEX1,False,1.1208,0.9743,1.0751,1.0398,1.0164,0.93
816,PERP,4.8461,11,APEX1,False,1.1208,0.9743,1.0751,1.0398,1.0164,0.93
816,PRDX2,2.9471,12,APEX1,False,1.1208,0.9743,1.0751,1.0398,1.0164,0.93
816,KDM1A,1.0164,13,APEX1,False,1.1208,0.9743,1.0751,1.0398,1.0164,0.93
817,APEX1,8.5687,1,APEX1,True,1.0181,0.8894,0.9808,0.8846,0.8985,0.8802
817,TNFRSF10C,5.7225,2,APEX1,False,1.0181,0.8894,0.9808,0.8846,0.8985,0.8802
817,ARID5B,5.7225,2,APEX1,False,1.0181,0.8894,0.9808,0.8846,0.8985,0.8802
817,DHFR,5.2778,4,APEX1,False,1.0181,0.8894,0.9808,0.8846,0.8985,0.8802
817,BACE1,5.2778,4,APEX1,False,1.0181,0.8894,0.9808,0.8846,0.8985,0.8802
817,SEC23B,5.2778,4,APEX1,False,1.0181,0.8894,0.9808,0.8846,0.8985,0.8802
817,PADI4,4.8331,7,APEX1,False,1.0181,0.8894,0.9808,0.8846,0.8985,0.8802
817,HADHB,4.8331,7,APEX1,False,1.0181,0.8894,0.9808,0.8846,0.8985,0.8802
817,RFC4,4.8331,7,APEX1,False,1.0181,0.8894,0.9808,0.8846,0.8985,0.8802
817,SF3B3,4.8331,7,APEX1,False,1.0181,0.8894,0.9808,0.8846,0.8985,0.8802
817,PERP,4.393,11,APEX1,False,1.0181,0.8894,0.9808,0.8846,0.8985,0.8802
817,PRDX2,2.6459,12,APEX1,False,1.0181,0.8894,0.9808,0.8846,0.8985,0.8802
817,KDM1A,0.8985,13,APEX1,False,1.0181,0.8894,0.9808,0.8846,0.8985,0.8802
818,APEX1,9.7783,1,APEX1,True,1.0676,1.2093,0.9914,0.9648,0.77,0.7616
818,TNFRSF10C,6.8308,2,APEX1,False,1.0676,1.2093,0.9914,0.9648,0.77,0.7616
818,ARID5B,6.8308,2,APEX1,False,1.0676,1.2093,0.9914,0.9648,0.77,0.7616
818,DHFR,6.2261,4,APEX1,False,1.0676,1.2093,0.9914,0.9648,0.77,0.7616
818,BACE1,6.2261,4,APEX1,False,1.0676,1.2093,0.9914,0.9648,0.77,0.7616
818,SEC23B,6.2261,4,APEX1,False,1.0676,1.2093,0.9914,0.9648,0.77,0.7616
818,PADI4,5.6215,7,APEX1,False,1.0676,1.2093,0.9914,0.9648,0.77,0.7616
818,HADHB,5.6215,7,APEX1,False,1.0676,1.2093,0.9914,0.9648,0.77,0.7616
818,RFC4,5.6215,7,APEX1,False,1.0676,1.2093,0.9914,0.9648,0.77,0.7616
818,SF3B3,5.6215,7,APEX1,False,1.0676,1.2093,0.9914,0.9648,0.77,0.7616
818,PERP,5.2407,11,APEX1,False,1.0676,1.2093,0.9914,0.9648,0.77,0.7616
818,PRDX2,2.8989,12,APEX1,False,1.0676,1.2093,0.9914,0.9648,0.77,0.7616
818,KDM1A,0.77,13,APEX1,False,1.0676,1.2093,0.9914,0.9648,0.77,0.7616
819,APEX1,7.7714,1,APEX1,True,0.7775,1.014,0.761,0.8751,0.7529,1.1094
819,TNFRSF10C,5.3744,2,APEX1,False,0.7775,1.014,0.761,0.8751,0.7529,1.1094
819,ARID5B,5.3744,2,APEX1,False,0.7775,1.014,0.761,0.8751,0.7529,1.1094
819,DHFR,4.8674,4,APEX1,False,0.7775,1.014,0.761,0.8751,0.7529,1.1094
819,BACE1,4.8674,4,APEX1,False,0.7775,1.014,0.761,0.8751,0.7529,1.1094
819,SEC23B,4.8674,4,APEX1,False,0.7775,1.014,0.761,0.8751,0.7529,1.1094
819,PADI4,4.3604,7,APEX1,False,0.7775,1.014,0.761,0.8751,0.7529,1.1094
819,HADHB,4.3604,7,APEX1,False,0.7775,1.014,0.761,0.8751,0.7529,1.1094
819,RFC4,4.3604,7,APEX1,False,0.7775,1.014,0.761,0.8751,0.7529,1.1094
819,SF3B3,4.3604,7,APEX1,False,0.7775,1.014,0.761,0.8751,0.7529,1.1094
819,PERP,3.8056,11,APEX1,False,0.7775,1.014,0.761,0.8751,0.7529,1.1094
819,PRDX2,1.5952,12,APEX1,False,0.7775,1.014,0.761,0.8751,0.7529,1.1094
819,KDM1A,0.7529,13,APEX1,False,0.7775,1.014,0.761,0.8751,0.7529,1.1094
820,APEX1,7.4036,1,APEX1,True,0.7787,0.8151,0.8735,0.8753,0.9838,0.8519
820,TNFRSF10C,4.7813,2,APEX1,False,0.7787,0.8151,0.8735,0.8753,0.9838,0.8519
820,ARID5B,4.7813,2,APEX1,False,0.7787,0.8151,0.8735,0.8753,0.9838,0.8519
820,DHFR,4.3737,4,APEX1,False,0.7787,0.8151,0.8735,0.8753,0.9838,0.8519
820,BACE1,4.3737,4,APEX1,False,0.7787,0.8151,0.8735,0.8753,0.9838,0.8519
820,SEC23B,4.3737,4,APEX1,False,0.7787,0.8151,0.8735,0.8753,0.9838,0.8519
820,PADI4,3.9662,7,APEX1,False,0.7787,0.8151,0.8735,0.8753,0.9838,0.8519
820,HADHB,3.9662,7,APEX1,False,0.7787,0.8151,0.8735,0.8753,0.9838,0.8519
820,RFC4,3.9662,7,APEX1,False,0.7787,0.8151,0.8735,0.8753,0.9838,0.8519
820,SF3B3,3.9662,7,APEX1,False,0.7787,0.8151,0.8735,0.8753,0.9838,0.8519
820,PERP,3.5402,11,APEX1,False,0.7787,0.8151,0.8735,0.8753,0.9838,0.8519
820,PRDX2,1.9683,12,APEX1,False,0.7787,0.8151,0.8735,0.8753,0.9838,0.8519
820,KDM1A,0.9838,13,APEX1,False,0.7787,0.8151,0.8735,0.8753,0.9838,0.8519
821,APEX1,10.1999,1,APEX1,True,1.1245,1.0659,1.2307,1.1674,0.9726,1.0823
821,TNFRSF10C,6.5711,2,APEX1,False,1.1245,1.0659,1.2307,1.1674,0.9726,1.0823
821,ARID5B,6.5711,2,APEX1,False,1.1245,1.0659,1.2307,1.1674,0.9726,1.0823
821,DHFR,6.0382,4,APEX1,False,1.1245,1.0659,1.2307,1.1674,0.9726,1.0823
821,BACE1,6.0382,4,APEX1,False,1.1245,1.0659,1.2307,1.1674,0.9726,1.0823
821,SEC23B,6.0382,4,APEX1,False,1.1245,1.0659,1.2307,1.1674,0.9726,1.0823
821,PADI4,5.5052,7,APEX1,False,1.1245,1.0659,1.2307,1.1674,0.9726,1.0823
821,HADHB,5.5052,7,APEX1,False,1.1245,1.0659,1.2307,1.1674,0.9726,1.0823
821,RFC4,5.5052,7,APEX1,False,1.1245,1.0659,1.2307,1.1674,0.9726,1.0823
821,SF3B3,5.5052,7,APEX1,False,1.1245,1.0659,1.2307,1.1674,0.9726,1.0823
821,PERP,4.9641,11,APEX1,False,1.1245,1.0659,1.2307,1.1674,0.9726,1.0823
821,PRDX2,2.9596,12,APEX1,False,1.1245,1.0659,1.2307,1.1674,0.9726,1.0823
821,KDM1A,0.9726,13,APEX1,False,1.1245,1.0659,1.2307,1.1674,0.9726,1.0823
822,APEX1,8.9399,1,APEX1,True,1.0532,0.8479,1.2264,0.7839,0.9174,0.8902
822,TNFRSF10C,5.7033,2,APEX1,False,1.0532,0.8479,1.2264,0.7839,0.9174,0.8902
822,ARID5B,5.7033,2,APEX1,False,1.0532,0.8479,1.2264,0.7839,0.9174,0.8902
822,DHFR,5.2793,4,APEX1,False,1.0532,0.8479,1.2264,0.7839,0.9174,0.8902
822,BACE1,5.2793,4,APEX1,False,1.0532,0.8479,1.2264,0.7839,0.9174,0.8902
822,SEC23B,5.2793,4,APEX1,False,1.0532,0.8479,1.2264,0.7839,0.9174,0.8902
822,PADI4,4.8554,7,APEX1,False,1.0532,0.8479,1.2264,0.7839,0.9174,0.8902
822,HADHB,4.8554,7,APEX1,False,1.0532,0.8479,1.2264,0.7839,0.9174,0.8902
822,RFC4,4.8554,7,APEX1,False,1.0532,0.8479,1.2264,0.7839,0.9174,0.8902
822,SF3B3,4.8554,7,APEX1,False,1.0532,0.8479,1.2264,0.7839,0.9174,0.8902
822,PERP,4.4102,11,APEX1,False,1.0532,0.8479,1.2264,0.7839,0.9174,0.8902
822,PRDX2,2.969,12,APEX1,False,1.0532,0.8479,1.2264,0.7839,0.9174,0.8902
822,KDM1A,0.9174,13,APEX1,False,1.0532,0.8479,1.2264,0.7839,0.9174,0.8902
823,APEX1,8.9106,1,APEX1,True,0.9745,0.898,1.1619,0.9692,1.0855,0.9788
823,TNFRSF10C,5.6176,2,APEX1,False,0.9745,0.898,1.1619,0.9692,1.0855,0.9788
823,ARID5B,5.6176,2,APEX1,False,0.9745,0.898,1.1619,0.9692,1.0855,0.9788
823,DHFR,5.1686,4,APEX1,False,0.9745,0.898,1.1619,0.9692,1.0855,0.9788
823,BACE1,5.1686,4,APEX1,False,0.9745,0.898,1.1619,0.9692,1.0855,0.9788
823,SEC23B,5.1686,4,APEX1,False,0.9745,0.898,1.1619,0.9692,1.0855,0.9788
823,PADI4,4.7196,7,APEX1,False,0.9745,0.898,1.1619,0.9692,1.0855,0.9788
823,HADHB,4.7196,7,APEX1,False,0.9745,0.898,1.1619,0.9692,1.0855,0.9788
823,RFC4,4.7196,7,APEX1,False,0.9745,0.898,1.1619,0.9692,1.0855,0.9788
823,SF3B3,4.7196,7,APEX1,False,0.9745,0.898,1.1619,0.9692,1.0855,0.9788
823,PERP,4.2302,11,APEX1,False,0.9745,0.898,1.1619,0.9692,1.0855,0.9788
823,PRDX2,2.6193,12,APEX1,False,0.9745,0.898,1.1619,0.9692,1.0855,0.9788
823,KDM1A,1.0855,13,APEX1,False,0.9745,0.898,1.1619,0.9692,1.0855,0.9788
824,APEX1,8.7326,1,APEX1,True,0.9239,1.1068,0.8805,0.8793,1.0255,0.8423
824,TNFRSF10C,6.0923,2,APEX1,False,0.9239,1.1068,0.8805,0.8793,1.0255,0.8423
824,ARID5B,6.0923,2,APEX1,False,0.9239,1.1068,0.8805,0.8793,1.0255,0.8423
824,DHFR,5.5389,4,APEX1,False,0.9239,1.1068,0.8805,0.8793,1.0255,0.8423
824,BACE1,5.5389,4,APEX1,False,0.9239,1.1068,0.8805,0.8793,1.0255,0.8423
824,SEC23B,5.5389,4,APEX1,False,0.9239,1.1068,0.8805,0.8793,1.0255,0.8423
824,PADI4,4.9855,7,APEX1,False,0.9239,1.1068,0.8805,0.8793,1.0255,0.8423
824,HADHB,4.9855,7,APEX1,False,0.9239,1.1068,0.8805,0.8793,1.0255,0.8423
824,RFC4,4.9855,7,APEX1,False,0.9239,1.1068,0.8805,0.8793,1.0255,0.8423
824,SF3B3,4.9855,7,APEX1,False,0.9239,1.1068,0.8805,0.8793,1.0255,0.8423
824,PERP,4.5643,11,APEX1,False,0.9239,1.1068,0.8805,0.8793,1.0255,0.8423
824,PRDX2,2.3481,12,APEX1,False,0.9239,1.1068,0.8805,0.8793,1.0255,0.8423
824,KDM1A,1.0255,13,APEX1,False,0.9239,1.1068,0.8805,0.8793,1.0255,0.8423
825,APEX1,8.5263,1,APEX1,True,0.9297,0.9972,0.7778,1.1897,1.193,0.9053
825,TNFRSF10C,5.7809,2,APEX1,False,0.9297,0.9972,0.7778,1.1897,1.193,0.9053
825,ARID5B,5.7809,2,APEX1,False,0.9297,0.9972,0.7778,1.1897,1.193,0.9053
825,DHFR,5.2823,4,APEX1,False,0.9297,0.9972,0.7778,1.1897,1.193,0.9053
825,BACE1,5.2823,4,APEX1,False,0.9297,0.9972,0.7778,1.1897,1.193,0.9053
825,SEC23B,5.2823,4,APEX1,False,0.9297,0.9972,0.7778,1.1897,1.193,0.9053
825,PADI4,4.7837,7,APEX1,False,0.9297,0.9972,0.7778,1.1897,1.193,0.9053
825,HADHB,4.7837,7,APEX1,False,0.9297,0.9972,0.7778,1.1897,1.193,0.9053
825,RFC4,4.7837,7,APEX1,False,0.9297,0.9972,0.7778,1.1897,1.193,0.9053
825,SF3B3,4.7837,7,APEX1,False,0.9297,0.9972,0.7778,1.1897,1.193,0.9053
825,PERP,4.3311,11,APEX1,False,0.9297,0.9972,0.7778,1.1897,1.193,0.9053
825,PRDX2,2.1969,12,APEX1,False,0.9297,0.9972,0.7778,1.1897,1.193,0.9053
825,KDM1A,1.193,13,APEX1,False,0.9297,0.9972,0.7778,1.1897,1.193,0.9053
826,APEX1,10.1005,1,APEX1,True,1.1931,1.1817,0.9593,1.0574,1.0852,0.751
826,TNFRSF10C,7.1244,2,APEX1,False,1.1931,1.1817,0.9593,1.0574,1.0852,0.751
826,ARID5B,7.1244,2,APEX1,False,1.1931,1.1817,0.9593,1.0574,1.0852,0.751
826,DHFR,6.5335,4,APEX1,False,1.1931,1.1817,0.9593,1.0574,1.0852,0.751
826,BACE1,6.5335,4,APEX1,False,1.1931,1.1817,0.9593,1.0574,1.0852,0.751
826,SEC23B,6.5335,4,APEX1,False,1.1931,1.1817,0.9593,1.0574,1.0852,0.751
826,PADI4,5.9427,7,APEX1,False,1.1931,1.1817,0.9593,1.0574,1.0852,0.751
826,HADHB,5.9427,7,APEX1,False,1.1931,1.1817,0.9593,1.0574,1.0852,0.751
826,RFC4,5.9427,7,APEX1,False,1.1931,1.1817,0.9593,1.0574,1.0852,0.751
826,SF3B3,5.9427,7,APEX1,False,1.1931,1.1817,0.9593,1.0574,1.0852,0.751
826,PERP,5.5672,11,APEX1,False,1.1931,1.1817,0.9593,1.0574,1.0852,0.751
826,PRDX2,3.1911,12,APEX1,False,1.1931,1.1817,0.9593,1.0574,1.0852,0.751
826,KDM1A,1.0852,13,APEX1,False,1.1931,1.1817,0.9593,1.0574,1.0852,0.751
827,APEX1,9.5961,1,APEX1,True,0.9595,1.1011,1.1379,1.1385,1.2091,1.1608
827,TNFRSF10C,6.1818,2,APEX1,False,0.9595,1.1011,1.1379,1.1385,1.2091,1.1608
827,ARID5B,6.1818,2,APEX1,False,0.9595,1.1011,1.1379,1.1385,1.2091,1.1608
827,DHFR,5.6313,4,APEX1,False,0.9595,1.1011,1.1379,1.1385,1.2091,1.1608
827,BACE1,5.6313,4,APEX1,False,0.9595,1.1011,1.1379,1.1385,1.2091,1.1608
827,SEC23B,5.6313,4,APEX1,False,0.9595,1.1011,1.1379,1.1385,1.2091,1.1608
827,PADI4,5.0808,7,APEX1,False,0.9595,1.1011,1.1379,1.1385,1.2091,1.1608
827,HADHB,5.0808,7,APEX1,False,0.9595,1.1011,1.1379,1.1385,1.2091,1.1608
827,RFC4,5.0808,7,APEX1,False,0.9595,1.1011,1.1379,1.1385,1.2091,1.1608
827,SF3B3,5.0808,7,APEX1,False,0.9595,1.1011,1.1379,1.1385,1.2091,1.1608
827,PERP,4.5004,11,APEX1,False,0.9595,1.1011,1.1379,1.1385,1.2091,1.1608
827,PRDX2,2.376,12,APEX1,False,0.9595,1.1011,1.1379,1.1385,1.2091,1.1608
827,KDM1A,1.2091,13,APEX1,False,0.9595,1.1011,1.1379,1.1385,1.2091,1.1608
828,APEX1,7.9519,1,APEX1,True,0.9068,0.8031,0.9572,0.9077,0.9958,0.9872
828,TNFRSF10C,5.1298,2,APEX1,False,0.9068,0.8031,0.9572,0.9077,0.9958,0.9872
828,ARID5B,5.1298,2,APEX1,False,0.9068,0.8031,0.9572,0.9077,0.9958,0.9872
828,DHFR,4.7282,4,APEX1,False,0.9068,0.8031,0.9572,0.9077,0.9958,0.9872
828,BACE1,4.7282,4,APEX1,False,0.9068,0.8031,0.9572,0.9077,0.9958,0.9872
828,SEC23B,4.7282,4,APEX1,False,0.9068,0.8031,0.9572,0.9077,0.9958,0.9872
828,PADI4,4.3266,7,APEX1,False,0.9068,0.8031,0.9572,0.9077,0.9958,0.9872
828,HADHB,4.3266,7,APEX1,False,0.9068,0.8031,0.9572,0.9077,0.9958,0.9872
828,RFC4,4.3266,7,APEX1,False,0.9068,0.8031,0.9572,0.9077,0.9958,0.9872
828,SF3B3,4.3266,7,APEX1,False,0.9068,0.8031,0.9572,0.9077,0.9958,0.9872
828,PERP,3.833,11,APEX1,False,0.9068,0.8031,0.9572,0.9077,0.9958,0.9872
828,PRDX2,2.2369,12,APEX1,False,0.9068,0.8031,0.9572,0.9077,0.9958,0.9872
828,KDM1A,0.9958,13,APEX1,False,0.9068,0.8031,0.9572,0.9077,0.9958,0.9872
829,APEX1,8.0323,1,APEX1,True,0.8171,0.9816,0.7787,1.0787,1.1301,1.1361
829,TNFRSF10C,5.3962,2,APEX1,False,0.8171,0.9816,0.7787,1.0787,1.1301,1.1361
829,ARID5B,5.3962,2,APEX1,False,0.8171,0.9816,0.7787,1.0787,1.1301,1.1361
829,DHFR,4.9054,4,APEX1,False,0.8171,0.9816,0.7787,1.0787,1.1301,1.1361
829,BACE1,4.9054,4,APEX1,False,0.8171,0.9816,0.7787,1.0787,1.1301,1.1361
829,SEC23B,4.9054,4,APEX1,False,0.8171,0.9816,0.7787,1.0787,1.1301,1.1361
829,PADI4,4.4146,7,APEX1,False,0.8171,0.9816,0.7787,1.0787,1.1301,1.1361
829,HADHB,4.4146,7,APEX1,False,0.8171,0.9816,0.7787,1.0787,1.1301,1.1361
829,RFC4,4.4146,7,APEX1,False,0.8171,0.9816,0.7787,1.0787,1.1301,1.1361
829,SF3B3,4.4146,7,APEX1,False,0.8171,0.9816,0.7787,1.0787,1.1301,1.1361
829,PERP,3.8465,11,APEX1,False,0.8171,0.9816,0.7787,1.0787,1.1301,1.1361
829,PRDX2,1.6855,12,APEX1,False,0.8171,0.9816,0.7787,1.0787,1.1301,1.1361
829,KDM1A,1.1301,13,APEX1,False,0.8171,0.9816,0.7787,1.0787,1.1301,1.1361
830,APEX1,9.0589,1,APEX1,True,1.1852,0.923,0.9577,0.8189,1.0747,1.0663
830,TNFRSF10C,6.3246,2,APEX1,False,1.1852,0.923,0.9577,0.8189,1.0747,1.0663
830,ARID5B,6.3246,2,APEX1,False,1.1852,0.923,0.9577,0.8189,1.0747,1.0663
830,DHFR,5.8631,4,APEX1,False,1.1852,0.923,0.9577,0.8189,1.0747,1.0663
830,BACE1,5.8631,4,APEX1,False,1.1852,0.923,0.9577,0.8189,1.0747,1.0663
830,SEC23B,5.8631,4,APEX1,False,1.1852,0.923,0.9577,0.8189,1.0747,1.0663
830,PADI4,5.4016,7,APEX1,False,1.1852,0.923,0.9577,0.8189,1.0747,1.0663
830,HADHB,5.4016,7,APEX1,False,1.1852,0.923,0.9577,0.8189,1.0747,1.0663
830,RFC4,5.4016,7,APEX1,False,1.1852,0.923,0.9577,0.8189,1.0747,1.0663
830,SF3B3,5.4016,7,APEX1,False,1.1852,0.923,0.9577,0.8189,1.0747,1.0663
830,PERP,4.8684,11,APEX1,False,1.1852,0.923,0.9577,0.8189,1.0747,1.0663
830,PRDX2,2.8545,12,APEX1,False,1.1852,0.923,0.9577,0.8189,1.0747,1.0663
830,KDM1A,1.0747,13,APEX1,False,1.1852,0.923,0.9577,0.8189,1.0747,1.0663
831,APEX1,9.436,1,APEX1,True,1.0702,1.0294,1.0339,1.0694,0.925,1.2427
831,TNFRSF10C,6.2989,2,APEX1,False,1.0702,1.0294,1.0339,1.0694,0.925,1.2427
831,ARID5B,6.2989,2,APEX1,False,1.0702,1.0294,1.0339,1.0694,0.925,1.2427
831,DHFR,5.7842,4,APEX1,False,1.0702,1.0294,1.0339,1.0694,0.925,1.2427
831,BACE1,5.7842,4,APEX1,False,1.0702,1.0294,1.0339,1.0694,0.925,1.2427
831,SEC23B,5.7842,4,APEX1,False,1.0702,1.0294,1.0339,1.0694,0.925,1.2427
831,PADI4,5.2695,7,APEX1,False,1.0702,1.0294,1.0339,1.0694,0.925,1.2427
831,HADHB,5.2695,7,APEX1,False,1.0702,1.0294,1.0339,1.0694,0.925,1.2427
831,RFC4,5.2695,7,APEX1,False,1.0702,1.0294,1.0339,1.0694,0.925,1.2427
831,SF3B3,5.2695,7,APEX1,False,1.0702,1.0294,1.0339,1.0694,0.925,1.2427
831,PERP,4.6481,11,APEX1,False,1.0702,1.0294,1.0339,1.0694,0.925,1.2427
831,PRDX2,2.4668,12,APEX1,False,1.0702,1.0294,1.0339,1.0694,0.925,1.2427
831,KDM1A,0.925,13,APEX1,False,1.0702,1.0294,1.0339,1.0694,0.925,1.2427
832,APEX1,9.2501,1,APEX1,True,0.9634,1.1985,0.9028,0.9591,0.9459,1.1569
832,TNFRSF10C,6.4855,2,APEX1,False,0.9634,1.1985,0.9028,0.9591,0.9459,1.1569
832,ARID5B,6.4855,2,APEX1,False,0.9634,1.1985,0.9028,0.9591,0.9459,1.1569
832,DHFR,5.8863,4,APEX1,False,0.9634,1.1985,0.9028,0.9591,0.9459,1.1569
832,BACE1,5.8863,4,APEX1,False,0.9634,1.1985,0.9028,0.9591,0.9459,1.1569
832,SEC23B,5.8863,4,APEX1,False,0.9634,1.1985,0.9028,0.9591,0.9459,1.1569
832,PADI4,5.2871,7,APEX1,False,0.9634,1.1985,0.9028,0.9591,0.9459,1.1569
832,HADHB,5.2871,7,APEX1,False,0.9634,1.1985,0.9028,0.9591,0.9459,1.1569
832,RFC4,5.2871,7,APEX1,False,0.9634,1.1985,0.9028,0.9591,0.9459,1.1569
832,SF3B3,5.2871,7,APEX1,False,0.9634,1.1985,0.9028,0.9591,0.9459,1.1569
832,PERP,4.7086,11,APEX1,False,0.9634,1.1985,0.9028,0.9591,0.9459,1.1569
832,PRDX2,2.1543,12,APEX1,False,0.9634,1.1985,0.9028,0.9591,0.9459,1.1569
832,KDM1A,0.9459,13,APEX1,False,0.9634,1.1985,0.9028,0.9591,0.9459,1.1569
833,APEX1,8.0072,1,APEX1,True,0.8372,0.9,0.8714,1.0529,1.2069,0.7684
833,TNFRSF10C,5.2115,2,APEX1,False,0.8372,0.9,0.8714,1.0529,1.2069,0.7684
833,ARID5B,5.2115,2,APEX1,False,0.8372,0.9,0.8714,1.0529,1.2069,0.7684
833,DHFR,4.7615,4,APEX1,False,0.8372,0.9,0.8714,1.0529,1.2069,0.7684
833,BACE1,4.7615,4,APEX1,False,0.8372,0.9,0.8714,1.0529,1.2069,0.7684
833,SEC23B,4.7615,4,APEX1,False,0.8372,0.9,0.8714,1.0529,1.2069,0.7684
833,PADI4,4.3115,7,APEX1,False,0.8372,0.9,0.8714,1.0529,1.2069,0.7684
833,HADHB,4.3115,7,APEX1,False,0.8372,0.9,0.8714,1.0529,1.2069,0.7684
833,RFC4,4.3115,7,APEX1,False,0.8372,0.9,0.8714,1.0529,1.2069,0.7684
833,SF3B3,4.3115,7,APEX1,False,0.8372,0.9,0.8714,1.0529,1.2069,0.7684
833,PERP,3.9273,11,APEX1,False,0.8372,0.9,0.8714,1.0529,1.2069,0.7684
833,PRDX2,2.1959,12,APEX1,False,0.8372,0.9,0.8714,1.0529,1.2069,0.7684
833,KDM1A,1.2069,13,APEX1,False,0.8372,0.9,0.8714,1.0529,1.2069,0.7684
834,APEX1,9.4233,1,APEX1,True,1.1568,0.9214,1.1989,0.7908,0.8966,0.8296
834,TNFRSF10C,6.2347,2,APEX1,False,1.1568,0.9214,1.1989,0.7908,0.8966,0.8296
834,ARID5B,6.2347,2,APEX1,False,1.1568,0.9214,1.1989,0.7908,0.8966,0.8296
834,DHFR,5.774,4,APEX1,False,1.1568,0.9214,1.1989,0.7908,0.8966,0.8296
834,BACE1,5.774,4,APEX1,False,1.1568,0.9214,1.1989,0.7908,0.8966,0.8296
834,SEC23B,5.774,4,APEX1,False,1.1568,0.9214,1.1989,0.7908,0.8966,0.8296
834,PADI4,5.3132,7,APEX1,False,1.1568,0.9214,1.1989,0.7908,0.8966,0.8296
834,HADHB,5.3132,7,APEX1,False,1.1568,0.9214,1.1989,0.7908,0.8966,0.8296
834,RFC4,5.3132,7,APEX1,False,1.1568,0.9214,1.1989,0.7908,0.8966,0.8296
834,SF3B3,5.3132,7,APEX1,False,1.1568,0.9214,1.1989,0.7908,0.8966,0.8296
834,PERP,4.8984,11,APEX1,False,1.1568,0.9214,1.1989,0.7908,0.8966,0.8296
834,PRDX2,3.2612,12,APEX1,False,1.1568,0.9214,1.1989,0.7908,0.8966,0.8296
834,KDM1A,0.8966,13,APEX1,False,1.1568,0.9214,1.1989,0.7908,0.8966,0.8296
835,APEX1,8.349,1,APEX1,True,0.8402,1.1584,0.7888,0.7758,1.0759,1.065
835,TNFRSF10C,5.9956,2,APEX1,False,0.8402,1.1584,0.7888,0.7758,1.0759,1.065
835,ARID5B,5.9956,2,APEX1,False,0.8402,1.1584,0.7888,0.7758,1.0759,1.065
835,DHFR,5.4164,4,APEX1,False,0.8402,1.1584,0.7888,0.7758,1.0759,1.065
835,BACE1,5.4164,4,APEX1,False,0.8402,1.1584,0.7888,0.7758,1.0759,1.065
835,SEC23B,5.4164,4,APEX1,False,0.8402,1.1584,0.7888,0.7758,1.0759,1.065
835,PADI4,4.8372,7,APEX1,False,0.8402,1.1584,0.7888,0.7758,1.0759,1.065
835,HADHB,4.8372,7,APEX1,False,0.8402,1.1584,0.7888,0.7758,1.0759,1.065
835,RFC4,4.8372,7,APEX1,False,0.8402,1.1584,0.7888,0.7758,1.0759,1.065
835,SF3B3,4.8372,7,APEX1,False,0.8402,1.1584,0.7888,0.7758,1.0759,1.065
835,PERP,4.3047,11,APEX1,False,0.8402,1.1584,0.7888,0.7758,1.0759,1.065
835,PRDX2,1.8242,12,APEX1,False,0.8402,1.1584,0.7888,0.7758,1.0759,1.065
835,KDM1A,1.0759,13,APEX1,False,0.8402,1.1584,0.7888,0.7758,1.0759,1.065
836,APEX1,7.9261,1,APEX1,True,0.9273,0.8935,0.8432,0.7772,1.0516,1.2039
836,TNFRSF10C,5.4625,2,APEX1,False,0.9273,0.8935,0.8432,0.7772,1.0516,1.2039
836,ARID5B,5.4625,2,APEX1,False,0.9273,0.8935,0.8432,0.7772,1.0516,1.2039
836,DHFR,5.0158,4,APEX1,False,0.9273,0.8935,0.8432,0.7772,1.0516,1.2039
836,BACE1,5.0158,4,APEX1,False,0.9273,0.8935,0.8432,0.7772,1.0516,1.2039
836,SEC23B,5.0158,4,APEX1,False,0.9273,0.8935,0.8432,0.7772,1.0516,1.2039
836,PADI4,4.569,7,APEX1,False,0.9273,0.8935,0.8432,0.7772,1.0516,1.2039
836,HADHB,4.569,7,APEX1,False,0.9273,0.8935,0.8432,0.7772,1.0516,1.2039
836,RFC4,4.569,7,APEX1,False,0.9273,0.8935,0.8432,0.7772,1.0516,1.2039
836,SF3B3,4.569,7,APEX1,False,0.9273,0.8935,0.8432,0.7772,1.0516,1.2039
836,PERP,3.9671,11,APEX1,False,0.9273,0.8935,0.8432,0.7772,1.0516,1.2039
836,PRDX2,1.9576,12,APEX1,False,0.9273,0.8935,0.8432,0.7772,1.0516,1.2039
836,KDM1A,1.0516,13,APEX1,False,0.9273,0.8935,0.8432,0.7772,1.0516,1.2039
837,APEX1,8.8138,1,APEX1,True,0.9922,1.1105,0.8463,0.8129,0.9212,0.8085
837,TNFRSF10C,6.3083,2,APEX1,False,0.9922,1.1105,0.8463,0.8129,0.9212,0.8085
837,ARID5B,6.3083,2,APEX1,False,0.9922,1.1105,0.8463,0.8129,0.9212,0.8085
837,DHFR,5.753,4,APEX1,False,0.9922,1.1105,0.8463,0.8129,0.9212,0.8085
837,BACE1,5.753,4,APEX1,False,0.9922,1.1105,0.8463,0.8129,0.9212,0.8085
837,SEC23B,5.753,4,APEX1,False,0.9922,1.1105,0.8463,0.8129,0.9212,0.8085
837,PADI4,5.1978,7,APEX1,False,0.9922,1.1105,0.8463,0.8129,0.9212,0.8085
837,HADHB,5.1978,7,APEX1,False,0.9922,1.1105,0.8463,0.8129,0.9212,0.8085
837,RFC4,5.1978,7,APEX1,False,0.9922,1.1105,0.8463,0.8129,0.9212,0.8085
837,SF3B3,5.1978,7,APEX1,False,0.9922,1.1105,0.8463,0.8129,0.9212,0.8085
837,PERP,4.7935,11,APEX1,False,0.9922,1.1105,0.8463,0.8129,0.9212,0.8085
837,PRDX2,2.5185,12,APEX1,False,0.9922,1.1105,0.8463,0.8129,0.9212,0.8085
837,KDM1A,0.9212,13,APEX1,False,0.9922,1.1105,0.8463,0.8129,0.9212,0.8085
838,APEX1,8.9812,1,APEX1,True,0.9355,1.1586,0.898,0.9029,0.7532,0.9226
838,TNFRSF10C,6.2823,2,APEX1,False,0.9355,1.1586,0.898,0.9029,0.7532,0.9226
838,ARID5B,6.2823,2,APEX1,False,0.9355,1.1586,0.898,0.9029,0.7532,0.9226
838,DHFR,5.703,4,APEX1,False,0.9355,1.1586,0.898,0.9029,0.7532,0.9226
838,BACE1,5.703,4,APEX1,False,0.9355,1.1586,0.898,0.9029,0.7532,0.9226
838,SEC23B,5.703,4,APEX1,False,0.9355,1.1586,0.898,0.9029,0.7532,0.9226
838,PADI4,5.1237,7,APEX1,False,0.9355,1.1586,0.898,0.9029,0.7532,0.9226
838,HADHB,5.1237,7,APEX1,False,0.9355,1.1586,0.898,0.9029,0.7532,0.9226
838,RFC4,5.1237,7,APEX1,False,0.9355,1.1586,0.898,0.9029,0.7532,0.9226
838,SF3B3,5.1237,7,APEX1,False,0.9355,1.1586,0.898,0.9029,0.7532,0.9226
838,PERP,4.6624,11,APEX1,False,0.9355,1.1586,0.898,0.9029,0.7532,0.9226
838,PRDX2,2.3142,12,APEX1,False,0.9355,1.1586,0.898,0.9029,0.7532,0.9226
838,KDM1A,0.7532,13,APEX1,False,0.9355,1.1586,0.898,0.9029,0.7532,0.9226
839,APEX1,9.5498,1,APEX1,True,1.1045,1.1814,0.8785,0.9351,0.7561,0.844
839,TNFRSF10C,6.8576,2,APEX1,False,1.1045,1.1814,0.8785,0.9351,0.7561,0.844
839,ARID5B,6.8576,2,APEX1,False,1.1045,1.1814,0.8785,0.9351,0.7561,0.844
839,DHFR,6.2669,4,APEX1,False,1.1045,1.1814,0.8785,0.9351,0.7561,0.844
839,BACE1,6.2669,4,APEX1,False,1.1045,1.1814,0.8785,0.9351,0.7561,0.844
839,SEC23B,6.2669,4,APEX1,False,1.1045,1.1814,0.8785,0.9351,0.7561,0.844
839,PADI4,5.6762,7,APEX1,False,1.1045,1.1814,0.8785,0.9351,0.7561,0.844
839,HADHB,5.6762,7,APEX1,False,1.1045,1.1814,0.8785,0.9351,0.7561,0.844
839,RFC4,5.6762,7,APEX1,False,1.1045,1.1814,0.8785,0.9351,0.7561,0.844
839,SF3B3,5.6762,7,APEX1,False,1.1045,1.1814,0.8785,0.9351,0.7561,0.844
839,PERP,5.2542,11,APEX1,False,1.1045,1.1814,0.8785,0.9351,0.7561,0.844
839,PRDX2,2.7957,12,APEX1,False,1.1045,1.1814,0.8785,0.9351,0.7561,0.844
839,KDM1A,0.7561,13,APEX1,False,1.1045,1.1814,0.8785,0.9351,0.7561,0.844
840,APEX1,8.8638,1,APEX1,True,1.0087,0.9639,1.0813,0.7834,1.2202,1.077
840,TNFRSF10C,5.9177,2,APEX1,False,1.0087,0.9639,1.0813,0.7834,1.2202,1.077
840,ARID5B,5.9177,2,APEX1,False,1.0087,0.9639,1.0813,0.7834,1.2202,1.077
840,DHFR,5.4358,4,APEX1,False,1.0087,0.9639,1.0813,0.7834,1.2202,1.077
840,BACE1,5.4358,4,APEX1,False,1.0087,0.9639,1.0813,0.7834,1.2202,1.077
840,SEC23B,5.4358,4,APEX1,False,1.0087,0.9639,1.0813,0.7834,1.2202,1.077
840,PADI4,4.9538,7,APEX1,False,1.0087,0.9639,1.0813,0.7834,1.2202,1.077
840,HADHB,4.9538,7,APEX1,False,1.0087,0.9639,1.0813,0.7834,1.2202,1.077
840,RFC4,4.9538,7,APEX1,False,1.0087,0.9639,1.0813,0.7834,1.2202,1.077
840,SF3B3,4.9538,7,APEX1,False,1.0087,0.9639,1.0813,0.7834,1.2202,1.077
840,PERP,4.4153,11,APEX1,False,1.0087,0.9639,1.0813,0.7834,1.2202,1.077
840,PRDX2,2.526,12,APEX1,False,1.0087,0.9639,1.0813,0.7834,1.2202,1.077
840,KDM1A,1.2202,13,APEX1,False,1.0087,0.9639,1.0813,0.7834,1.2202,1.077
841,APEX1,8.9993,1,APEX1,True,0.88,1.2196,0.9156,0.8691,0.8627,0.9377
841,TNFRSF10C,6.2989,2,APEX1,False,0.88,1.2196,0.9156,0.8691,0.8627,0.9377
841,ARID5B,6.2989,2,APEX1,False,0.88,1.2196,0.9156,0.8691,0.8627,0.9377
841,DHFR,5.6891,4,APEX1,False,0.88,1.2196,0.9156,0.8691,0.8627,0.9377
841,BACE1,5.6891,4,APEX1,False,0.88,1.2196,0.9156,0.8691,0.8627,0.9377
841,SEC23B,5.6891,4,APEX1,False,0.88,1.2196,0.9156,0.8691,0.8627,0.9377
841,PADI4,5.0793,7,APEX1,False,0.88,1.2196,0.9156,0.8691,0.8627,0.9377
841,HADHB,5.0793,7,APEX1,False,0.88,1.2196,0.9156,0.8691,0.8627,0.9377
841,RFC4,5.0793,7,APEX1,False,0.88,1.2196,0.9156,0.8691,0.8627,0.9377
841,SF3B3,5.0793,7,APEX1,False,0.88,1.2196,0.9156,0.8691,0.8627,0.9377
841,PERP,4.6104,11,APEX1,False,0.88,1.2196,0.9156,0.8691,0.8627,0.9377
841,PRDX2,2.178,12,APEX1,False,0.88,1.2196,0.9156,0.8691,0.8627,0.9377
841,KDM1A,0.8627,13,APEX1,False,0.88,1.2196,0.9156,0.8691,0.8627,0.9377
842,APEX1,10.1704,1,APEX1,True,1.1042,1.1973,1.049,1.168,1.0854,1.1414
842,TNFRSF10C,6.9043,2,APEX1,False,1.1042,1.1973,1.049,1.168,1.0854,1.1414
842,ARID5B,6.9043,2,APEX1,False,1.1042,1.1973,1.049,1.168,1.0854,1.1414
842,DHFR,6.3057,4,APEX1,False,1.1042,1.1973,1.049,1.168,1.0854,1.1414
842,BACE1,6.3057,4,APEX1,False,1.1042,1.1973,1.049,1.168,1.0854,1.1414
842,SEC23B,6.3057,4,APEX1,False,1.1042,1.1973,1.049,1.168,1.0854,1.1414
842,PADI4,5.7071,7,APEX1,False,1.1042,1.1973,1.049,1.168,1.0854,1.1414
842,HADHB,5.7071,7,APEX1,False,1.1042,1.1973,1.049,1.168,1.0854,1.1414
842,RFC4,5.7071,7,APEX1,False,1.1042,1.1973,1.049,1.168,1.0854,1.1414
842,SF3B3,5.7071,7,APEX1,False,1.1042,1.1973,1.049,1.168,1.0854,1.1414
842,PERP,5.1363,11,APEX1,False,1.1042,1.1973,1.049,1.168,1.0854,1.1414
842,PRDX2,2.668,12,APEX1,False,1.1042,1.1973,1.049,1.168,1.0854,1.1414
842,KDM1A,1.0854,13,APEX1,False,1.1042,1.1973,1.049,1.168,1.0854,1.1414
843,APEX1,8.7457,1,APEX1,True,1.0908,0.8524,0.9193,1.0776,0.8857,0.844
843,TNFRSF10C,5.8295,2,APEX1,False,1.0908,0.8524,0.9193,1.0776,0.8857,0.844
843,ARID5B,5.8295,2,APEX1,False,1.0908,0.8524,0.9193,1.0776,0.8857,0.844
843,DHFR,5.4033,4,APEX1,False,1.0908,0.8524,0.9193,1.0776,0.8857,0.844
843,BACE1,5.4033,4,APEX1,False,1.0908,0.8524,0.9193,1.0776,0.8857,0.844
843,SEC23B,5.4033,4,APEX1,False,1.0908,0.8524,0.9193,1.0776,0.8857,0.844
843,PADI4,4.9771,7,APEX1,False,1.0908,0.8524,0.9193,1.0776,0.8857,0.844
843,HADHB,4.9771,7,APEX1,False,1.0908,0.8524,0.9193,1.0776,0.8857,0.844
843,RFC4,4.9771,7,APEX1,False,1.0908,0.8524,0.9193,1.0776,0.8857,0.844
843,SF3B3,4.9771,7,APEX1,False,1.0908,0.8524,0.9193,1.0776,0.8857,0.844
843,PERP,4.5551,11,APEX1,False,1.0908,0.8524,0.9193,1.0776,0.8857,0.844
843,PRDX2,2.8024,12,APEX1,False,1.0908,0.8524,0.9193,1.0776,0.8857,0.844
843,KDM1A,0.8857,13,APEX1,False,1.0908,0.8524,0.9193,1.0776,0.8857,0.844
844,APEX1,9.3233,1,APEX1,True,1.0093,1.0715,1.0616,0.9578,0.8003,1.0474
844,TNFRSF10C,6.2423,2,APEX1,False,1.0093,1.0715,1.0616,0.9578,0.8003,1.0474
844,ARID5B,6.2423,2,APEX1,False,1.0093,1.0715,1.0616,0.9578,0.8003,1.0474
844,DHFR,5.7066,4,APEX1,False,1.0093,1.0715,1.0616,0.9578,0.8003,1.0474
844,BACE1,5.7066,4,APEX1,False,1.0093,1.0715,1.0616,0.9578,0.8003,1.0474
844,SEC23B,5.7066,4,APEX1,False,1.0093,1.0715,1.0616,0.9578,0.8003,1.0474
844,PADI4,5.1709,7,APEX1,False,1.0093,1.0715,1.0616,0.9578,0.8003,1.0474
844,HADHB,5.1709,7,APEX1,False,1.0093,1.0715,1.0616,0.9578,0.8003,1.0474
844,RFC4,5.1709,7,APEX1,False,1.0093,1.0715,1.0616,0.9578,0.8003,1.0474
844,SF3B3,5.1709,7,APEX1,False,1.0093,1.0715,1.0616,0.9578,0.8003,1.0474
844,PERP,4.6472,11,APEX1,False,1.0093,1.0715,1.0616,0.9578,0.8003,1.0474
844,PRDX2,2.5375,12,APEX1,False,1.0093,1.0715,1.0616,0.9578,0.8003,1.0474
844,KDM1A,0.8003,13,APEX1,False,1.0093,1.0715,1.0616,0.9578,0.8003,1.0474
845,APEX1,8.0046,1,APEX1,True,0.8859,0.8222,0.9763,0.9278,0.8779,1.1035
845,TNFRSF10C,5.1243,2,APEX1,False,0.8859,0.8222,0.9763,0.9278,0.8779,1.1035
845,ARID5B,5.1243,2,APEX1,False,0.8859,0.8222,0.9763,0.9278,0.8779,1.1035
845,DHFR,4.7132,4,APEX1,False,0.8859,0.8222,0.9763,0.9278,0.8779,1.1035
845,BACE1,4.7132,4,APEX1,False,0.8859,0.8222,0.9763,0.9278,0.8779,1.1035
845,SEC23B,4.7132,4,APEX1,False,0.8859,0.8222,0.9763,0.9278,0.8779,1.1035
845,PADI4,4.3021,7,APEX1,False,0.8859,0.8222,0.9763,0.9278,0.8779,1.1035
845,HADHB,4.3021,7,APEX1,False,0.8859,0.8222,0.9763,0.9278,0.8779,1.1035
845,RFC4,4.3021,7,APEX1,False,0.8859,0.8222,0.9763,0.9278,0.8779,1.1035
845,SF3B3,4.3021,7,APEX1,False,0.8859,0.8222,0.9763,0.9278,0.8779,1.1035
845,PERP,3.7503,11,APEX1,False,0.8859,0.8222,0.9763,0.9278,0.8779,1.1035
845,PRDX2,2.0875,12,APEX1,False,0.8859,0.8222,0.9763,0.9278,0.8779,1.1035
845,KDM1A,0.8779,13,APEX1,False,0.8859,0.8222,0.9763,0.9278,0.8779,1.1035
846,APEX1,8.6638,1,APEX1,True,0.8962,1.0592,0.9504,0.8967,1.1344,0.9009
846,TNFRSF10C,5.8663,2,APEX1,False,0.8962,1.0592,0.9504,0.8967,1.1344,0.9009
846,ARID5B,5.8663,2,APEX1,False,0.8962,1.0592,0.9504,0.8967,1.1344,0.9009
846,DHFR,5.3367,4,APEX1,False,0.8962,1.0592,0.9504,0.8967,1.1344,0.9009
846,BACE1,5.3367,4,APEX1,False,0.8962,1.0592,0.9504,0.8967,1.1344,0.9009
846,SEC23B,5.3367,4,APEX1,False,0.8962,1.0592,0.9504,0.8967,1.1344,0.9009
846,PADI4,4.8071,7,APEX1,False,0.8962,1.0592,0.9504,0.8967,1.1344,0.9009
846,HADHB,4.8071,7,APEX1,False,0.8962,1.0592,0.9504,0.8967,1.1344,0.9009
846,RFC4,4.8071,7,APEX1,False,0.8962,1.0592,0.9504,0.8967,1.1344,0.9009
846,SF3B3,4.8071,7,APEX1,False,0.8962,1.0592,0.9504,0.8967,1.1344,0.9009
846,PERP,4.3566,11,APEX1,False,0.8962,1.0592,0.9504,0.8967,1.1344,0.9009
846,PRDX2,2.29,12,APEX1,False,0.8962,1.0592,0.9504,0.8967,1.1344,0.9009
846,KDM1A,1.1344,13,APEX1,False,0.8962,1.0592,0.9504,0.8967,1.1344,0.9009
847,APEX1,9.8487,1,APEX1,True,1.0447,1.1066,1.1555,1.0837,1.2494,1.0744
847,TNFRSF10C,6.4539,2,APEX1,False,1.0447,1.1066,1.1555,1.0837,1.2494,1.0744
847,ARID5B,6.4539,2,APEX1,False,1.0447,1.1066,1.1555,1.0837,1.2494,1.0744
847,DHFR,5.9006,4,APEX1,False,1.0447,1.1066,1.1555,1.0837,1.2494,1.0744
847,BACE1,5.9006,4,APEX1,False,1.0447,1.1066,1.1555,1.0837,1.2494,1.0744
847,SEC23B,5.9006,4,APEX1,False,1.0447,1.1066,1.1555,1.0837,1.2494,1.0744
847,PADI4,5.3473,7,APEX1,False,1.0447,1.1066,1.1555,1.0837,1.2494,1.0744
847,HADHB,5.3473,7,APEX1,False,1.0447,1.1066,1.1555,1.0837,1.2494,1.0744
847,RFC4,5.3473,7,APEX1,False,1.0447,1.1066,1.1555,1.0837,1.2494,1.0744
847,SF3B3,5.3473,7,APEX1,False,1.0447,1.1066,1.1555,1.0837,1.2494,1.0744
847,PERP,4.8101,11,APEX1,False,1.0447,1.1066,1.1555,1.0837,1.2494,1.0744
847,PRDX2,2.693,12,APEX1,False,1.0447,1.1066,1.1555,1.0837,1.2494,1.0744
847,KDM1A,1.2494,13,APEX1,False,1.0447,1.1066,1.1555,1.0837,1.2494,1.0744
848,APEX1,10.3282,1,APEX1,True,1.2074,1.0328,1.2047,1.1981,0.7811,1.1719
848,TNFRSF10C,6.7207,2,APEX1,False,1.2074,1.0328,1.2047,1.1981,0.7811,1.1719
848,ARID5B,6.7207,2,APEX1,False,1.2074,1.0328,1.2047,1.1981,0.7811,1.1719
848,DHFR,6.2043,4,APEX1,False,1.2074,1.0328,1.2047,1.1981,0.7811,1.1719
848,BACE1,6.2043,4,APEX1,False,1.2074,1.0328,1.2047,1.1981,0.7811,1.1719
848,SEC23B,6.2043,4,APEX1,False,1.2074,1.0328,1.2047,1.1981,0.7811,1.1719
848,PADI4,5.6879,7,APEX1,False,1.2074,1.0328,1.2047,1.1981,0.7811,1.1719
848,HADHB,5.6879,7,APEX1,False,1.2074,1.0328,1.2047,1.1981,0.7811,1.1719
848,RFC4,5.6879,7,APEX1,False,1.2074,1.0328,1.2047,1.1981,0.7811,1.1719
848,SF3B3,5.6879,7,APEX1,False,1.2074,1.0328,1.2047,1.1981,0.7811,1.1719
848,PERP,5.1019,11,APEX1,False,1.2074,1.0328,1.2047,1.1981,0.7811,1.1719
848,PRDX2,3.0513,12,APEX1,False,1.2074,1.0328,1.2047,1.1981,0.7811,1.1719
848,KDM1A,0.7811,13,APEX1,False,1.2074,1.0328,1.2047,1.1981,0.7811,1.1719
849,APEX1,8.6789,1,APEX1,True,0.9854,0.9321,1.0355,0.8553,1.0979,0.8766
849,TNFRSF10C,5.7525,2,APEX1,False,0.9854,0.9321,1.0355,0.8553,1.0979,0.8766
849,ARID5B,5.7525,2,APEX1,False,0.9854,0.9321,1.0355,0.8553,1.0979,0.8766
849,DHFR,5.2865,4,APEX1,False,0.9854,0.9321,1.0355,0.8553,1.0979,0.8766
849,BACE1,5.2865,4,APEX1,False,0.9854,0.9321,1.0355,0.8553,1.0979,0.8766
849,SEC23B,5.2865,4,APEX1,False,0.9854,0.9321,1.0355,0.8553,1.0979,0.8766
849,PADI4,4.8204,7,APEX1,False,0.9854,0.9321,1.0355,0.8553,1.0979,0.8766
849,HADHB,4.8204,7,APEX1,False,0.9854,0.9321,1.0355,0.8553,1.0979,0.8766
849,RFC4,4.8204,7,APEX1,False,0.9854,0.9321,1.0355,0.8553,1.0979,0.8766
849,SF3B3,4.8204,7,APEX1,False,0.9854,0.9321,1.0355,0.8553,1.0979,0.8766
849,PERP,4.3821,11,APEX1,False,0.9854,0.9321,1.0355,0.8553,1.0979,0.8766
849,PRDX2,2.6224,12,APEX1,False,0.9854,0.9321,1.0355,0.8553,1.0979,0.8766
849,KDM1A,1.0979,13,APEX1,False,0.9854,0.9321,1.0355,0.8553,1.0979,0.8766
850,APEX1,9.4625,1,APEX1,True,1.1296,0.9802,1.1192,0.8947,1.242,1.1791
850,TNFRSF10C,6.3295,2,APEX1,False,1.1296,0.9802,1.1192,0.8947,1.242,1.1791
850,ARID5B,6.3295,2,APEX1,False,1.1296,0.9802,1.1192,0.8947,1.242,1.1791
850,DHFR,5.8394,4,APEX1,False,1.1296,0.9802,1.1192,0.8947,1.242,1.1791
850,BACE1,5.8394,4,APEX1,False,1.1296,0.9802,1.1192,0.8947,1.242,1.1791
850,SEC23B,5.8394,4,APEX1,False,1.1296,0.9802,1.1192,0.8947,1.242,1.1791
850,PADI4,5.3493,7,APEX1,False,1.1296,0.9802,1.1192,0.8947,1.242,1.1791
850,HADHB,5.3493,7,APEX1,False,1.1296,0.9802,1.1192,0.8947,1.242,1.1791
850,RFC4,5.3493,7,APEX1,False,1.1296,0.9802,1.1192,0.8947,1.242,1.1791
850,SF3B3,5.3493,7,APEX1,False,1.1296,0.9802,1.1192,0.8947,1.242,1.1791
850,PERP,4.7597,11,APEX1,False,1.1296,0.9802,1.1192,0.8947,1.242,1.1791
850,PRDX2,2.764,12,APEX1,False,1.1296,0.9802,1.1192,0.8947,1.242,1.1791
850,KDM1A,1.242,13,APEX1,False,1.1296,0.9802,1.1192,0.8947,1.242,1.1791
851,APEX1,9.07,1,APEX1,True,0.7615,1.2225,0.9368,1.2442,1.1716,1.2185
851,TNFRSF10C,5.9522,2,APEX1,False,0.7615,1.2225,0.9368,1.2442,1.1716,1.2185
851,ARID5B,5.9522,2,APEX1,False,0.7615,1.2225,0.9368,1.2442,1.1716,1.2185
851,DHFR,5.341,4,APEX1,False,0.7615,1.2225,0.9368,1.2442,1.1716,1.2185
851,BACE1,5.341,4,APEX1,False,0.7615,1.2225,0.9368,1.2442,1.1716,1.2185
851,SEC23B,5.341,4,APEX1,False,0.7615,1.2225,0.9368,1.2442,1.1716,1.2185
851,PADI4,4.7297,7,APEX1,False,0.7615,1.2225,0.9368,1.2442,1.1716,1.2185
851,HADHB,4.7297,7,APEX1,False,0.7615,1.2225,0.9368,1.2442,1.1716,1.2185
851,RFC4,4.7297,7,APEX1,False,0.7615,1.2225,0.9368,1.2442,1.1716,1.2185
851,SF3B3,4.7297,7,APEX1,False,0.7615,1.2225,0.9368,1.2442,1.1716,1.2185
851,PERP,4.1205,11,APEX1,False,0.7615,1.2225,0.9368,1.2442,1.1716,1.2185
851,PRDX2,1.6222,12,APEX1,False,0.7615,1.2225,0.9368,1.2442,1.1716,1.2185
851,KDM1A,1.1716,13,APEX1,False,0.7615,1.2225,0.9368,1.2442,1.1716,1.2185
852,APEX1,9.3569,1,APEX1,True,0.8349,1.1697,1.0483,1.2464,0.9243,0.9205
852,TNFRSF10C,6.0138,2,APEX1,False,0.8349,1.1697,1.0483,1.2464,0.9243,0.9205
852,ARID5B,6.0138,2,APEX1,False,0.8349,1.1697,1.0483,1.2464,0.9243,0.9205
852,DHFR,5.429,4,APEX1,False,0.8349,1.1697,1.0483,1.2464,0.9243,0.9205
852,BACE1,5.429,4,APEX1,False,0.8349,1.1697,1.0483,1.2464,0.9243,0.9205
852,SEC23B,5.429,4,APEX1,False,0.8349,1.1697,1.0483,1.2464,0.9243,0.9205
852,PADI4,4.8441,7,APEX1,False,0.8349,1.1697,1.0483,1.2464,0.9243,0.9205
852,HADHB,4.8441,7,APEX1,False,0.8349,1.1697,1.0483,1.2464,0.9243,0.9205
852,RFC4,4.8441,7,APEX1,False,0.8349,1.1697,1.0483,1.2464,0.9243,0.9205
852,SF3B3,4.8441,7,APEX1,False,0.8349,1.1697,1.0483,1.2464,0.9243,0.9205
852,PERP,4.3839,11,APEX1,False,0.8349,1.1697,1.0483,1.2464,0.9243,0.9205
852,PRDX2,2.2151,12,APEX1,False,0.8349,1.1697,1.0483,1.2464,0.9243,0.9205
852,KDM1A,0.9243,13,APEX1,False,0.8349,1.1697,1.0483,1.2464,0.9243,0.9205
853,APEX1,9.5719,1,APEX1,True,1.2003,0.8808,1.1083,1.1121,1.176,0.847
853,TNFRSF10C,6.2432,2,APEX1,False,1.2003,0.8808,1.1083,1.1121,1.176,0.847
853,ARID5B,6.2432,2,APEX1,False,1.2003,0.8808,1.1083,1.1121,1.176,0.847
853,DHFR,5.8028,4,APEX1,False,1.2003,0.8808,1.1083,1.1121,1.176,0.847
853,BACE1,5.8028,4,APEX1,False,1.2003,0.8808,1.1083,1.1121,1.176,0.847
853,SEC23B,5.8028,4,APEX1,False,1.2003,0.8808,1.1083,1.1121,1.176,0.847
853,PADI4,5.3625,7,APEX1,False,1.2003,0.8808,1.1083,1.1121,1.176,0.847
853,HADHB,5.3625,7,APEX1,False,1.2003,0.8808,1.1083,1.1121,1.176,0.847
853,RFC4,5.3625,7,APEX1,False,1.2003,0.8808,1.1083,1.1121,1.176,0.847
853,SF3B3,5.3625,7,APEX1,False,1.2003,0.8808,1.1083,1.1121,1.176,0.847
853,PERP,4.939,11,APEX1,False,1.2003,0.8808,1.1083,1.1121,1.176,0.847
853,PRDX2,3.2621,12,APEX1,False,1.2003,0.8808,1.1083,1.1121,1.176,0.847
853,KDM1A,1.176,13,APEX1,False,1.2003,0.8808,1.1083,1.1121,1.176,0.847
854,APEX1,8.6222,1,APEX1,True,0.9992,0.9962,0.9206,0.7949,0.9219,0.8291
854,TNFRSF10C,5.986,2,APEX1,False,0.9992,0.9962,0.9206,0.7949,0.9219,0.8291
854,ARID5B,5.986,2,APEX1,False,0.9992,0.9962,0.9206,0.7949,0.9219,0.8291
854,DHFR,5.4879,4,APEX1,False,0.9992,0.9962,0.9206,0.7949,0.9219,0.8291
854,BACE1,5.4879,4,APEX1,False,0.9992,0.9962,0.9206,0.7949,0.9219,0.8291
854,SEC23B,5.4879,4,APEX1,False,0.9992,0.9962,0.9206,0.7949,0.9219,0.8291
854,PADI4,4.9898,7,APEX1,False,0.9992,0.9962,0.9206,0.7949,0.9219,0.8291
854,HADHB,4.9898,7,APEX1,False,0.9992,0.9962,0.9206,0.7949,0.9219,0.8291
854,RFC4,4.9898,7,APEX1,False,0.9992,0.9962,0.9206,0.7949,0.9219,0.8291
854,SF3B3,4.9898,7,APEX1,False,0.9992,0.9962,0.9206,0.7949,0.9219,0.8291
854,PERP,4.5753,11,APEX1,False,0.9992,0.9962,0.9206,0.7949,0.9219,0.8291
854,PRDX2,2.5894,12,APEX1,False,0.9992,0.9962,0.9206,0.7949,0.9219,0.8291
854,KDM1A,0.9219,13,APEX1,False,0.9992,0.9962,0.9206,0.7949,0.9219,0.8291
855,APEX1,7.6669,1,APEX1,True,0.942,0.8485,0.7534,0.7885,0.8936,0.8871
855,TNFRSF10C,5.3716,2,APEX1,False,0.942,0.8485,0.7534,0.7885,0.8936,0.8871
855,ARID5B,5.3716,2,APEX1,False,0.942,0.8485,0.7534,0.7885,0.8936,0.8871
855,DHFR,4.9474,4,APEX1,False,0.942,0.8485,0.7534,0.7885,0.8936,0.8871
855,BACE1,4.9474,4,APEX1,False,0.942,0.8485,0.7534,0.7885,0.8936,0.8871
855,SEC23B,4.9474,4,APEX1,False,0.942,0.8485,0.7534,0.7885,0.8936,0.8871
855,PADI4,4.5231,7,APEX1,False,0.942,0.8485,0.7534,0.7885,0.8936,0.8871
855,HADHB,4.5231,7,APEX1,False,0.942,0.8485,0.7534,0.7885,0.8936,0.8871
855,RFC4,4.5231,7,APEX1,False,0.942,0.8485,0.7534,0.7885,0.8936,0.8871
855,SF3B3,4.5231,7,APEX1,False,0.942,0.8485,0.7534,0.7885,0.8936,0.8871
855,PERP,4.0796,11,APEX1,False,0.942,0.8485,0.7534,0.7885,0.8936,0.8871
855,PRDX2,2.2214,12,APEX1,False,0.942,0.8485,0.7534,0.7885,0.8936,0.8871
855,KDM1A,0.8936,13,APEX1,False,0.942,0.8485,0.7534,0.7885,0.8936,0.8871
856,APEX1,9.2685,1,APEX1,True,1.0304,1.1057,1.0494,0.7613,0.8101,1.1172
856,TNFRSF10C,6.4083,2,APEX1,False,1.0304,1.1057,1.0494,0.7613,0.8101,1.1172
856,ARID5B,6.4083,2,APEX1,False,1.0304,1.1057,1.0494,0.7613,0.8101,1.1172
856,DHFR,5.8555,4,APEX1,False,1.0304,1.1057,1.0494,0.7613,0.8101,1.1172
856,BACE1,5.8555,4,APEX1,False,1.0304,1.1057,1.0494,0.7613,0.8101,1.1172
856,SEC23B,5.8555,4,APEX1,False,1.0304,1.1057,1.0494,0.7613,0.8101,1.1172
856,PADI4,5.3027,7,APEX1,False,1.0304,1.1057,1.0494,0.7613,0.8101,1.1172
856,HADHB,5.3027,7,APEX1,False,1.0304,1.1057,1.0494,0.7613,0.8101,1.1172
856,RFC4,5.3027,7,APEX1,False,1.0304,1.1057,1.0494,0.7613,0.8101,1.1172
856,SF3B3,5.3027,7,APEX1,False,1.0304,1.1057,1.0494,0.7613,0.8101,1.1172
856,PERP,4.7441,11,APEX1,False,1.0304,1.1057,1.0494,0.7613,0.8101,1.1172
856,PRDX2,2.5083,12,APEX1,False,1.0304,1.1057,1.0494,0.7613,0.8101,1.1172
856,KDM1A,0.8101,13,APEX1,False,1.0304,1.1057,1.0494,0.7613,0.8101,1.1172
857,APEX1,9.5039,1,APEX1,True,1.0655,1.0787,0.9254,1.2204,1.103,0.8073
857,TNFRSF10C,6.4327,2,APEX1,False,1.0655,1.0787,0.9254,1.2204,1.103,0.8073
857,ARID5B,6.4327,2,APEX1,False,1.0655,1.0787,0.9254,1.2204,1.103,0.8073
857,DHFR,5.8934,4,APEX1,False,1.0655,1.0787,0.9254,1.2204,1.103,0.8073
857,BACE1,5.8934,4,APEX1,False,1.0655,1.0787,0.9254,1.2204,1.103,0.8073
857,SEC23B,5.8934,4,APEX1,False,1.0655,1.0787,0.9254,1.2204,1.103,0.8073
857,PADI4,5.354,7,APEX1,False,1.0655,1.0787,0.9254,1.2204,1.103,0.8073
857,HADHB,5.354,7,APEX1,False,1.0655,1.0787,0.9254,1.2204,1.103,0.8073
857,RFC4,5.354,7,APEX1,False,1.0655,1.0787,0.9254,1.2204,1.103,0.8073
857,SF3B3,5.354,7,APEX1,False,1.0655,1.0787,0.9254,1.2204,1.103,0.8073
857,PERP,4.9504,11,APEX1,False,1.0655,1.0787,0.9254,1.2204,1.103,0.8073
857,PRDX2,2.782,12,APEX1,False,1.0655,1.0787,0.9254,1.2204,1.103,0.8073
857,KDM1A,1.103,13,APEX1,False,1.0655,1.0787,0.9254,1.2204,1.103,0.8073
858,APEX1,8.1936,1,APEX1,True,0.8608,0.7842,1.0179,1.2228,0.9958,0.9231
858,TNFRSF10C,4.935,2,APEX1,False,0.8608,0.7842,1.0179,1.2228,0.9958,0.9231
858,ARID5B,4.935,2,APEX1,False,0.8608,0.7842,1.0179,1.2228,0.9958,0.9231
858,DHFR,4.5429,4,APEX1,False,0.8608,0.7842,1.0179,1.2228,0.9958,0.9231
858,BACE1,4.5429,4,APEX1,False,0.8608,0.7842,1.0179,1.2228,0.9958,0.9231
858,SEC23B,4.5429,4,APEX1,False,0.8608,0.7842,1.0179,1.2228,0.9958,0.9231
858,PADI4,4.1508,7,APEX1,False,0.8608,0.7842,1.0179,1.2228,0.9958,0.9231
858,HADHB,4.1508,7,APEX1,False,0.8608,0.7842,1.0179,1.2228,0.9958,0.9231
858,RFC4,4.1508,7,APEX1,False,0.8608,0.7842,1.0179,1.2228,0.9958,0.9231
858,SF3B3,4.1508,7,APEX1,False,0.8608,0.7842,1.0179,1.2228,0.9958,0.9231
858,PERP,3.6892,11,APEX1,False,0.8608,0.7842,1.0179,1.2228,0.9958,0.9231
858,PRDX2,2.2467,12,APEX1,False,0.8608,0.7842,1.0179,1.2228,0.9958,0.9231
858,KDM1A,0.9958,13,APEX1,False,0.8608,0.7842,1.0179,1.2228,0.9958,0.9231
859,APEX1,8.9968,1,APEX1,True,1.1973,0.9203,0.9281,0.788,0.8438,1.1646
859,TNFRSF10C,6.3526,2,APEX1,False,1.1973,0.9203,0.9281,0.788,0.8438,1.1646
859,ARID5B,6.3526,2,APEX1,False,1.1973,0.9203,0.9281,0.788,0.8438,1.1646
859,DHFR,5.8925,4,APEX1,False,1.1973,0.9203,0.9281,0.788,0.8438,1.1646
859,BACE1,5.8925,4,APEX1,False,1.1973,0.9203,0.9281,0.788,0.8438,1.1646
859,SEC23B,5.8925,4,APEX1,False,1.1973,0.9203,0.9281,0.788,0.8438,1.1646
859,PADI4,5.4323,7,APEX1,False,1.1973,0.9203,0.9281,0.788,0.8438,1.1646
859,HADHB,5.4323,7,APEX1,False,1.1973,0.9203,0.9281,0.788,0.8438,1.1646
859,RFC4,5.4323,7,APEX1,False,1.1973,0.9203,0.9281,0.788,0.8438,1.1646
859,SF3B3,5.4323,7,APEX1,False,1.1973,0.9203,0.9281,0.788,0.8438,1.1646
859,PERP,4.8501,11,APEX1,False,1.1973,0.9203,0.9281,0.788,0.8438,1.1646
859,PRDX2,2.7567,12,APEX1,False,1.1973,0.9203,0.9281,0.788,0.8438,1.1646
859,KDM1A,0.8438,13,APEX1,False,1.1973,0.9203,0.9281,0.788,0.8438,1.1646
860,APEX1,8.3578,1,APEX1,True,1.0644,0.8885,0.7534,0.9924,0.9381,0.8428
860,TNFRSF10C,5.8587,2,APEX1,False,1.0644,0.8885,0.7534,0.9924,0.9381,0.8428
860,ARID5B,5.8587,2,APEX1,False,1.0644,0.8885,0.7534,0.9924,0.9381,0.8428
860,DHFR,5.4144,4,APEX1,False,1.0644,0.8885,0.7534,0.9924,0.9381,0.8428
860,BACE1,5.4144,4,APEX1,False,1.0644,0.8885,0.7534,0.9924,0.9381,0.8428
860,SEC23B,5.4144,4,APEX1,False,1.0644,0.8885,0.7534,0.9924,0.9381,0.8428
860,PADI4,4.9702,7,APEX1,False,1.0644,0.8885,0.7534,0.9924,0.9381,0.8428
860,HADHB,4.9702,7,APEX1,False,1.0644,0.8885,0.7534,0.9924,0.9381,0.8428
860,RFC4,4.9702,7,APEX1,False,1.0644,0.8885,0.7534,0.9924,0.9381,0.8428
860,SF3B3,4.9702,7,APEX1,False,1.0644,0.8885,0.7534,0.9924,0.9381,0.8428
860,PERP,4.5488,11,APEX1,False,1.0644,0.8885,0.7534,0.9924,0.9381,0.8428
860,PRDX2,2.5716,12,APEX1,False,1.0644,0.8885,0.7534,0.9924,0.9381,0.8428
860,KDM1A,0.9381,13,APEX1,False,1.0644,0.8885,0.7534,0.9924,0.9381,0.8428
861,APEX1,9.3452,1,APEX1,True,1.1097,0.862,1.1318,1.1668,0.8961,1.0067
861,TNFRSF10C,5.9148,2,APEX1,False,1.1097,0.862,1.1318,1.1668,0.8961,1.0067
861,ARID5B,5.9148,2,APEX1,False,1.1097,0.862,1.1318,1.1668,0.8961,1.0067
861,DHFR,5.4839,4,APEX1,False,1.1097,0.862,1.1318,1.1668,0.8961,1.0067
861,BACE1,5.4839,4,APEX1,False,1.1097,0.862,1.1318,1.1668,0.8961,1.0067
861,SEC23B,5.4839,4,APEX1,False,1.1097,0.862,1.1318,1.1668,0.8961,1.0067
861,PADI4,5.0529,7,APEX1,False,1.1097,0.862,1.1318,1.1668,0.8961,1.0067
861,HADHB,5.0529,7,APEX1,False,1.1097,0.862,1.1318,1.1668,0.8961,1.0067
861,RFC4,5.0529,7,APEX1,False,1.1097,0.862,1.1318,1.1668,0.8961,1.0067
861,SF3B3,5.0529,7,APEX1,False,1.1097,0.862,1.1318,1.1668,0.8961,1.0067
861,PERP,4.5495,11,APEX1,False,1.1097,0.862,1.1318,1.1668,0.8961,1.0067
861,PRDX2,2.8992,12,APEX1,False,1.1097,0.862,1.1318,1.1668,0.8961,1.0067
861,KDM1A,0.8961,13,APEX1,False,1.1097,0.862,1.1318,1.1668,0.8961,1.0067
862,APEX1,8.9284,1,APEX1,True,1.2383,0.7745,0.9277,1.0347,1.0964,0.8555
862,TNFRSF10C,6.0384,2,APEX1,False,1.2383,0.7745,0.9277,1.0347,1.0964,0.8555
862,ARID5B,6.0384,2,APEX1,False,1.2383,0.7745,0.9277,1.0347,1.0964,0.8555
862,DHFR,5.6511,4,APEX1,False,1.2383,0.7745,0.9277,1.0347,1.0964,0.8555
862,BACE1,5.6511,4,APEX1,False,1.2383,0.7745,0.9277,1.0347,1.0964,0.8555
862,SEC23B,5.6511,4,APEX1,False,1.2383,0.7745,0.9277,1.0347,1.0964,0.8555
862,PADI4,5.2638,7,APEX1,False,1.2383,0.7745,0.9277,1.0347,1.0964,0.8555
862,HADHB,5.2638,7,APEX1,False,1.2383,0.7745,0.9277,1.0347,1.0964,0.8555
862,RFC4,5.2638,7,APEX1,False,1.2383,0.7745,0.9277,1.0347,1.0964,0.8555
862,SF3B3,5.2638,7,APEX1,False,1.2383,0.7745,0.9277,1.0347,1.0964,0.8555
862,PERP,4.8361,11,APEX1,False,1.2383,0.7745,0.9277,1.0347,1.0964,0.8555
862,PRDX2,3.1678,12,APEX1,False,1.2383,0.7745,0.9277,1.0347,1.0964,0.8555
862,KDM1A,1.0964,13,APEX1,False,1.2383,0.7745,0.9277,1.0347,1.0964,0.8555
863,APEX1,9.256,1,APEX1,True,1.1939,0.7769,1.1556,1.0326,1.2001,1.1249
863,TNFRSF10C,5.9123,2,APEX1,False,1.1939,0.7769,1.1556,1.0326,1.2001,1.1249
863,ARID5B,5.9123,2,APEX1,False,1.1939,0.7769,1.1556,1.0326,1.2001,1.1249
863,DHFR,5.5238,4,APEX1,False,1.1939,0.7769,1.1556,1.0326,1.2001,1.1249
863,BACE1,5.5238,4,APEX1,False,1.1939,0.7769,1.1556,1.0326,1.2001,1.1249
863,SEC23B,5.5238,4,APEX1,False,1.1939,0.7769,1.1556,1.0326,1.2001,1.1249
863,PADI4,5.1354,7,APEX1,False,1.1939,0.7769,1.1556,1.0326,1.2001,1.1249
863,HADHB,5.1354,7,APEX1,False,1.1939,0.7769,1.1556,1.0326,1.2001,1.1249
863,RFC4,5.1354,7,APEX1,False,1.1939,0.7769,1.1556,1.0326,1.2001,1.1249
863,SF3B3,5.1354,7,APEX1,False,1.1939,0.7769,1.1556,1.0326,1.2001,1.1249
863,PERP,4.5729,11,APEX1,False,1.1939,0.7769,1.1556,1.0326,1.2001,1.1249
863,PRDX2,3.0154,12,APEX1,False,1.1939,0.7769,1.1556,1.0326,1.2001,1.1249
863,KDM1A,1.2001,13,APEX1,False,1.1939,0.7769,1.1556,1.0326,1.2001,1.1249
864,APEX1,9.353,1,APEX1,True,0.8929,1.1397,1.2414,0.7724,1.0356,0.9708
864,TNFRSF10C,6.0978,2,APEX1,False,0.8929,1.1397,1.2414,0.7724,1.0356,0.9708
864,ARID5B,6.0978,2,APEX1,False,0.8929,1.1397,1.2414,0.7724,1.0356,0.9708
864,DHFR,5.5279,4,APEX1,False,0.8929,1.1397,1.2414,0.7724,1.0356,0.9708
864,BACE1,5.5279,4,APEX1,False,0.8929,1.1397,1.2414,0.7724,1.0356,0.9708
864,SEC23B,5.5279,4,APEX1,False,0.8929,1.1397,1.2414,0.7724,1.0356,0.9708
864,PADI4,4.958,7,APEX1,False,0.8929,1.1397,1.2414,0.7724,1.0356,0.9708
864,HADHB,4.958,7,APEX1,False,0.8929,1.1397,1.2414,0.7724,1.0356,0.9708
864,RFC4,4.958,7,APEX1,False,0.8929,1.1397,1.2414,0.7724,1.0356,0.9708
864,SF3B3,4.958,7,APEX1,False,0.8929,1.1397,1.2414,0.7724,1.0356,0.9708
864,PERP,4.4726,11,APEX1,False,0.8929,1.1397,1.2414,0.7724,1.0356,0.9708
864,PRDX2,2.5028,12,APEX1,False,0.8929,1.1397,1.2414,0.7724,1.0356,0.9708
864,KDM1A,1.0356,13,APEX1,False,0.8929,1.1397,1.2414,0.7724,1.0356,0.9708
865,APEX1,9.3387,1,APEX1,True,1.1684,0.7567,1.1629,1.2377,0.9224,0.9609
865,TNFRSF10C,5.7751,2,APEX1,False,1.1684,0.7567,1.1629,1.2377,0.9224,0.9609
865,ARID5B,5.7751,2,APEX1,False,1.1684,0.7567,1.1629,1.2377,0.9224,0.9609
865,DHFR,5.3968,4,APEX1,False,1.1684,0.7567,1.1629,1.2377,0.9224,0.9609
865,BACE1,5.3968,4,APEX1,False,1.1684,0.7567,1.1629,1.2377,0.9224,0.9609
865,SEC23B,5.3968,4,APEX1,False,1.1684,0.7567,1.1629,1.2377,0.9224,0.9609
865,PADI4,5.0185,7,APEX1,False,1.1684,0.7567,1.1629,1.2377,0.9224,0.9609
865,HADHB,5.0185,7,APEX1,False,1.1684,0.7567,1.1629,1.2377,0.9224,0.9609
865,RFC4,5.0185,7,APEX1,False,1.1684,0.7567,1.1629,1.2377,0.9224,0.9609
865,SF3B3,5.0185,7,APEX1,False,1.1684,0.7567,1.1629,1.2377,0.9224,0.9609
865,PERP,4.538,11,APEX1,False,1.1684,0.7567,1.1629,1.2377,0.9224,0.9609
865,PRDX2,3.1229,12,APEX1,False,1.1684,0.7567,1.1629,1.2377,0.9224,0.9609
865,KDM1A,0.9224,13,APEX1,False,1.1684,0.7567,1.1629,1.2377,0.9224,0.9609
866,APEX1,8.895,1,APEX1,True,0.8285,1.0565,1.0138,1.2123,0.9075,1.1114
866,TNFRSF10C,5.655,2,APEX1,False,0.8285,1.0565,1.0138,1.2123,0.9075,1.1114
866,ARID5B,5.655,2,APEX1,False,0.8285,1.0565,1.0138,1.2123,0.9075,1.1114
866,DHFR,5.1268,4,APEX1,False,0.8285,1.0565,1.0138,1.2123,0.9075,1.1114
866,BACE1,5.1268,4,APEX1,False,0.8285,1.0565,1.0138,1.2123,0.9075,1.1114
866,SEC23B,5.1268,4,APEX1,False,0.8285,1.0565,1.0138,1.2123,0.9075,1.1114
866,PADI4,4.5986,7,APEX1,False,0.8285,1.0565,1.0138,1.2123,0.9075,1.1114
866,HADHB,4.5986,7,APEX1,False,0.8285,1.0565,1.0138,1.2123,0.9075,1.1114
866,RFC4,4.5986,7,APEX1,False,0.8285,1.0565,1.0138,1.2123,0.9075,1.1114
866,SF3B3,4.5986,7,APEX1,False,0.8285,1.0565,1.0138,1.2123,0.9075,1.1114
866,PERP,4.0428,11,APEX1,False,0.8285,1.0565,1.0138,1.2123,0.9075,1.1114
866,PRDX2,1.9737,12,APEX1,False,0.8285,1.0565,1.0138,1.2123,0.9075,1.1114
866,KDM1A,0.9075,13,APEX1,False,0.8285,1.0565,1.0138,1.2123,0.9075,1.1114
867,APEX1,9.2104,1,APEX1,True,1.2211,0.7745,1.0448,1.1342,1.0767,0.7703
867,TNFRSF10C,5.9867,2,APEX1,False,1.2211,0.7745,1.0448,1.1342,1.0767,0.7703
867,ARID5B,5.9867,2,APEX1,False,1.2211,0.7745,1.0448,1.1342,1.0767,0.7703
867,DHFR,5.5994,4,APEX1,False,1.2211,0.7745,1.0448,1.1342,1.0767,0.7703
867,BACE1,5.5994,4,APEX1,False,1.2211,0.7745,1.0448,1.1342,1.0767,0.7703
867,SEC23B,5.5994,4,APEX1,False,1.2211,0.7745,1.0448,1.1342,1.0767,0.7703
867,PADI4,5.2122,7,APEX1,False,1.2211,0.7745,1.0448,1.1342,1.0767,0.7703
867,HADHB,5.2122,7,APEX1,False,1.2211,0.7745,1.0448,1.1342,1.0767,0.7703
867,RFC4,5.2122,7,APEX1,False,1.2211,0.7745,1.0448,1.1342,1.0767,0.7703
867,SF3B3,5.2122,7,APEX1,False,1.2211,0.7745,1.0448,1.1342,1.0767,0.7703
867,PERP,4.827,11,APEX1,False,1.2211,0.7745,1.0448,1.1342,1.0767,0.7703
867,PRDX2,3.3271,12,APEX1,False,1.2211,0.7745,1.0448,1.1342,1.0767,0.7703
867,KDM1A,1.0767,13,APEX1,False,1.2211,0.7745,1.0448,1.1342,1.0767,0.7703
868,APEX1,9.2611,1,APEX1,True,1.2245,0.7539,1.0888,1.1482,1.1003,1.0724
868,TNFRSF10C,5.9352,2,APEX1,False,1.2245,0.7539,1.0888,1.1482,1.1003,1.0724
868,ARID5B,5.9352,2,APEX1,False,1.2245,0.7539,1.0888,1.1482,1.1003,1.0724
868,DHFR,5.5583,4,APEX1,False,1.2245,0.7539,1.0888,1.1482,1.1003,1.0724
868,BACE1,5.5583,4,APEX1,False,1.2245,0.7539,1.0888,1.1482,1.1003,1.0724
868,SEC23B,5.5583,4,APEX1,False,1.2245,0.7539,1.0888,1.1482,1.1003,1.0724
868,PADI4,5.1813,7,APEX1,False,1.2245,0.7539,1.0888,1.1482,1.1003,1.0724
868,HADHB,5.1813,7,APEX1,False,1.2245,0.7539,1.0888,1.1482,1.1003,1.0724
868,RFC4,5.1813,7,APEX1,False,1.2245,0.7539,1.0888,1.1482,1.1003,1.0724
868,SF3B3,5.1813,7,APEX1,False,1.2245,0.7539,1.0888,1.1482,1.1003,1.0724
868,PERP,4.6451,11,APEX1,False,1.2245,0.7539,1.0888,1.1482,1.1003,1.0724
868,PRDX2,3.0776,12,APEX1,False,1.2245,0.7539,1.0888,1.1482,1.1003,1.0724
868,KDM1A,1.1003,13,APEX1,False,1.2245,0.7539,1.0888,1.1482,1.1003,1.0724
869,APEX1,7.9067,1,APEX1,True,0.8093,0.9377,0.8995,0.8669,0.8446,0.9079
869,TNFRSF10C,5.2408,2,APEX1,False,0.8093,0.9377,0.8995,0.8669,0.8446,0.9079
869,ARID5B,5.2408,2,APEX1,False,0.8093,0.9377,0.8995,0.8669,0.8446,0.9079
869,DHFR,4.7719,4,APEX1,False,0.8093,0.9377,0.8995,0.8669,0.8446,0.9079
869,BACE1,4.7719,4,APEX1,False,0.8093,0.9377,0.8995,0.8669,0.8446,0.9079
869,SEC23B,4.7719,4,APEX1,False,0.8093,0.9377,0.8995,0.8669,0.8446,0.9079
869,PADI4,4.3031,7,APEX1,False,0.8093,0.9377,0.8995,0.8669,0.8446,0.9079
869,HADHB,4.3031,7,APEX1,False,0.8093,0.9377,0.8995,0.8669,0.8446,0.9079
869,RFC4,4.3031,7,APEX1,False,0.8093,0.9377,0.8995,0.8669,0.8446,0.9079
869,SF3B3,4.3031,7,APEX1,False,0.8093,0.9377,0.8995,0.8669,0.8446,0.9079
869,PERP,3.8492,11,APEX1,False,0.8093,0.9377,0.8995,0.8669,0.8446,0.9079
869,PRDX2,2.0148,12,APEX1,False,0.8093,0.9377,0.8995,0.8669,0.8446,0.9079
869,KDM1A,0.8446,13,APEX1,False,0.8093,0.9377,0.8995,0.8669,0.8446,0.9079
870,APEX1,9.0591,1,APEX1,True,1.109,0.8281,1.1189,1.0101,1.1968,0.9427
870,TNFRSF10C,5.8112,2,APEX1,False,1.109,0.8281,1.1189,1.0101,1.1968,0.9427
870,ARID5B,5.8112,2,APEX1,False,1.109,0.8281,1.1189,1.0101,1.1968,0.9427
870,DHFR,5.3972,4,APEX1,False,1.109,0.8281,1.1189,1.0101,1.1968,0.9427
870,BACE1,5.3972,4,APEX1,False,1.109,0.8281,1.1189,1.0101,1.1968,0.9427
870,SEC23B,5.3972,4,APEX1,False,1.109,0.8281,1.1189,1.0101,1.1968,0.9427
870,PADI4,4.9831,7,APEX1,False,1.109,0.8281,1.1189,1.0101,1.1968,0.9427
870,HADHB,4.9831,7,APEX1,False,1.109,0.8281,1.1189,1.0101,1.1968,0.9427
870,RFC4,4.9831,7,APEX1,False,1.109,0.8281,1.1189,1.0101,1.1968,0.9427
870,SF3B3,4.9831,7,APEX1,False,1.109,0.8281,1.1189,1.0101,1.1968,0.9427
870,PERP,4.5117,11,APEX1,False,1.109,0.8281,1.1189,1.0101,1.1968,0.9427
870,PRDX2,2.9486,12,APEX1,False,1.109,0.8281,1.1189,1.0101,1.1968,0.9427
870,KDM1A,1.1968,13,APEX1,False,1.109,0.8281,1.1189,1.0101,1.1968,0.9427
871,APEX1,8.2082,1,APEX1,True,0.7592,0.8611,1.1988,0.9497,0.9104,1.1456
871,TNFRSF10C,4.861,2,APEX1,False,0.7592,0.8611,1.1988,0.9497,0.9104,1.1456
871,ARID5B,4.861,2,APEX1,False,0.7592,0.8611,1.1988,0.9497,0.9104,1.1456
871,DHFR,4.4304,4,APEX1,False,0.7592,0.8611,1.1988,0.9497,0.9104,1.1456
871,BACE1,4.4304,4,APEX1,False,0.7592,0.8611,1.1988,0.9497,0.9104,1.1456
871,SEC23B,4.4304,4,APEX1,False,0.7592,0.8611,1.1988,0.9497,0.9104,1.1456
871,PADI4,3.9998,7,APEX1,False,0.7592,0.8611,1.1988,0.9497,0.9104,1.1456
871,HADHB,3.9998,7,APEX1,False,0.7592,0.8611,1.1988,0.9497,0.9104,1.1456
871,RFC4,3.9998,7,APEX1,False,0.7592,0.8611,1.1988,0.9497,0.9104,1.1456
871,SF3B3,3.9998,7,APEX1,False,0.7592,0.8611,1.1988,0.9497,0.9104,1.1456
871,PERP,3.427,11,APEX1,False,0.7592,0.8611,1.1988,0.9497,0.9104,1.1456
871,PRDX2,1.9512,12,APEX1,False,0.7592,0.8611,1.1988,0.9497,0.9104,1.1456
871,KDM1A,0.9104,13,APEX1,False,0.7592,0.8611,1.1988,0.9497,0.9104,1.1456
872,APEX1,8.6553,1,APEX1,True,1.0046,0.8564,0.9165,1.2394,1.1041,1.2223
872,TNFRSF10C,5.583,2,APEX1,False,1.0046,0.8564,0.9165,1.2394,1.1041,1.2223
872,ARID5B,5.583,2,APEX1,False,1.0046,0.8564,0.9165,1.2394,1.1041,1.2223
872,DHFR,5.1548,4,APEX1,False,1.0046,0.8564,0.9165,1.2394,1.1041,1.2223
872,BACE1,5.1548,4,APEX1,False,1.0046,0.8564,0.9165,1.2394,1.1041,1.2223
872,SEC23B,5.1548,4,APEX1,False,1.0046,0.8564,0.9165,1.2394,1.1041,1.2223
872,PADI4,4.7266,7,APEX1,False,1.0046,0.8564,0.9165,1.2394,1.1041,1.2223
872,HADHB,4.7266,7,APEX1,False,1.0046,0.8564,0.9165,1.2394,1.1041,1.2223
872,RFC4,4.7266,7,APEX1,False,1.0046,0.8564,0.9165,1.2394,1.1041,1.2223
872,SF3B3,4.7266,7,APEX1,False,1.0046,0.8564,0.9165,1.2394,1.1041,1.2223
872,PERP,4.1155,11,APEX1,False,1.0046,0.8564,0.9165,1.2394,1.1041,1.2223
872,PRDX2,2.2056,12,APEX1,False,1.0046,0.8564,0.9165,1.2394,1.1041,1.2223
872,KDM1A,1.1041,13,APEX1,False,1.0046,0.8564,0.9165,1.2394,1.1041,1.2223
873,APEX1,9.4647,1,APEX1,True,0.8985,1.1294,1.1907,0.9997,1.0852,0.8535
873,TNFRSF10C,6.0835,2,APEX1,False,0.8985,1.1294,1.1907,0.9997,1.0852,0.8535
873,ARID5B,6.0835,2,APEX1,False,0.8985,1.1294,1.1907,0.9997,1.0852,0.8535
873,DHFR,5.5188,4,APEX1,False,0.8985,1.1294,1.1907,0.9997,1.0852,0.8535
873,BACE1,5.5188,4,APEX1,False,0.8985,1.1294,1.1907,0.9997,1.0852,0.8535
873,SEC23B,5.5188,4,APEX1,False,0.8985,1.1294,1.1907,0.9997,1.0852,0.8535
873,PADI4,4.9541,7,APEX1,False,0.8985,1.1294,1.1907,0.9997,1.0852,0.8535
873,HADHB,4.9541,7,APEX1,False,0.8985,1.1294,1.1907,0.9997,1.0852,0.8535
873,RFC4,4.9541,7,APEX1,False,0.8985,1.1294,1.1907,0.9997,1.0852,0.8535
873,SF3B3,4.9541,7,APEX1,False,0.8985,1.1294,1.1907,0.9997,1.0852,0.8535
873,PERP,4.5274,11,APEX1,False,0.8985,1.1294,1.1907,0.9997,1.0852,0.8535
873,PRDX2,2.5833,12,APEX1,False,0.8985,1.1294,1.1907,0.9997,1.0852,0.8535
873,KDM1A,1.0852,13,APEX1,False,0.8985,1.1294,1.1907,0.9997,1.0852,0.8535
874,APEX1,9.7694,1,APEX1,True,1.0445,1.1959,0.9965,1.0551,1.2447,0.7987
874,TNFRSF10C,6.7212,2,APEX1,False,1.0445,1.1959,0.9965,1.0551,1.2447,0.7987
874,ARID5B,6.7212,2,APEX1,False,1.0445,1.1959,0.9965,1.0551,1.2447,0.7987
874,DHFR,6.1233,4,APEX1,False,1.0445,1.1959,0.9965,1.0551,1.2447,0.7987
874,BACE1,6.1233,4,APEX1,False,1.0445,1.1959,0.9965,1.0551,1.2447,0.7987
874,SEC23B,6.1233,4,APEX1,False,1.0445,1.1959,0.9965,1.0551,1.2447,0.7987
874,PADI4,5.5253,7,APEX1,False,1.0445,1.1959,0.9965,1.0551,1.2447,0.7987
874,HADHB,5.5253,7,APEX1,False,1.0445,1.1959,0.9965,1.0551,1.2447,0.7987
874,RFC4,5.5253,7,APEX1,False,1.0445,1.1959,0.9965,1.0551,1.2447,0.7987
874,SF3B3,5.5253,7,APEX1,False,1.0445,1.1959,0.9965,1.0551,1.2447,0.7987
874,PERP,5.126,11,APEX1,False,1.0445,1.1959,0.9965,1.0551,1.2447,0.7987
874,PRDX2,2.8091,12,APEX1,False,1.0445,1.1959,0.9965,1.0551,1.2447,0.7987
874,KDM1A,1.2447,13,APEX1,False,1.0445,1.1959,0.9965,1.0551,1.2447,0.7987
875,APEX1,8.2255,1,APEX1,True,0.8403,0.9757,0.9792,0.8192,0.777,1.067
875,TNFRSF10C,5.448,2,APEX1,False,0.8403,0.9757,0.9792,0.8192,0.777,1.067
875,ARID5B,5.448,2,APEX1,False,0.8403,0.9757,0.9792,0.8192,0.777,1.067
875,DHFR,4.9602,4,APEX1,False,0.8403,0.9757,0.9792,0.8192,0.777,1.067
875,BACE1,4.9602,4,APEX1,False,0.8403,0.9757,0.9792,0.8192,0.777,1.067
875,SEC23B,4.9602,4,APEX1,False,0.8403,0.9757,0.9792,0.8192,0.777,1.067
875,PADI4,4.4723,7,APEX1,False,0.8403,0.9757,0.9792,0.8192,0.777,1.067
875,HADHB,4.4723,7,APEX1,False,0.8403,0.9757,0.9792,0.8192,0.777,1.067
875,RFC4,4.4723,7,APEX1,False,0.8403,0.9757,0.9792,0.8192,0.777,1.067
875,SF3B3,4.4723,7,APEX1,False,0.8403,0.9757,0.9792,0.8192,0.777,1.067
875,PERP,3.9388,11,APEX1,False,0.8403,0.9757,0.9792,0.8192,0.777,1.067
875,PRDX2,2.0129,12,APEX1,False,0.8403,0.9757,0.9792,0.8192,0.777,1.067
875,KDM1A,0.777,13,APEX1,False,0.8403,0.9757,0.9792,0.8192,0.777,1.067
876,APEX1,8.7544,1,APEX1,True,0.8013,1.0888,0.9448,1.1946,1.2361,1.1966
876,TNFRSF10C,5.6703,2,APEX1,False,0.8013,1.0888,0.9448,1.1946,1.2361,1.1966
876,ARID5B,5.6703,2,APEX1,False,0.8013,1.0888,0.9448,1.1946,1.2361,1.1966
876,DHFR,5.1259,4,APEX1,False,0.8013,1.0888,0.9448,1.1946,1.2361,1.1966
876,BACE1,5.1259,4,APEX1,False,0.8013,1.0888,0.9448,1.1946,1.2361,1.1966
876,SEC23B,5.1259,4,APEX1,False,0.8013,1.0888,0.9448,1.1946,1.2361,1.1966
876,PADI4,4.5815,7,APEX1,False,0.8013,1.0888,0.9448,1.1946,1.2361,1.1966
876,HADHB,4.5815,7,APEX1,False,0.8013,1.0888,0.9448,1.1946,1.2361,1.1966
876,RFC4,4.5815,7,APEX1,False,0.8013,1.0888,0.9448,1.1946,1.2361,1.1966
876,SF3B3,4.5815,7,APEX1,False,0.8013,1.0888,0.9448,1.1946,1.2361,1.1966
876,PERP,3.9832,11,APEX1,False,0.8013,1.0888,0.9448,1.1946,1.2361,1.1966
876,PRDX2,1.7514,12,APEX1,False,0.8013,1.0888,0.9448,1.1946,1.2361,1.1966
876,KDM1A,1.2361,13,APEX1,False,0.8013,1.0888,0.9448,1.1946,1.2361,1.1966
877,APEX1,9.0708,1,APEX1,True,1.0405,1.1683,0.7627,0.919,0.7532,1.0181
877,TNFRSF10C,6.6264,2,APEX1,False,1.0405,1.1683,0.7627,0.919,0.7532,1.0181
877,ARID5B,6.6264,2,APEX1,False,1.0405,1.1683,0.7627,0.919,0.7532,1.0181
877,DHFR,6.0423,4,APEX1,False,1.0405,1.1683,0.7627,0.919,0.7532,1.0181
877,BACE1,6.0423,4,APEX1,False,1.0405,1.1683,0.7627,0.919,0.7532,1.0181
877,SEC23B,6.0423,4,APEX1,False,1.0405,1.1683,0.7627,0.919,0.7532,1.0181
877,PADI4,5.4582,7,APEX1,False,1.0405,1.1683,0.7627,0.919,0.7532,1.0181
877,HADHB,5.4582,7,APEX1,False,1.0405,1.1683,0.7627,0.919,0.7532,1.0181
877,RFC4,5.4582,7,APEX1,False,1.0405,1.1683,0.7627,0.919,0.7532,1.0181
877,SF3B3,5.4582,7,APEX1,False,1.0405,1.1683,0.7627,0.919,0.7532,1.0181
877,PERP,4.9491,11,APEX1,False,1.0405,1.1683,0.7627,0.919,0.7532,1.0181
877,PRDX2,2.3459,12,APEX1,False,1.0405,1.1683,0.7627,0.919,0.7532,1.0181
877,KDM1A,0.7532,13,APEX1,False,1.0405,1.1683,0.7627,0.919,0.7532,1.0181
878,APEX1,7.8674,1,APEX1,True,0.8834,0.8301,0.8961,0.9346,0.8568,1.0425
878,TNFRSF10C,5.1405,2,APEX1,False,0.8834,0.8301,0.8961,0.9346,0.8568,1.0425
878,ARID5B,5.1405,2,APEX1,False,0.8834,0.8301,0.8961,0.9346,0.8568,1.0425
878,DHFR,4.7254,4,APEX1,False,0.8834,0.8301,0.8961,0.9346,0.8568,1.0425
878,BACE1,4.7254,4,APEX1,False,0.8834,0.8301,0.8961,0.9346,0.8568,1.0425
878,SEC23B,4.7254,4,APEX1,False,0.8834,0.8301,0.8961,0.9346,0.8568,1.0425
878,PADI4,4.3104,7,APEX1,False,0.8834,0.8301,0.8961,0.9346,0.8568,1.0425
878,HADHB,4.3104,7,APEX1,False,0.8834,0.8301,0.8961,0.9346,0.8568,1.0425
878,RFC4,4.3104,7,APEX1,False,0.8834,0.8301,0.8961,0.9346,0.8568,1.0425
878,SF3B3,4.3104,7,APEX1,False,0.8834,0.8301,0.8961,0.9346,0.8568,1.0425
878,PERP,3.7891,11,APEX1,False,0.8834,0.8301,0.8961,0.9346,0.8568,1.0425
878,PRDX2,2.0621,12,APEX1,False,0.8834,0.8301,0.8961,0.9346,0.8568,1.0425
878,KDM1A,0.8568,13,APEX1,False,0.8834,0.8301,0.8961,0.9346,0.8568,1.0425
879,APEX1,9.3682,1,APEX1,True,0.993,1.0667,1.0687,1.0518,0.8599,1.2175
879,TNFRSF10C,6.1791,2,APEX1,False,0.993,1.0667,1.0687,1.0518,0.8599,1.2175
879,ARID5B,6.1791,2,APEX1,False,0.993,1.0667,1.0687,1.0518,0.8599,1.2175
879,DHFR,5.6457,4,APEX1,False,0.993,1.0667,1.0687,1.0518,0.8599,1.2175
879,BACE1,5.6457,4,APEX1,False,0.993,1.0667,1.0687,1.0518,0.8599,1.2175
879,SEC23B,5.6457,4,APEX1,False,0.993,1.0667,1.0687,1.0518,0.8599,1.2175
879,PADI4,5.1124,7,APEX1,False,0.993,1.0667,1.0687,1.0518,0.8599,1.2175
879,HADHB,5.1124,7,APEX1,False,0.993,1.0667,1.0687,1.0518,0.8599,1.2175
879,RFC4,5.1124,7,APEX1,False,0.993,1.0667,1.0687,1.0518,0.8599,1.2175
879,SF3B3,5.1124,7,APEX1,False,0.993,1.0667,1.0687,1.0518,0.8599,1.2175
879,PERP,4.5037,11,APEX1,False,0.993,1.0667,1.0687,1.0518,0.8599,1.2175
879,PRDX2,2.3337,12,APEX1,False,0.993,1.0667,1.0687,1.0518,0.8599,1.2175
879,KDM1A,0.8599,13,APEX1,False,0.993,1.0667,1.0687,1.0518,0.8599,1.2175
880,APEX1,8.0654,1,APEX1,True,0.7629,0.9994,0.9265,0.9256,1.2158,1.2284
880,TNFRSF10C,5.2868,2,APEX1,False,0.7629,0.9994,0.9265,0.9256,1.2158,1.2284
880,ARID5B,5.2868,2,APEX1,False,0.7629,0.9994,0.9265,0.9256,1.2158,1.2284
880,DHFR,4.7871,4,APEX1,False,0.7629,0.9994,0.9265,0.9256,1.2158,1.2284
880,BACE1,4.7871,4,APEX1,False,0.7629,0.9994,0.9265,0.9256,1.2158,1.2284
880,SEC23B,4.7871,4,APEX1,False,0.7629,0.9994,0.9265,0.9256,1.2158,1.2284
880,PADI4,4.2874,7,APEX1,False,0.7629,0.9994,0.9265,0.9256,1.2158,1.2284
880,HADHB,4.2874,7,APEX1,False,0.7629,0.9994,0.9265,0.9256,1.2158,1.2284
880,RFC4,4.2874,7,APEX1,False,0.7629,0.9994,0.9265,0.9256,1.2158,1.2284
880,SF3B3,4.2874,7,APEX1,False,0.7629,0.9994,0.9265,0.9256,1.2158,1.2284
880,PERP,3.6732,11,APEX1,False,0.7629,0.9994,0.9265,0.9256,1.2158,1.2284
880,PRDX2,1.6053,12,APEX1,False,0.7629,0.9994,0.9265,0.9256,1.2158,1.2284
880,KDM1A,1.2158,13,APEX1,False,0.7629,0.9994,0.9265,0.9256,1.2158,1.2284
881,APEX1,9.4132,1,APEX1,True,1.1189,0.9062,1.0491,1.24,1.0682,0.9217
881,TNFRSF10C,6.0751,2,APEX1,False,1.1189,0.9062,1.0491,1.24,1.0682,0.9217
881,ARID5B,6.0751,2,APEX1,False,1.1189,0.9062,1.0491,1.24,1.0682,0.9217
881,DHFR,5.622,4,APEX1,False,1.1189,0.9062,1.0491,1.24,1.0682,0.9217
881,BACE1,5.622,4,APEX1,False,1.1189,0.9062,1.0491,1.24,1.0682,0.9217
881,SEC23B,5.622,4,APEX1,False,1.1189,0.9062,1.0491,1.24,1.0682,0.9217
881,PADI4,5.1689,7,APEX1,False,1.1189,0.9062,1.0491,1.24,1.0682,0.9217
881,HADHB,5.1689,7,APEX1,False,1.1189,0.9062,1.0491,1.24,1.0682,0.9217
881,RFC4,5.1689,7,APEX1,False,1.1189,0.9062,1.0491,1.24,1.0682,0.9217
881,SF3B3,5.1689,7,APEX1,False,1.1189,0.9062,1.0491,1.24,1.0682,0.9217
881,PERP,4.7081,11,APEX1,False,1.1189,0.9062,1.0491,1.24,1.0682,0.9217
881,PRDX2,2.9246,12,APEX1,False,1.1189,0.9062,1.0491,1.24,1.0682,0.9217
881,KDM1A,1.0682,13,APEX1,False,1.1189,0.9062,1.0491,1.24,1.0682,0.9217
882,APEX1,8.5534,1,APEX1,True,0.8946,1.0301,0.7701,1.2391,0.9926,1.1561
882,TNFRSF10C,5.7741,2,APEX1,False,0.8946,1.0301,0.7701,1.2391,0.9926,1.1561
882,ARID5B,5.7741,2,APEX1,False,0.8946,1.0301,0.7701,1.2391,0.9926,1.1561
882,DHFR,5.259,4,APEX1,False,0.8946,1.0301,0.7701,1.2391,0.9926,1.1561
882,BACE1,5.259,4,APEX1,False,0.8946,1.0301,0.7701,1.2391,0.9926,1.1561
882,SEC23B,5.259,4,APEX1,False,0.8946,1.0301,0.7701,1.2391,0.9926,1.1561
882,PADI4,4.744,7,APEX1,False,0.8946,1.0301,0.7701,1.2391,0.9926,1.1561
882,HADHB,4.744,7,APEX1,False,0.8946,1.0301,0.7701,1.2391,0.9926,1.1561
882,RFC4,4.744,7,APEX1,False,0.8946,1.0301,0.7701,1.2391,0.9926,1.1561
882,SF3B3,4.744,7,APEX1,False,0.8946,1.0301,0.7701,1.2391,0.9926,1.1561
882,PERP,4.1659,11,APEX1,False,0.8946,1.0301,0.7701,1.2391,0.9926,1.1561
882,PRDX2,1.8505,12,APEX1,False,0.8946,1.0301,0.7701,1.2391,0.9926,1.1561
882,KDM1A,0.9926,13,APEX1,False,0.8946,1.0301,0.7701,1.2391,0.9926,1.1561
883,APEX1,10.0192,1,APEX1,True,1.1835,1.2284,0.7877,1.2083,0.7758,1.2231
883,TNFRSF10C,7.2355,2,APEX1,False,1.1835,1.2284,0.7877,1.2083,0.7758,1.2231
883,ARID5B,7.2355,2,APEX1,False,1.1835,1.2284,0.7877,1.2083,0.7758,1.2231
883,DHFR,6.6213,4,APEX1,False,1.1835,1.2284,0.7877,1.2083,0.7758,1.2231
883,BACE1,6.6213,4,APEX1,False,1.1835,1.2284,0.7877,1.2083,0.7758,1.2231
883,SEC23B,6.6213,4,APEX1,False,1.1835,1.2284,0.7877,1.2083,0.7758,1.2231
883,PADI4,6.0071,7,APEX1,False,1.1835,1.2284,0.7877,1.2083,0.7758,1.2231
883,HADHB,6.0071,7,APEX1,False,1.1835,1.2284,0.7877,1.2083,0.7758,1.2231
883,RFC4,6.0071,7,APEX1,False,1.1835,1.2284,0.7877,1.2083,0.7758,1.2231
883,SF3B3,6.0071,7,APEX1,False,1.1835,1.2284,0.7877,1.2083,0.7758,1.2231
883,PERP,5.3956,11,APEX1,False,1.1835,1.2284,0.7877,1.2083,0.7758,1.2231
883,PRDX2,2.5232,12,APEX1,False,1.1835,1.2284,0.7877,1.2083,0.7758,1.2231
883,KDM1A,0.7758,13,APEX1,False,1.1835,1.2284,0.7877,1.2083,0.7758,1.2231
884,APEX1,9.2602,1,APEX1,True,1.1343,0.8597,1.2254,0.8274,0.9677,1.031
884,TNFRSF10C,5.982,2,APEX1,False,1.1343,0.8597,1.2254,0.8274,0.9677,1.031
884,ARID5B,5.982,2,APEX1,False,1.1343,0.8597,1.2254,0.8274,0.9677,1.031
884,DHFR,5.5521,4,APEX1,False,1.1343,0.8597,1.2254,0.8274,0.9677,1.031
884,BACE1,5.5521,4,APEX1,False,1.1343,0.8597,1.2254,0.8274,0.9677,1.031
884,SEC23B,5.5521,4,APEX1,False,1.1343,0.8597,1.2254,0.8274,0.9677,1.031
884,PADI4,5.1223,7,APEX1,False,1.1343,0.8597,1.2254,0.8274,0.9677,1.031
884,HADHB,5.1223,7,APEX1,False,1.1343,0.8597,1.2254,0.8274,0.9677,1.031
884,RFC4,5.1223,7,APEX1,False,1.1343,0.8597,1.2254,0.8274,0.9677,1.031
884,SF3B3,5.1223,7,APEX1,False,1.1343,0.8597,1.2254,0.8274,0.9677,1.031
884,PERP,4.6068,11,APEX1,False,1.1343,0.8597,1.2254,0.8274,0.9677,1.031
884,PRDX2,3.0301,12,APEX1,False,1.1343,0.8597,1.2254,0.8274,0.9677,1.031
884,KDM1A,0.9677,13,APEX1,False,1.1343,0.8597,1.2254,0.8274,0.9677,1.031
885,APEX1,8.4523,1,APEX1,True,0.7789,1.1181,0.7871,1.1871,1.0907,1.1423
885,TNFRSF10C,5.691,2,APEX1,False,0.7789,1.1181,0.7871,1.1871,1.0907,1.1423
885,ARID5B,5.691,2,APEX1,False,0.7789,1.1181,0.7871,1.1871,1.0907,1.1423
885,DHFR,5.1319,4,APEX1,False,0.7789,1.1181,0.7871,1.1871,1.0907,1.1423
885,BACE1,5.1319,4,APEX1,False,0.7789,1.1181,0.7871,1.1871,1.0907,1.1423
885,SEC23B,5.1319,4,APEX1,False,0.7789,1.1181,0.7871,1.1871,1.0907,1.1423
885,PADI4,4.5729,7,APEX1,False,0.7789,1.1181,0.7871,1.1871,1.0907,1.1423
885,HADHB,4.5729,7,APEX1,False,0.7789,1.1181,0.7871,1.1871,1.0907,1.1423
885,RFC4,4.5729,7,APEX1,False,0.7789,1.1181,0.7871,1.1871,1.0907,1.1423
885,SF3B3,4.5729,7,APEX1,False,0.7789,1.1181,0.7871,1.1871,1.0907,1.1423
885,PERP,4.0017,11,APEX1,False,0.7789,1.1181,0.7871,1.1871,1.0907,1.1423
885,PRDX2,1.5921,12,APEX1,False,0.7789,1.1181,0.7871,1.1871,1.0907,1.1423
885,KDM1A,1.0907,13,APEX1,False,0.7789,1.1181,0.7871,1.1871,1.0907,1.1423
886,APEX1,8.7217,1,APEX1,True,0.9215,1.0246,1.0579,0.7673,1.0696,0.7971
886,TNFRSF10C,5.8384,2,APEX1,False,0.9215,1.0246,1.0579,0.7673,1.0696,0.7971
886,ARID5B,5.8384,2,APEX1,False,0.9215,1.0246,1.0579,0.7673,1.0696,0.7971
886,DHFR,5.3261,4,APEX1,False,0.9215,1.0246,1.0579,0.7673,1.0696,0.7971
886,BACE1,5.3261,4,APEX1,False,0.9215,1.0246,1.0579,0.7673,1.0696,0.7971
886,SEC23B,5.3261,4,APEX1,False,0.9215,1.0246,1.0579,0.7673,1.0696,0.7971
886,PADI4,4.8138,7,APEX1,False,0.9215,1.0246,1.0579,0.7673,1.0696,0.7971
886,HADHB,4.8138,7,APEX1,False,0.9215,1.0246,1.0579,0.7673,1.0696,0.7971
886,RFC4,4.8138,7,APEX1,False,0.9215,1.0246,1.0579,0.7673,1.0696,0.7971
886,SF3B3,4.8138,7,APEX1,False,0.9215,1.0246,1.0579,0.7673,1.0696,0.7971
886,PERP,4.4152,11,APEX1,False,0.9215,1.0246,1.0579,0.7673,1.0696,0.7971
886,PRDX2,2.5646,12,APEX1,False,0.9215,1.0246,1.0579,0.7673,1.0696,0.7971
886,KDM1A,1.0696,13,APEX1,False,0.9215,1.0246,1.0579,0.7673,1.0696,0.7971
887,APEX1,8.7978,1,APEX1,True,0.7567,0.9426,1.2363,1.2272,0.9331,0.8636
887,TNFRSF10C,5.0979,2,APEX1,False,0.7567,0.9426,1.2363,1.2272,0.9331,0.8636
887,ARID5B,5.0979,2,APEX1,False,0.7567,0.9426,1.2363,1.2272,0.9331,0.8636
887,DHFR,4.6266,4,APEX1,False,0.7567,0.9426,1.2363,1.2272,0.9331,0.8636
887,BACE1,4.6266,4,APEX1,False,0.7567,0.9426,1.2363,1.2272,0.9331,0.8636
887,SEC23B,4.6266,4,APEX1,False,0.7567,0.9426,1.2363,1.2272,0.9331,0.8636
887,PADI4,4.1553,7,APEX1,False,0.7567,0.9426,1.2363,1.2272,0.9331,0.8636
887,HADHB,4.1553,7,APEX1,False,0.7567,0.9426,1.2363,1.2272,0.9331,0.8636
887,RFC4,4.1553,7,APEX1,False,0.7567,0.9426,1.2363,1.2272,0.9331,0.8636
887,SF3B3,4.1553,7,APEX1,False,0.7567,0.9426,1.2363,1.2272,0.9331,0.8636
887,PERP,3.7235,11,APEX1,False,0.7567,0.9426,1.2363,1.2272,0.9331,0.8636
887,PRDX2,2.2645,12,APEX1,False,0.7567,0.9426,1.2363,1.2272,0.9331,0.8636
887,KDM1A,0.9331,13,APEX1,False,0.7567,0.9426,1.2363,1.2272,0.9331,0.8636
888,APEX1,9.0231,1,APEX1,True,1.0661,0.9826,0.9334,1.0103,1.1862,0.9133
888,TNFRSF10C,6.146,2,APEX1,False,1.0661,0.9826,0.9334,1.0103,1.1862,0.9133
888,ARID5B,6.146,2,APEX1,False,1.0661,0.9826,0.9334,1.0103,1.1862,0.9133
888,DHFR,5.6547,4,APEX1,False,1.0661,0.9826,0.9334,1.0103,1.1862,0.9133
888,BACE1,5.6547,4,APEX1,False,1.0661,0.9826,0.9334,1.0103,1.1862,0.9133
888,SEC23B,5.6547,4,APEX1,False,1.0661,0.9826,0.9334,1.0103,1.1862,0.9133
888,PADI4,5.1634,7,APEX1,False,1.0661,0.9826,0.9334,1.0103,1.1862,0.9133
888,HADHB,5.1634,7,APEX1,False,1.0661,0.9826,0.9334,1.0103,1.1862,0.9133
888,RFC4,5.1634,7,APEX1,False,1.0661,0.9826,0.9334,1.0103,1.1862,0.9133
888,SF3B3,5.1634,7,APEX1,False,1.0661,0.9826,0.9334,1.0103,1.1862,0.9133
888,PERP,4.7067,11,APEX1,False,1.0661,0.9826,0.9334,1.0103,1.1862,0.9133
888,PRDX2,2.6853,12,APEX1,False,1.0661,0.9826,0.9334,1.0103,1.1862,0.9133
888,KDM1A,1.1862,13,APEX1,False,1.0661,0.9826,0.9334,1.0103,1.1862,0.9133
889,APEX1,9.0583,1,APEX1,True,1.1089,1.0589,0.802,0.951,0.9082,0.9903
889,TNFRSF10C,6.5033,2,APEX1,False,1.1089,1.0589,0.802,0.951,0.9082,0.9903
889,ARID5B,6.5033,2,APEX1,False,1.1089,1.0589,0.802,0.951,0.9082,0.9903
889,DHFR,5.9738,4,APEX1,False,1.1089,1.0589,0.802,0.951,0.9082,0.9903
889,BACE1,5.9738,4,APEX1,False,1.1089,1.0589,0.802,0.951,0.9082,0.9903
889,SEC23B,5.9738,4,APEX1,False,1.1089,1.0589,0.802,0.951,0.9082,0.9903
889,PADI4,5.4444,7,APEX1,False,1.1089,1.0589,0.802,0.951,0.9082,0.9903
889,HADHB,5.4444,7,APEX1,False,1.1089,1.0589,0.802,0.951,0.9082,0.9903
889,RFC4,5.4444,7,APEX1,False,1.1089,1.0589,0.802,0.951,0.9082,0.9903
889,SF3B3,5.4444,7,APEX1,False,1.1089,1.0589,0.802,0.951,0.9082,0.9903
889,PERP,4.9493,11,APEX1,False,1.1089,1.0589,0.802,0.951,0.9082,0.9903
889,PRDX2,2.5839,12,APEX1,False,1.1089,1.0589,0.802,0.951,0.9082,0.9903
889,KDM1A,0.9082,13,APEX1,False,1.1089,1.0589,0.802,0.951,0.9082,0.9903
890,APEX1,9.079,1,APEX1,True,1.1091,0.8778,1.0414,1.0357,0.8721,1.0889
890,TNFRSF10C,5.9605,2,APEX1,False,1.1091,0.8778,1.0414,1.0357,0.8721,1.0889
890,ARID5B,5.9605,2,APEX1,False,1.1091,0.8778,1.0414,1.0357,0.8721,1.0889
890,DHFR,5.5216,4,APEX1,False,1.1091,0.8778,1.0414,1.0357,0.8721,1.0889
890,BACE1,5.5216,4,APEX1,False,1.1091,0.8778,1.0414,1.0357,0.8721,1.0889
890,SEC23B,5.5216,4,APEX1,False,1.1091,0.8778,1.0414,1.0357,0.8721,1.0889
890,PADI4,5.0827,7,APEX1,False,1.1091,0.8778,1.0414,1.0357,0.8721,1.0889
890,HADHB,5.0827,7,APEX1,False,1.1091,0.8778,1.0414,1.0357,0.8721,1.0889
890,RFC4,5.0827,7,APEX1,False,1.1091,0.8778,1.0414,1.0357,0.8721,1.0889
890,SF3B3,5.0827,7,APEX1,False,1.1091,0.8778,1.0414,1.0357,0.8721,1.0889
890,PERP,4.5383,11,APEX1,False,1.1091,0.8778,1.0414,1.0357,0.8721,1.0889
890,PRDX2,2.7252,12,APEX1,False,1.1091,0.8778,1.0414,1.0357,0.8721,1.0889
890,KDM1A,0.8721,13,APEX1,False,1.1091,0.8778,1.0414,1.0357,0.8721,1.0889
891,APEX1,9.4169,1,APEX1,True,1.2279,0.9958,0.9153,0.9154,1.0241,1.1467
891,TNFRSF10C,6.671,2,APEX1,False,1.2279,0.9958,0.9153,0.9154,1.0241,1.1467
891,ARID5B,6.671,2,APEX1,False,1.2279,0.9958,0.9153,0.9154,1.0241,1.1467
891,DHFR,6.1731,4,APEX1,False,1.2279,0.9958,0.9153,0.9154,1.0241,1.1467
891,BACE1,6.1731,4,APEX1,False,1.2279,0.9958,0.9153,0.9154,1.0241,1.1467
891,SEC23B,6.1731,4,APEX1,False,1.2279,0.9958,0.9153,0.9154,1.0241,1.1467
891,PADI4,5.6752,7,APEX1,False,1.2279,0.9958,0.9153,0.9154,1.0241,1.1467
891,HADHB,5.6752,7,APEX1,False,1.2279,0.9958,0.9153,0.9154,1.0241,1.1467
891,RFC4,5.6752,7,APEX1,False,1.2279,0.9958,0.9153,0.9154,1.0241,1.1467
891,SF3B3,5.6752,7,APEX1,False,1.2279,0.9958,0.9153,0.9154,1.0241,1.1467
891,PERP,5.1019,11,APEX1,False,1.2279,0.9958,0.9153,0.9154,1.0241,1.1467
891,PRDX2,2.8383,12,APEX1,False,1.2279,0.9958,0.9153,0.9154,1.0241,1.1467
891,KDM1A,1.0241,13,APEX1,False,1.2279,0.9958,0.9153,0.9154,1.0241,1.1467
892,APEX1,8.8625,1,APEX1,True,0.7708,1.2209,0.9972,0.8931,1.1959,1.1962
892,TNFRSF10C,5.975,2,APEX1,False,0.7708,1.2209,0.9972,0.8931,1.1959,1.1962
892,ARID5B,5.975,2,APEX1,False,0.7708,1.2209,0.9972,0.8931,1.1959,1.1962
892,DHFR,5.3645,4,APEX1,False,0.7708,1.2209,0.9972,0.8931,1.1959,1.1962
892,BACE1,5.3645,4,APEX1,False,0.7708,1.2209,0.9972,0.8931,1.1959,1.1962
892,SEC23B,5.3645,4,APEX1,False,0.7708,1.2209,0.9972,0.8931,1.1959,1.1962
892,PADI4,4.7541,7,APEX1,False,0.7708,1.2209,0.9972,0.8931,1.1959,1.1962
892,HADHB,4.7541,7,APEX1,False,0.7708,1.2209,0.9972,0.8931,1.1959,1.1962
892,RFC4,4.7541,7,APEX1,False,0.7708,1.2209,0.9972,0.8931,1.1959,1.1962
892,SF3B3,4.7541,7,APEX1,False,0.7708,1.2209,0.9972,0.8931,1.1959,1.1962
892,PERP,4.156,11,APEX1,False,0.7708,1.2209,0.9972,0.8931,1.1959,1.1962
892,PRDX2,1.728,12,APEX1,False,0.7708,1.2209,0.9972,0.8931,1.1959,1.1962
892,KDM1A,1.1959,13,APEX1,False,0.7708,1.2209,0.9972,0.8931,1.1959,1.1962
893,APEX1,9.441,1,APEX1,True,1.24,0.762,1.2392,0.9566,0.8999,1.203
893,TNFRSF10C,6.0061,2,APEX1,False,1.24,0.762,1.2392,0.9566,0.8999,1.203
893,ARID5B,6.0061,2,APEX1,False,1.24,0.762,1.2392,0.9566,0.8999,1.203
893,DHFR,5.6251,4,APEX1,False,1.24,0.762,1.2392,0.9566,0.8999,1.203
893,BACE1,5.6251,4,APEX1,False,1.24,0.762,1.2392,0.9566,0.8999,1.203
893,SEC23B,5.6251,4,APEX1,False,1.24,0.762,1.2392,0.9566,0.8999,1.203
893,PADI4,5.2441,7,APEX1,False,1.24,0.762,1.2392,0.9566,0.8999,1.203
893,HADHB,5.2441,7,APEX1,False,1.24,0.762,1.2392,0.9566,0.8999,1.203
893,RFC4,5.2441,7,APEX1,False,1.24,0.762,1.2392,0.9566,0.8999,1.203
893,SF3B3,5.2441,7,APEX1,False,1.24,0.762,1.2392,0.9566,0.8999,1.203
893,PERP,4.6426,11,APEX1,False,1.24,0.762,1.2392,0.9566,0.8999,1.203
893,PRDX2,3.1362,12,APEX1,False,1.24,0.762,1.2392,0.9566,0.8999,1.203
893,KDM1A,0.8999,13,APEX1,False,1.24,0.762,1.2392,0.9566,0.8999,1.203
894,APEX1,9.6149,1,APEX1,True,1.2015,1.1166,0.9445,0.7717,1.0933,0.9403
894,TNFRSF10C,6.9542,2,APEX1,False,1.2015,1.1166,0.9445,0.7717,1.0933,0.9403
894,ARID5B,6.9542,2,APEX1,False,1.2015,1.1166,0.9445,0.7717,1.0933,0.9403
894,DHFR,6.3959,4,APEX1,False,1.2015,1.1166,0.9445,0.7717,1.0933,0.9403
894,BACE1,6.3959,4,APEX1,False,1.2015,1.1166,0.9445,0.7717,1.0933,0.9403
894,SEC23B,6.3959,4,APEX1,False,1.2015,1.1166,0.9445,0.7717,1.0933,0.9403
894,PADI4,5.8376,7,APEX1,False,1.2015,1.1166,0.9445,0.7717,1.0933,0.9403
894,HADHB,5.8376,7,APEX1,False,1.2015,1.1166,0.9445,0.7717,1.0933,0.9403
894,RFC4,5.8376,7,APEX1,False,1.2015,1.1166,0.9445,0.7717,1.0933,0.9403
894,SF3B3,5.8376,7,APEX1,False,1.2015,1.1166,0.9445,0.7717,1.0933,0.9403
894,PERP,5.3675,11,APEX1,False,1.2015,1.1166,0.9445,0.7717,1.0933,0.9403
894,PRDX2,3.0079,12,APEX1,False,1.2015,1.1166,0.9445,0.7717,1.0933,0.9403
894,KDM1A,1.0933,13,APEX1,False,1.2015,1.1166,0.9445,0.7717,1.0933,0.9403
895,APEX1,8.688,1,APEX1,True,0.8725,1.0265,0.9807,1.0296,1.1614,0.7671
895,TNFRSF10C,5.697,2,APEX1,False,0.8725,1.0265,0.9807,1.0296,1.1614,0.7671
895,ARID5B,5.697,2,APEX1,False,0.8725,1.0265,0.9807,1.0296,1.1614,0.7671
895,DHFR,5.1837,4,APEX1,False,0.8725,1.0265,0.9807,1.0296,1.1614,0.7671
895,BACE1,5.1837,4,APEX1,False,0.8725,1.0265,0.9807,1.0296,1.1614,0.7671
895,SEC23B,5.1837,4,APEX1,False,0.8725,1.0265,0.9807,1.0296,1.1614,0.7671
895,PADI4,4.6705,7,APEX1,False,0.8725,1.0265,0.9807,1.0296,1.1614,0.7671
895,HADHB,4.6705,7,APEX1,False,0.8725,1.0265,0.9807,1.0296,1.1614,0.7671
895,RFC4,4.6705,7,APEX1,False,0.8725,1.0265,0.9807,1.0296,1.1614,0.7671
895,SF3B3,4.6705,7,APEX1,False,0.8725,1.0265,0.9807,1.0296,1.1614,0.7671
895,PERP,4.2869,11,APEX1,False,0.8725,1.0265,0.9807,1.0296,1.1614,0.7671
895,PRDX2,2.3949,12,APEX1,False,0.8725,1.0265,0.9807,1.0296,1.1614,0.7671
895,KDM1A,1.1614,13,APEX1,False,0.8725,1.0265,0.9807,1.0296,1.1614,0.7671
896,APEX1,8.2668,1,APEX1,True,0.9048,0.8486,0.952,1.1028,0.7523,0.9078
896,TNFRSF10C,5.2601,2,APEX1,False,0.9048,0.8486,0.952,1.1028,0.7523,0.9078
896,ARID5B,5.2601,2,APEX1,False,0.9048,0.8486,0.952,1.1028,0.7523,0.9078
896,DHFR,4.8358,4,APEX1,False,0.9048,0.8486,0.952,1.1028,0.7523,0.9078
896,BACE1,4.8358,4,APEX1,False,0.9048,0.8486,0.952,1.1028,0.7523,0.9078
896,SEC23B,4.8358,4,APEX1,False,0.9048,0.8486,0.952,1.1028,0.7523,0.9078
896,PADI4,4.4115,7,APEX1,False,0.9048,0.8486,0.952,1.1028,0.7523,0.9078
896,HADHB,4.4115,7,APEX1,False,0.9048,0.8486,0.952,1.1028,0.7523,0.9078
896,RFC4,4.4115,7,APEX1,False,0.9048,0.8486,0.952,1.1028,0.7523,0.9078
896,SF3B3,4.4115,7,APEX1,False,0.9048,0.8486,0.952,1.1028,0.7523,0.9078
896,PERP,3.9576,11,APEX1,False,0.9048,0.8486,0.952,1.1028,0.7523,0.9078
896,PRDX2,2.3061,12,APEX1,False,0.9048,0.8486,0.952,1.1028,0.7523,0.9078
896,KDM1A,0.7523,13,APEX1,False,0.9048,0.8486,0.952,1.1028,0.7523,0.9078
897,APEX1,9.4643,1,APEX1,True,1.1282,1.1571,0.8315,0.9456,1.159,1.132
897,TNFRSF10C,6.8557,2,APEX1,False,1.1282,1.1571,0.8315,0.9456,1.159,1.132
897,ARID5B,6.8557,2,APEX1,False,1.1282,1.1571,0.8315,0.9456,1.159,1.132
897,DHFR,6.2771,4,APEX1,False,1.1282,1.1571,0.8315,0.9456,1.159,1.132
897,BACE1,6.2771,4,APEX1,False,1.1282,1.1571,0.8315,0.9456,1.159,1.132
897,SEC23B,6.2771,4,APEX1,False,1.1282,1.1571,0.8315,0.9456,1.159,1.132
897,PADI4,5.6986,7,APEX1,False,1.1282,1.1571,0.8315,0.9456,1.159,1.132
897,HADHB,5.6986,7,APEX1,False,1.1282,1.1571,0.8315,0.9456,1.159,1.132
897,RFC4,5.6986,7,APEX1,False,1.1282,1.1571,0.8315,0.9456,1.159,1.132
897,SF3B3,5.6986,7,APEX1,False,1.1282,1.1571,0.8315,0.9456,1.159,1.132
897,PERP,5.1326,11,APEX1,False,1.1282,1.1571,0.8315,0.9456,1.159,1.132
897,PRDX2,2.5199,12,APEX1,False,1.1282,1.1571,0.8315,0.9456,1.159,1.132
897,KDM1A,1.159,13,APEX1,False,1.1282,1.1571,0.8315,0.9456,1.159,1.132
898,APEX1,8.4549,1,APEX1,True,0.8131,0.8596,1.0957,1.2454,0.9837,0.8236
898,TNFRSF10C,5.0181,2,APEX1,False,0.8131,0.8596,1.0957,1.2454,0.9837,0.8236
898,ARID5B,5.0181,2,APEX1,False,0.8131,0.8596,1.0957,1.2454,0.9837,0.8236
898,DHFR,4.5883,4,APEX1,False,0.8131,0.8596,1.0957,1.2454,0.9837,0.8236
898,BACE1,4.5883,4,APEX1,False,0.8131,0.8596,1.0957,1.2454,0.9837,0.8236
898,SEC23B,4.5883,4,APEX1,False,0.8131,0.8596,1.0957,1.2454,0.9837,0.8236
898,PADI4,4.1585,7,APEX1,False,0.8131,0.8596,1.0957,1.2454,0.9837,0.8236
898,HADHB,4.1585,7,APEX1,False,0.8131,0.8596,1.0957,1.2454,0.9837,0.8236
898,RFC4,4.1585,7,APEX1,False,0.8131,0.8596,1.0957,1.2454,0.9837,0.8236
898,SF3B3,4.1585,7,APEX1,False,0.8131,0.8596,1.0957,1.2454,0.9837,0.8236
898,PERP,3.7466,11,APEX1,False,0.8131,0.8596,1.0957,1.2454,0.9837,0.8236
898,PRDX2,2.3048,12,APEX1,False,0.8131,0.8596,1.0957,1.2454,0.9837,0.8236
898,KDM1A,0.9837,13,APEX1,False,0.8131,0.8596,1.0957,1.2454,0.9837,0.8236
899,APEX1,9.5015,1,APEX1,True,0.7814,1.2356,1.1963,1.058,0.8262,0.7802
899,TNFRSF10C,6.0511,2,APEX1,False,0.7814,1.2356,1.1963,1.058,0.8262,0.7802
899,ARID5B,6.0511,2,APEX1,False,0.7814,1.2356,1.1963,1.058,0.8262,0.7802
899,DHFR,5.4333,4,APEX1,False,0.7814,1.2356,1.1963,1.058,0.8262,0.7802
899,BACE1,5.4333,4,APEX1,False,0.7814,1.2356,1.1963,1.058,0.8262,0.7802
899,SEC23B,5.4333,4,APEX1,False,0.7814,1.2356,1.1963,1.058,0.8262,0.7802
899,PADI4,4.8155,7,APEX1,False,0.7814,1.2356,1.1963,1.058,0.8262,0.7802
899,HADHB,4.8155,7,APEX1,False,0.7814,1.2356,1.1963,1.058,0.8262,0.7802
899,RFC4,4.8155,7,APEX1,False,0.7814,1.2356,1.1963,1.058,0.8262,0.7802
899,SF3B3,4.8155,7,APEX1,False,0.7814,1.2356,1.1963,1.058,0.8262,0.7802
899,PERP,4.4254,11,APEX1,False,0.7814,1.2356,1.1963,1.058,0.8262,0.7802
899,PRDX2,2.3697,12,APEX1,False,0.7814,1.2356,1.1963,1.058,0.8262,0.7802
899,KDM1A,0.8262,13,APEX1,False,0.7814,1.2356,1.1963,1.058,0.8262,0.7802
900,APEX1,9.3369,1,APEX1,True,0.837,1.2021,1.1757,0.8682,0.7794,0.7855
900,TNFRSF10C,6.1174,2,APEX1,False,0.837,1.2021,1.1757,0.8682,0.7794,0.7855
900,ARID5B,6.1174,2,APEX1,False,0.837,1.2021,1.1757,0.8682,0.7794,0.7855
900,DHFR,5.5163,4,APEX1,False,0.837,1.2021,1.1757,0.8682,0.7794,0.7855
900,BACE1,5.5163,4,APEX1,False,0.837,1.2021,1.1757,0.8682,0.7794,0.7855
900,SEC23B,5.5163,4,APEX1,False,0.837,1.2021,1.1757,0.8682,0.7794,0.7855
900,PADI4,4.9152,7,APEX1,False,0.837,1.2021,1.1757,0.8682,0.7794,0.7855
900,HADHB,4.9152,7,APEX1,False,0.837,1.2021,1.1757,0.8682,0.7794,0.7855
900,RFC4,4.9152,7,APEX1,False,0.837,1.2021,1.1757,0.8682,0.7794,0.7855
900,SF3B3,4.9152,7,APEX1,False,0.837,1.2021,1.1757,0.8682,0.7794,0.7855
900,PERP,4.5225,11,APEX1,False,0.837,1.2021,1.1757,0.8682,0.7794,0.7855
900,PRDX2,2.4826,12,APEX1,False,0.837,1.2021,1.1757,0.8682,0.7794,0.7855
900,KDM1A,0.7794,13,APEX1,False,0.837,1.2021,1.1757,0.8682,0.7794,0.7855
901,APEX1,9.4574,1,APEX1,True,0.7995,1.2141,1.0918,1.233,1.0835,0.9284
901,TNFRSF10C,6.0409,2,APEX1,False,0.7995,1.2141,1.0918,1.233,1.0835,0.9284
901,ARID5B,6.0409,2,APEX1,False,0.7995,1.2141,1.0918,1.233,1.0835,0.9284
901,DHFR,5.4338,4,APEX1,False,0.7995,1.2141,1.0918,1.233,1.0835,0.9284
901,BACE1,5.4338,4,APEX1,False,0.7995,1.2141,1.0918,1.233,1.0835,0.9284
901,SEC23B,5.4338,4,APEX1,False,0.7995,1.2141,1.0918,1.233,1.0835,0.9284
901,PADI4,4.8268,7,APEX1,False,0.7995,1.2141,1.0918,1.233,1.0835,0.9284
901,HADHB,4.8268,7,APEX1,False,0.7995,1.2141,1.0918,1.233,1.0835,0.9284
901,RFC4,4.8268,7,APEX1,False,0.7995,1.2141,1.0918,1.233,1.0835,0.9284
901,SF3B3,4.8268,7,APEX1,False,0.7995,1.2141,1.0918,1.233,1.0835,0.9284
901,PERP,4.3626,11,APEX1,False,0.7995,1.2141,1.0918,1.233,1.0835,0.9284
901,PRDX2,2.1623,12,APEX1,False,0.7995,1.2141,1.0918,1.233,1.0835,0.9284
901,KDM1A,1.0835,13,APEX1,False,0.7995,1.2141,1.0918,1.233,1.0835,0.9284
902,APEX1,8.6925,1,APEX1,True,1.1853,0.7798,0.8957,1.0058,1.059,1.1135
902,TNFRSF10C,5.8952,2,APEX1,False,1.1853,0.7798,0.8957,1.0058,1.059,1.1135
902,ARID5B,5.8952,2,APEX1,False,1.1853,0.7798,0.8957,1.0058,1.059,1.1135
902,DHFR,5.5053,4,APEX1,False,1.1853,0.7798,0.8957,1.0058,1.059,1.1135
902,BACE1,5.5053,4,APEX1,False,1.1853,0.7798,0.8957,1.0058,1.059,1.1135
902,SEC23B,5.5053,4,APEX1,False,1.1853,0.7798,0.8957,1.0058,1.059,1.1135
902,PADI4,5.1154,7,APEX1,False,1.1853,0.7798,0.8957,1.0058,1.059,1.1135
902,HADHB,5.1154,7,APEX1,False,1.1853,0.7798,0.8957,1.0058,1.059,1.1135
902,RFC4,5.1154,7,APEX1,False,1.1853,0.7798,0.8957,1.0058,1.059,1.1135
902,SF3B3,5.1154,7,APEX1,False,1.1853,0.7798,0.8957,1.0058,1.059,1.1135
902,PERP,4.5587,11,APEX1,False,1.1853,0.7798,0.8957,1.0058,1.059,1.1135
902,PRDX2,2.7455,12,APEX1,False,1.1853,0.7798,0.8957,1.0058,1.059,1.1135
902,KDM1A,1.059,13,APEX1,False,1.1853,0.7798,0.8957,1.0058,1.059,1.1135
903,APEX1,8.8973,1,APEX1,True,0.8814,1.1762,0.9543,0.8158,1.0042,1.0562
903,TNFRSF10C,6.1729,2,APEX1,False,0.8814,1.1762,0.9543,0.8158,1.0042,1.0562
903,ARID5B,6.1729,2,APEX1,False,0.8814,1.1762,0.9543,0.8158,1.0042,1.0562
903,DHFR,5.5847,4,APEX1,False,0.8814,1.1762,0.9543,0.8158,1.0042,1.0562
903,BACE1,5.5847,4,APEX1,False,0.8814,1.1762,0.9543,0.8158,1.0042,1.0562
903,SEC23B,5.5847,4,APEX1,False,0.8814,1.1762,0.9543,0.8158,1.0042,1.0562
903,PADI4,4.9966,7,APEX1,False,0.8814,1.1762,0.9543,0.8158,1.0042,1.0562
903,HADHB,4.9966,7,APEX1,False,0.8814,1.1762,0.9543,0.8158,1.0042,1.0562
903,RFC4,4.9966,7,APEX1,False,0.8814,1.1762,0.9543,0.8158,1.0042,1.0562
903,SF3B3,4.9966,7,APEX1,False,0.8814,1.1762,0.9543,0.8158,1.0042,1.0562
903,PERP,4.4685,11,APEX1,False,0.8814,1.1762,0.9543,0.8158,1.0042,1.0562
903,PRDX2,2.1016,12,APEX1,False,0.8814,1.1762,0.9543,0.8158,1.0042,1.0562
903,KDM1A,1.0042,13,APEX1,False,0.8814,1.1762,0.9543,0.8158,1.0042,1.0562
904,APEX1,9.5796,1,APEX1,True,1.0007,1.0914,1.1858,0.9318,1.2214,1.073
904,TNFRSF10C,6.2763,2,APEX1,False,1.0007,1.0914,1.1858,0.9318,1.2214,1.073
904,ARID5B,6.2763,2,APEX1,False,1.0007,1.0914,1.1858,0.9318,1.2214,1.073
904,DHFR,5.7305,4,APEX1,False,1.0007,1.0914,1.1858,0.9318,1.2214,1.073
904,BACE1,5.7305,4,APEX1,False,1.0007,1.0914,1.1858,0.9318,1.2214,1.073
904,SEC23B,5.7305,4,APEX1,False,1.0007,1.0914,1.1858,0.9318,1.2214,1.073
904,PADI4,5.1848,7,APEX1,False,1.0007,1.0914,1.1858,0.9318,1.2214,1.073
904,HADHB,5.1848,7,APEX1,False,1.0007,1.0914,1.1858,0.9318,1.2214,1.073
904,RFC4,5.1848,7,APEX1,False,1.0007,1.0914,1.1858,0.9318,1.2214,1.073
904,SF3B3,5.1848,7,APEX1,False,1.0007,1.0914,1.1858,0.9318,1.2214,1.073
904,PERP,4.6483,11,APEX1,False,1.0007,1.0914,1.1858,0.9318,1.2214,1.073
904,PRDX2,2.6145,12,APEX1,False,1.0007,1.0914,1.1858,0.9318,1.2214,1.073
904,KDM1A,1.2214,13,APEX1,False,1.0007,1.0914,1.1858,0.9318,1.2214,1.073
905,APEX1,10.0164,1,APEX1,True,1.0689,1.0686,1.2398,1.1244,1.1929,0.9753
905,TNFRSF10C,6.4124,2,APEX1,False,1.0689,1.0686,1.2398,1.1244,1.1929,0.9753
905,ARID5B,6.4124,2,APEX1,False,1.0689,1.0686,1.2398,1.1244,1.1929,0.9753
905,DHFR,5.8781,4,APEX1,False,1.0689,1.0686,1.2398,1.1244,1.1929,0.9753
905,BACE1,5.8781,4,APEX1,False,1.0689,1.0686,1.2398,1.1244,1.1929,0.9753
905,SEC23B,5.8781,4,APEX1,False,1.0689,1.0686,1.2398,1.1244,1.1929,0.9753
905,PADI4,5.3438,7,APEX1,False,1.0689,1.0686,1.2398,1.1244,1.1929,0.9753
905,HADHB,5.3438,7,APEX1,False,1.0689,1.0686,1.2398,1.1244,1.1929,0.9753
905,RFC4,5.3438,7,APEX1,False,1.0689,1.0686,1.2398,1.1244,1.1929,0.9753
905,SF3B3,5.3438,7,APEX1,False,1.0689,1.0686,1.2398,1.1244,1.1929,0.9753
905,PERP,4.8562,11,APEX1,False,1.0689,1.0686,1.2398,1.1244,1.1929,0.9753
905,PRDX2,2.9368,12,APEX1,False,1.0689,1.0686,1.2398,1.1244,1.1929,0.9753
905,KDM1A,1.1929,13,APEX1,False,1.0689,1.0686,1.2398,1.1244,1.1929,0.9753
906,APEX1,9.8598,1,APEX1,True,1.038,1.2032,1.1738,0.7888,1.0511,1.2312
906,TNFRSF10C,6.7236,2,APEX1,False,1.038,1.2032,1.1738,0.7888,1.0511,1.2312
906,ARID5B,6.7236,2,APEX1,False,1.038,1.2032,1.1738,0.7888,1.0511,1.2312
906,DHFR,6.122,4,APEX1,False,1.038,1.2032,1.1738,0.7888,1.0511,1.2312
906,BACE1,6.122,4,APEX1,False,1.038,1.2032,1.1738,0.7888,1.0511,1.2312
906,SEC23B,6.122,4,APEX1,False,1.038,1.2032,1.1738,0.7888,1.0511,1.2312
906,PADI4,5.5204,7,APEX1,False,1.038,1.2032,1.1738,0.7888,1.0511,1.2312
906,HADHB,5.5204,7,APEX1,False,1.038,1.2032,1.1738,0.7888,1.0511,1.2312
906,RFC4,5.5204,7,APEX1,False,1.038,1.2032,1.1738,0.7888,1.0511,1.2312
906,SF3B3,5.5204,7,APEX1,False,1.038,1.2032,1.1738,0.7888,1.0511,1.2312
906,PERP,4.9048,11,APEX1,False,1.038,1.2032,1.1738,0.7888,1.0511,1.2312
906,PRDX2,2.5376,12,APEX1,False,1.038,1.2032,1.1738,0.7888,1.0511,1.2312
906,KDM1A,1.0511,13,APEX1,False,1.038,1.2032,1.1738,0.7888,1.0511,1.2312
907,APEX1,10.1497,1,APEX1,True,1.2021,1.0702,1.1303,1.072,1.0265,0.9618
907,TNFRSF10C,6.8171,2,APEX1,False,1.2021,1.0702,1.1303,1.072,1.0265,0.9618
907,ARID5B,6.8171,2,APEX1,False,1.2021,1.0702,1.1303,1.072,1.0265,0.9618
907,DHFR,6.282,4,APEX1,False,1.2021,1.0702,1.1303,1.072,1.0265,0.9618
907,BACE1,6.282,4,APEX1,False,1.2021,1.0702,1.1303,1.072,1.0265,0.9618
907,SEC23B,6.282,4,APEX1,False,1.2021,1.0702,1.1303,1.072,1.0265,0.9618
907,PADI4,5.7469,7,APEX1,False,1.2021,1.0702,1.1303,1.072,1.0265,0.9618
907,HADHB,5.7469,7,APEX1,False,1.2021,1.0702,1.1303,1.072,1.0265,0.9618
907,RFC4,5.7469,7,APEX1,False,1.2021,1.0702,1.1303,1.072,1.0265,0.9618
907,SF3B3,5.7469,7,APEX1,False,1.2021,1.0702,1.1303,1.072,1.0265,0.9618
907,PERP,5.266,11,APEX1,False,1.2021,1.0702,1.1303,1.072,1.0265,0.9618
907,PRDX2,3.1739,12,APEX1,False,1.2021,1.0702,1.1303,1.072,1.0265,0.9618
907,KDM1A,1.0265,13,APEX1,False,1.2021,1.0702,1.1303,1.072,1.0265,0.9618
908,APEX1,10.0639,1,APEX1,True,1.2485,1.1839,0.8652,1.036,0.7507,1.2279
908,TNFRSF10C,7.2974,2,APEX1,False,1.2485,1.1839,0.8652,1.036,0.7507,1.2279
908,ARID5B,7.2974,2,APEX1,False,1.2485,1.1839,0.8652,1.036,0.7507,1.2279
908,DHFR,6.7054,4,APEX1,False,1.2485,1.1839,0.8652,1.036,0.7507,1.2279
908,BACE1,6.7054,4,APEX1,False,1.2485,1.1839,0.8652,1.036,0.7507,1.2279
908,SEC23B,6.7054,4,APEX1,False,1.2485,1.1839,0.8652,1.036,0.7507,1.2279
908,PADI4,6.1135,7,APEX1,False,1.2485,1.1839,0.8652,1.036,0.7507,1.2279
908,HADHB,6.1135,7,APEX1,False,1.2485,1.1839,0.8652,1.036,0.7507,1.2279
908,RFC4,6.1135,7,APEX1,False,1.2485,1.1839,0.8652,1.036,0.7507,1.2279
908,SF3B3,6.1135,7,APEX1,False,1.2485,1.1839,0.8652,1.036,0.7507,1.2279
908,PERP,5.4995,11,APEX1,False,1.2485,1.1839,0.8652,1.036,0.7507,1.2279
908,PRDX2,2.7587,12,APEX1,False,1.2485,1.1839,0.8652,1.036,0.7507,1.2279
908,KDM1A,0.7507,13,APEX1,False,1.2485,1.1839,0.8652,1.036,0.7507,1.2279
909,APEX1,8.9111,1,APEX1,True,0.7823,1.247,0.8654,1.0921,1.1318,0.8796
909,TNFRSF10C,6.0882,2,APEX1,False,0.7823,1.247,0.8654,1.0921,1.1318,0.8796
909,ARID5B,6.0882,2,APEX1,False,0.7823,1.247,0.8654,1.0921,1.1318,0.8796
909,DHFR,5.4646,4,APEX1,False,0.7823,1.247,0.8654,1.0921,1.1318,0.8796
909,BACE1,5.4646,4,APEX1,False,0.7823,1.247,0.8654,1.0921,1.1318,0.8796
909,SEC23B,5.4646,4,APEX1,False,0.7823,1.247,0.8654,1.0921,1.1318,0.8796
909,PADI4,4.8411,7,APEX1,False,0.7823,1.247,0.8654,1.0921,1.1318,0.8796
909,HADHB,4.8411,7,APEX1,False,0.7823,1.247,0.8654,1.0921,1.1318,0.8796
909,RFC4,4.8411,7,APEX1,False,0.7823,1.247,0.8654,1.0921,1.1318,0.8796
909,SF3B3,4.8411,7,APEX1,False,0.7823,1.247,0.8654,1.0921,1.1318,0.8796
909,PERP,4.4013,11,APEX1,False,0.7823,1.247,0.8654,1.0921,1.1318,0.8796
909,PRDX2,1.9417,12,APEX1,False,0.7823,1.247,0.8654,1.0921,1.1318,0.8796
909,KDM1A,1.1318,13,APEX1,False,0.7823,1.247,0.8654,1.0921,1.1318,0.8796
910,APEX1,8.3963,1,APEX1,True,1.0373,0.8739,0.9498,0.7631,1.091,1.178
910,TNFRSF10C,5.7336,2,APEX1,False,1.0373,0.8739,0.9498,0.7631,1.091,1.178
910,ARID5B,5.7336,2,APEX1,False,1.0373,0.8739,0.9498,0.7631,1.091,1.178
910,DHFR,5.2967,4,APEX1,False,1.0373,0.8739,0.9498,0.7631,1.091,1.178
910,BACE1,5.2967,4,APEX1,False,1.0373,0.8739,0.9498,0.7631,1.091,1.178
910,SEC23B,5.2967,4,APEX1,False,1.0373,0.8739,0.9498,0.7631,1.091,1.178
910,PADI4,4.8597,7,APEX1,False,1.0373,0.8739,0.9498,0.7631,1.091,1.178
910,HADHB,4.8597,7,APEX1,False,1.0373,0.8739,0.9498,0.7631,1.091,1.178
910,RFC4,4.8597,7,APEX1,False,1.0373,0.8739,0.9498,0.7631,1.091,1.178
910,SF3B3,4.8597,7,APEX1,False,1.0373,0.8739,0.9498,0.7631,1.091,1.178
910,PERP,4.2707,11,APEX1,False,1.0373,0.8739,0.9498,0.7631,1.091,1.178
910,PRDX2,2.365,12,APEX1,False,1.0373,0.8739,0.9498,0.7631,1.091,1.178
910,KDM1A,1.091,13,APEX1,False,1.0373,0.8739,0.9498,0.7631,1.091,1.178
911,APEX1,8.6153,1,APEX1,True,0.8413,1.1657,0.825,0.9441,1.0836,0.9458
911,TNFRSF10C,6.0212,2,APEX1,False,0.8413,1.1657,0.825,0.9441,1.0836,0.9458
911,ARID5B,6.0212,2,APEX1,False,0.8413,1.1657,0.825,0.9441,1.0836,0.9458
911,DHFR,5.4384,4,APEX1,False,0.8413,1.1657,0.825,0.9441,1.0836,0.9458
911,BACE1,5.4384,4,APEX1,False,0.8413,1.1657,0.825,0.9441,1.0836,0.9458
911,SEC23B,5.4384,4,APEX1,False,0.8413,1.1657,0.825,0.9441,1.0836,0.9458
911,PADI4,4.8555,7,APEX1,False,0.8413,1.1657,0.825,0.9441,1.0836,0.9458
911,HADHB,4.8555,7,APEX1,False,0.8413,1.1657,0.825,0.9441,1.0836,0.9458
911,RFC4,4.8555,7,APEX1,False,0.8413,1.1657,0.825,0.9441,1.0836,0.9458
911,SF3B3,4.8555,7,APEX1,False,0.8413,1.1657,0.825,0.9441,1.0836,0.9458
911,PERP,4.3826,11,APEX1,False,0.8413,1.1657,0.825,0.9441,1.0836,0.9458
911,PRDX2,1.9825,12,APEX1,False,0.8413,1.1657,0.825,0.9441,1.0836,0.9458
911,KDM1A,1.0836,13,APEX1,False,0.8413,1.1657,0.825,0.9441,1.0836,0.9458
912,APEX1,10.1533,1,APEX1,True,1.1163,1.2107,1.0053,1.1619,1.0427,0.798
912,TNFRSF10C,6.9809,2,APEX1,False,1.1163,1.2107,1.0053,1.1619,1.0427,0.798
912,ARID5B,6.9809,2,APEX1,False,1.1163,1.2107,1.0053,1.1619,1.0427,0.798
912,DHFR,6.3755,4,APEX1,False,1.1163,1.2107,1.0053,1.1619,1.0427,0.798
912,BACE1,6.3755,4,APEX1,False,1.1163,1.2107,1.0053,1.1619,1.0427,0.798
912,SEC23B,6.3755,4,APEX1,False,1.1163,1.2107,1.0053,1.1619,1.0427,0.798
912,PADI4,5.7702,7,APEX1,False,1.1163,1.2107,1.0053,1.1619,1.0427,0.798
912,HADHB,5.7702,7,APEX1,False,1.1163,1.2107,1.0053,1.1619,1.0427,0.798
912,RFC4,5.7702,7,APEX1,False,1.1163,1.2107,1.0053,1.1619,1.0427,0.798
912,SF3B3,5.7702,7,APEX1,False,1.1163,1.2107,1.0053,1.1619,1.0427,0.798
912,PERP,5.3712,11,APEX1,False,1.1163,1.2107,1.0053,1.1619,1.0427,0.798
912,PRDX2,2.9979,12,APEX1,False,1.1163,1.2107,1.0053,1.1619,1.0427,0.798
912,KDM1A,1.0427,13,APEX1,False,1.1163,1.2107,1.0053,1.1619,1.0427,0.798
913,APEX1,8.2596,1,APEX1,True,0.7666,0.9331,1.1283,0.904,1.0355,0.8077
913,TNFRSF10C,5.099,2,APEX1,False,0.7666,0.9331,1.1283,0.904,1.0355,0.8077
913,ARID5B,5.099,2,APEX1,False,0.7666,0.9331,1.1283,0.904,1.0355,0.8077
913,DHFR,4.6325,4,APEX1,False,0.7666,0.9331,1.1283,0.904,1.0355,0.8077
913,BACE1,4.6325,4,APEX1,False,0.7666,0.9331,1.1283,0.904,1.0355,0.8077
913,SEC23B,4.6325,4,APEX1,False,0.7666,0.9331,1.1283,0.904,1.0355,0.8077
913,PADI4,4.1659,7,APEX1,False,0.7666,0.9331,1.1283,0.904,1.0355,0.8077
913,HADHB,4.1659,7,APEX1,False,0.7666,0.9331,1.1283,0.904,1.0355,0.8077
913,RFC4,4.1659,7,APEX1,False,0.7666,0.9331,1.1283,0.904,1.0355,0.8077
913,SF3B3,4.1659,7,APEX1,False,0.7666,0.9331,1.1283,0.904,1.0355,0.8077
913,PERP,3.7621,11,APEX1,False,0.7666,0.9331,1.1283,0.904,1.0355,0.8077
913,PRDX2,2.2371,12,APEX1,False,0.7666,0.9331,1.1283,0.904,1.0355,0.8077
913,KDM1A,1.0355,13,APEX1,False,0.7666,0.9331,1.1283,0.904,1.0355,0.8077
914,APEX1,9.0327,1,APEX1,True,0.9964,1.1029,0.7539,1.2271,1.0649,0.9334
914,TNFRSF10C,6.2977,2,APEX1,False,0.9964,1.1029,0.7539,1.2271,1.0649,0.9334
914,ARID5B,6.2977,2,APEX1,False,0.9964,1.1029,0.7539,1.2271,1.0649,0.9334
914,DHFR,5.7463,4,APEX1,False,0.9964,1.1029,0.7539,1.2271,1.0649,0.9334
914,BACE1,5.7463,4,APEX1,False,0.9964,1.1029,0.7539,1.2271,1.0649,0.9334
914,SEC23B,5.7463,4,APEX1,False,0.9964,1.1029,0.7539,1.2271,1.0649,0.9334
914,PADI4,5.1948,7,APEX1,False,0.9964,1.1029,0.7539,1.2271,1.0649,0.9334
914,HADHB,5.1948,7,APEX1,False,0.9964,1.1029,0.7539,1.2271,1.0649,0.9334
914,RFC4,5.1948,7,APEX1,False,0.9964,1.1029,0.7539,1.2271,1.0649,0.9334
914,SF3B3,5.1948,7,APEX1,False,0.9964,1.1029,0.7539,1.2271,1.0649,0.9334
914,PERP,4.7281,11,APEX1,False,0.9964,1.1029,0.7539,1.2271,1.0649,0.9334
914,PRDX2,2.3115,12,APEX1,False,0.9964,1.1029,0.7539,1.2271,1.0649,0.9334
914,KDM1A,1.0649,13,APEX1,False,0.9964,1.1029,0.7539,1.2271,1.0649,0.9334
915,APEX1,8.3556,1,APEX1,True,0.875,0.8406,1.0973,1.0142,0.8939,0.9525
915,TNFRSF10C,5.1467,2,APEX1,False,0.875,0.8406,1.0973,1.0142,0.8939,0.9525
915,ARID5B,5.1467,2,APEX1,False,0.875,0.8406,1.0973,1.0142,0.8939,0.9525
915,DHFR,4.7265,4,APEX1,False,0.875,0.8406,1.0973,1.0142,0.8939,0.9525
915,BACE1,4.7265,4,APEX1,False,0.875,0.8406,1.0973,1.0142,0.8939,0.9525
915,SEC23B,4.7265,4,APEX1,False,0.875,0.8406,1.0973,1.0142,0.8939,0.9525
915,PADI4,4.3062,7,APEX1,False,0.875,0.8406,1.0973,1.0142,0.8939,0.9525
915,HADHB,4.3062,7,APEX1,False,0.875,0.8406,1.0973,1.0142,0.8939,0.9525
915,RFC4,4.3062,7,APEX1,False,0.875,0.8406,1.0973,1.0142,0.8939,0.9525
915,SF3B3,4.3062,7,APEX1,False,0.875,0.8406,1.0973,1.0142,0.8939,0.9525
915,PERP,3.8299,11,APEX1,False,0.875,0.8406,1.0973,1.0142,0.8939,0.9525
915,PRDX2,2.3323,12,APEX1,False,0.875,0.8406,1.0973,1.0142,0.8939,0.9525
915,KDM1A,0.8939,13,APEX1,False,0.875,0.8406,1.0973,1.0142,0.8939,0.9525
916,APEX1,8.5916,1,APEX1,True,0.9762,1.0591,0.8452,0.7952,0.8852,1.197
916,TNFRSF10C,6.1061,2,APEX1,False,0.9762,1.0591,0.8452,0.7952,0.8852,1.197
916,ARID5B,6.1061,2,APEX1,False,0.9762,1.0591,0.8452,0.7952,0.8852,1.197
916,DHFR,5.5765,4,APEX1,False,0.9762,1.0591,0.8452,0.7952,0.8852,1.197
916,BACE1,5.5765,4,APEX1,False,0.9762,1.0591,0.8452,0.7952,0.8852,1.197
916,SEC23B,5.5765,4,APEX1,False,0.9762,1.0591,0.8452,0.7952,0.8852,1.197
916,PADI4,5.0469,7,APEX1,False,0.9762,1.0591,0.8452,0.7952,0.8852,1.197
916,HADHB,5.0469,7,APEX1,False,0.9762,1.0591,0.8452,0.7952,0.8852,1.197
916,RFC4,5.0469,7,APEX1,False,0.9762,1.0591,0.8452,0.7952,0.8852,1.197
916,SF3B3,5.0469,7,APEX1,False,0.9762,1.0591,0.8452,0.7952,0.8852,1.197
916,PERP,4.4484,11,APEX1,False,0.9762,1.0591,0.8452,0.7952,0.8852,1.197
916,PRDX2,2.0888,12,APEX1,False,0.9762,1.0591,0.8452,0.7952,0.8852,1.197
916,KDM1A,0.8852,13,APEX1,False,0.9762,1.0591,0.8452,0.7952,0.8852,1.197
917,APEX1,7.9083,1,APEX1,True,0.9617,0.8779,0.791,0.8075,0.768,1.2418
917,TNFRSF10C,5.5189,2,APEX1,False,0.9617,0.8779,0.791,0.8075,0.768,1.2418
917,ARID5B,5.5189,2,APEX1,False,0.9617,0.8779,0.791,0.8075,0.768,1.2418
917,DHFR,5.0799,4,APEX1,False,0.9617,0.8779,0.791,0.8075,0.768,1.2418
917,BACE1,5.0799,4,APEX1,False,0.9617,0.8779,0.791,0.8075,0.768,1.2418
917,SEC23B,5.0799,4,APEX1,False,0.9617,0.8779,0.791,0.8075,0.768,1.2418
917,PADI4,4.641,7,APEX1,False,0.9617,0.8779,0.791,0.8075,0.768,1.2418
917,HADHB,4.641,7,APEX1,False,0.9617,0.8779,0.791,0.8075,0.768,1.2418
917,RFC4,4.641,7,APEX1,False,0.9617,0.8779,0.791,0.8075,0.768,1.2418
917,SF3B3,4.641,7,APEX1,False,0.9617,0.8779,0.791,0.8075,0.768,1.2418
917,PERP,4.0201,11,APEX1,False,0.9617,0.8779,0.791,0.8075,0.768,1.2418
917,PRDX2,1.9534,12,APEX1,False,0.9617,0.8779,0.791,0.8075,0.768,1.2418
917,KDM1A,0.768,13,APEX1,False,0.9617,0.8779,0.791,0.8075,0.768,1.2418
918,APEX1,8.5444,1,APEX1,True,1.0132,0.8688,0.9245,1.0493,1.1964,1.2071
918,TNFRSF10C,5.6461,2,APEX1,False,1.0132,0.8688,0.9245,1.0493,1.1964,1.2071
918,ARID5B,5.6461,2,APEX1,False,1.0132,0.8688,0.9245,1.0493,1.1964,1.2071
918,DHFR,5.2117,4,APEX1,False,1.0132,0.8688,0.9245,1.0493,1.1964,1.2071
918,BACE1,5.2117,4,APEX1,False,1.0132,0.8688,0.9245,1.0493,1.1964,1.2071
918,SEC23B,5.2117,4,APEX1,False,1.0132,0.8688,0.9245,1.0493,1.1964,1.2071
918,PADI4,4.7773,7,APEX1,False,1.0132,0.8688,0.9245,1.0493,1.1964,1.2071
918,HADHB,4.7773,7,APEX1,False,1.0132,0.8688,0.9245,1.0493,1.1964,1.2071
918,RFC4,4.7773,7,APEX1,False,1.0132,0.8688,0.9245,1.0493,1.1964,1.2071
918,SF3B3,4.7773,7,APEX1,False,1.0132,0.8688,0.9245,1.0493,1.1964,1.2071
918,PERP,4.1737,11,APEX1,False,1.0132,0.8688,0.9245,1.0493,1.1964,1.2071
918,PRDX2,2.2505,12,APEX1,False,1.0132,0.8688,0.9245,1.0493,1.1964,1.2071
918,KDM1A,1.1964,13,APEX1,False,1.0132,0.8688,0.9245,1.0493,1.1964,1.2071
919,APEX1,8.8945,1,APEX1,True,0.8049,1.1638,1.0956,0.7972,1.1677,1.0538
919,TNFRSF10C,5.9061,2,APEX1,False,0.8049,1.1638,1.0956,0.7972,1.1677,1.0538
919,ARID5B,5.9061,2,APEX1,False,0.8049,1.1638,1.0956,0.7972,1.1677,1.0538
919,DHFR,5.3242,4,APEX1,False,0.8049,1.1638,1.0956,0.7972,1.1677,1.0538
919,BACE1,5.3242,4,APEX1,False,0.8049,1.1638,1.0956,0.7972,1.1677,1.0538
919,SEC23B,5.3242,4,APEX1,False,0.8049,1.1638,1.0956,0.7972,1.1677,1.0538
919,PADI4,4.7423,7,APEX1,False,0.8049,1.1638,1.0956,0.7972,1.1677,1.0538
919,HADHB,4.7423,7,APEX1,False,0.8049,1.1638,1.0956,0.7972,1.1677,1.0538
919,RFC4,4.7423,7,APEX1,False,0.8049,1.1638,1.0956,0.7972,1.1677,1.0538
919,SF3B3,4.7423,7,APEX1,False,0.8049,1.1638,1.0956,0.7972,1.1677,1.0538
919,PERP,4.2154,11,APEX1,False,0.8049,1.1638,1.0956,0.7972,1.1677,1.0538
919,PRDX2,2.054,12,APEX1,False,0.8049,1.1638,1.0956,0.7972,1.1677,1.0538
919,KDM1A,1.1677,13,APEX1,False,0.8049,1.1638,1.0956,0.7972,1.1677,1.0538
920,APEX1,8.3322,1,APEX1,True,0.8764,1.034,0.7603,1.0801,0.7929,1.0332
920,TNFRSF10C,5.7314,2,APEX1,False,0.8764,1.034,0.7603,1.0801,0.7929,1.0332
920,ARID5B,5.7314,2,APEX1,False,0.8764,1.034,0.7603,1.0801,0.7929,1.0332
920,DHFR,5.2144,4,APEX1,False,0.8764,1.034,0.7603,1.0801,0.7929,1.0332
920,BACE1,5.2144,4,APEX1,False,0.8764,1.034,0.7603,1.0801,0.7929,1.0332
920,SEC23B,5.2144,4,APEX1,False,0.8764,1.034,0.7603,1.0801,0.7929,1.0332
920,PADI4,4.6974,7,APEX1,False,0.8764,1.034,0.7603,1.0801,0.7929,1.0332
920,HADHB,4.6974,7,APEX1,False,0.8764,1.034,0.7603,1.0801,0.7929,1.0332
920,RFC4,4.6974,7,APEX1,False,0.8764,1.034,0.7603,1.0801,0.7929,1.0332
920,SF3B3,4.6974,7,APEX1,False,0.8764,1.034,0.7603,1.0801,0.7929,1.0332
920,PERP,4.1808,11,APEX1,False,0.8764,1.034,0.7603,1.0801,0.7929,1.0332
920,PRDX2,1.9183,12,APEX1,False,0.8764,1.034,0.7603,1.0801,0.7929,1.0332
920,KDM1A,0.7929,13,APEX1,False,0.8764,1.034,0.7603,1.0801,0.7929,1.0332
921,APEX1,7.8277,1,APEX1,True,0.8046,0.846,1.0362,0.8035,0.7626,1.0234
921,TNFRSF10C,4.9518,2,APEX1,False,0.8046,0.846,1.0362,0.8035,0.7626,1.0234
921,ARID5B,4.9518,2,APEX1,False,0.8046,0.846,1.0362,0.8035,0.7626,1.0234
921,DHFR,4.5288,4,APEX1,False,0.8046,0.846,1.0362,0.8035,0.7626,1.0234
921,BACE1,4.5288,4,APEX1,False,0.8046,0.846,1.0362,0.8035,0.7626,1.0234
921,SEC23B,4.5288,4,APEX1,False,0.8046,0.846,1.0362,0.8035,0.7626,1.0234
921,PADI4,4.1058,7,APEX1,False,0.8046,0.846,1.0362,0.8035,0.7626,1.0234
921,HADHB,4.1058,7,APEX1,False,0.8046,0.846,1.0362,0.8035,0.7626,1.0234
921,RFC4,4.1058,7,APEX1,False,0.8046,0.846,1.0362,0.8035,0.7626,1.0234
921,SF3B3,4.1058,7,APEX1,False,0.8046,0.846,1.0362,0.8035,0.7626,1.0234
921,PERP,3.5941,11,APEX1,False,0.8046,0.846,1.0362,0.8035,0.7626,1.0234
921,PRDX2,2.0242,12,APEX1,False,0.8046,0.846,1.0362,0.8035,0.7626,1.0234
921,KDM1A,0.7626,13,APEX1,False,0.8046,0.846,1.0362,0.8035,0.7626,1.0234
922,APEX1,9.2694,1,APEX1,True,1.1184,0.9338,1.1081,0.8967,0.8584,0.9891
922,TNFRSF10C,6.1566,2,APEX1,False,1.1184,0.9338,1.1081,0.8967,0.8584,0.9891
922,ARID5B,6.1566,2,APEX1,False,1.1184,0.9338,1.1081,0.8967,0.8584,0.9891
922,DHFR,5.6897,4,APEX1,False,1.1184,0.9338,1.1081,0.8967,0.8584,0.9891
922,BACE1,5.6897,4,APEX1,False,1.1184,0.9338,1.1081,0.8967,0.8584,0.9891
922,SEC23B,5.6897,4,APEX1,False,1.1184,0.9338,1.1081,0.8967,0.8584,0.9891
922,PADI4,5.2228,7,APEX1,False,1.1184,0.9338,1.1081,0.8967,0.8584,0.9891
922,HADHB,5.2228,7,APEX1,False,1.1184,0.9338,1.1081,0.8967,0.8584,0.9891
922,RFC4,5.2228,7,APEX1,False,1.1184,0.9338,1.1081,0.8967,0.8584,0.9891
922,SF3B3,5.2228,7,APEX1,False,1.1184,0.9338,1.1081,0.8967,0.8584,0.9891
922,PERP,4.7283,11,APEX1,False,1.1184,0.9338,1.1081,0.8967,0.8584,0.9891
922,PRDX2,2.915,12,APEX1,False,1.1184,0.9338,1.1081,0.8967,0.8584,0.9891
922,KDM1A,0.8584,13,APEX1,False,1.1184,0.9338,1.1081,0.8967,0.8584,0.9891
923,APEX1,9.4294,1,APEX1,True,0.9609,1.1958,0.9343,1.0908,1.2484,1.1273
923,TNFRSF10C,6.47,2,APEX1,False,0.9609,1.1958,0.9343,1.0908,1.2484,1.1273
923,ARID5B,6.47,2,APEX1,False,0.9609,1.1958,0.9343,1.0908,1.2484,1.1273
923,DHFR,5.8721,4,APEX1,False,0.9609,1.1958,0.9343,1.0908,1.2484,1.1273
923,BACE1,5.8721,4,APEX1,False,0.9609,1.1958,0.9343,1.0908,1.2484,1.1273
923,SEC23B,5.8721,4,APEX1,False,0.9609,1.1958,0.9343,1.0908,1.2484,1.1273
923,PADI4,5.2742,7,APEX1,False,0.9609,1.1958,0.9343,1.0908,1.2484,1.1273
923,HADHB,5.2742,7,APEX1,False,0.9609,1.1958,0.9343,1.0908,1.2484,1.1273
923,RFC4,5.2742,7,APEX1,False,0.9609,1.1958,0.9343,1.0908,1.2484,1.1273
923,SF3B3,5.2742,7,APEX1,False,0.9609,1.1958,0.9343,1.0908,1.2484,1.1273
923,PERP,4.7106,11,APEX1,False,0.9609,1.1958,0.9343,1.0908,1.2484,1.1273
923,PRDX2,2.2092,12,APEX1,False,0.9609,1.1958,0.9343,1.0908,1.2484,1.1273
923,KDM1A,1.2484,13,APEX1,False,0.9609,1.1958,0.9343,1.0908,1.2484,1.1273
924,APEX1,9.2715,1,APEX1,True,1.005,1.0034,1.0755,1.0954,1.1018,0.7619
924,TNFRSF10C,6.0251,2,APEX1,False,1.005,1.0034,1.0755,1.0954,1.1018,0.7619
924,ARID5B,6.0251,2,APEX1,False,1.005,1.0034,1.0755,1.0954,1.1018,0.7619
924,DHFR,5.5234,4,APEX1,False,1.005,1.0034,1.0755,1.0954,1.1018,0.7619
924,BACE1,5.5234,4,APEX1,False,1.005,1.0034,1.0755,1.0954,1.1018,0.7619
924,SEC23B,5.5234,4,APEX1,False,1.005,1.0034,1.0755,1.0954,1.1018,0.7619
924,PADI4,5.0217,7,APEX1,False,1.005,1.0034,1.0755,1.0954,1.1018,0.7619
924,HADHB,5.0217,7,APEX1,False,1.005,1.0034,1.0755,1.0954,1.1018,0.7619
924,RFC4,5.0217,7,APEX1,False,1.005,1.0034,1.0755,1.0954,1.1018,0.7619
924,SF3B3,5.0217,7,APEX1,False,1.005,1.0034,1.0755,1.0954,1.1018,0.7619
924,PERP,4.6407,11,APEX1,False,1.005,1.0034,1.0755,1.0954,1.1018,0.7619
924,PRDX2,2.826,12,APEX1,False,1.005,1.0034,1.0755,1.0954,1.1018,0.7619
924,KDM1A,1.1018,13,APEX1,False,1.005,1.0034,1.0755,1.0954,1.1018,0.7619
925,APEX1,9.5575,1,APEX1,True,1.0645,0.974,1.2119,1.0183,0.8515,0.7853
925,TNFRSF10C,6.1154,2,APEX1,False,1.0645,0.974,1.2119,1.0183,0.8515,0.7853
925,ARID5B,6.1154,2,APEX1,False,1.0645,0.974,1.2119,1.0183,0.8515,0.7853
925,DHFR,5.6284,4,APEX1,False,1.0645,0.974,1.2119,1.0183,0.8515,0.7853
925,BACE1,5.6284,4,APEX1,False,1.0645,0.974,1.2119,1.0183,0.8515,0.7853
925,SEC23B,5.6284,4,APEX1,False,1.0645,0.974,1.2119,1.0183,0.8515,0.7853
925,PADI4,5.1415,7,APEX1,False,1.0645,0.974,1.2119,1.0183,0.8515,0.7853
925,HADHB,5.1415,7,APEX1,False,1.0645,0.974,1.2119,1.0183,0.8515,0.7853
925,RFC4,5.1415,7,APEX1,False,1.0645,0.974,1.2119,1.0183,0.8515,0.7853
925,SF3B3,5.1415,7,APEX1,False,1.0645,0.974,1.2119,1.0183,0.8515,0.7853
925,PERP,4.7488,11,APEX1,False,1.0645,0.974,1.2119,1.0183,0.8515,0.7853
925,PRDX2,3.0879,12,APEX1,False,1.0645,0.974,1.2119,1.0183,0.8515,0.7853
925,KDM1A,0.8515,13,APEX1,False,1.0645,0.974,1.2119,1.0183,0.8515,0.7853
926,APEX1,8.9322,1,APEX1,True,0.8449,1.1171,1.1457,0.7546,0.8407,1.1898
926,TNFRSF10C,5.8862,2,APEX1,False,0.8449,1.1171,1.1457,0.7546,0.8407,1.1898
926,ARID5B,5.8862,2,APEX1,False,0.8449,1.1171,1.1457,0.7546,0.8407,1.1898
926,DHFR,5.3276,4,APEX1,False,0.8449,1.1171,1.1457,0.7546,0.8407,1.1898
926,BACE1,5.3276,4,APEX1,False,0.8449,1.1171,1.1457,0.7546,0.8407,1.1898
926,SEC23B,5.3276,4,APEX1,False,0.8449,1.1171,1.1457,0.7546,0.8407,1.1898
926,PADI4,4.769,7,APEX1,False,0.8449,1.1171,1.1457,0.7546,0.8407,1.1898
926,HADHB,4.769,7,APEX1,False,0.8449,1.1171,1.1457,0.7546,0.8407,1.1898
926,RFC4,4.769,7,APEX1,False,0.8449,1.1171,1.1457,0.7546,0.8407,1.1898
926,SF3B3,4.769,7,APEX1,False,0.8449,1.1171,1.1457,0.7546,0.8407,1.1898
926,PERP,4.1741,11,APEX1,False,0.8449,1.1171,1.1457,0.7546,0.8407,1.1898
926,PRDX2,2.0682,12,APEX1,False,0.8449,1.1171,1.1457,0.7546,0.8407,1.1898
926,KDM1A,0.8407,13,APEX1,False,0.8449,1.1171,1.1457,0.7546,0.8407,1.1898
927,APEX1,9.4267,1,APEX1,True,1.1718,0.9232,1.1918,0.758,0.7855,0.9714
927,TNFRSF10C,6.2851,2,APEX1,False,1.1718,0.9232,1.1918,0.758,0.7855,0.9714
927,ARID5B,6.2851,2,APEX1,False,1.1718,0.9232,1.1918,0.758,0.7855,0.9714
927,DHFR,5.8235,4,APEX1,False,1.1718,0.9232,1.1918,0.758,0.7855,0.9714
927,BACE1,5.8235,4,APEX1,False,1.1718,0.9232,1.1918,0.758,0.7855,0.9714
927,SEC23B,5.8235,4,APEX1,False,1.1718,0.9232,1.1918,0.758,0.7855,0.9714
927,PADI4,5.3619,7,APEX1,False,1.1718,0.9232,1.1918,0.758,0.7855,0.9714
927,HADHB,5.3619,7,APEX1,False,1.1718,0.9232,1.1918,0.758,0.7855,0.9714
927,RFC4,5.3619,7,APEX1,False,1.1718,0.9232,1.1918,0.758,0.7855,0.9714
927,SF3B3,5.3619,7,APEX1,False,1.1718,0.9232,1.1918,0.758,0.7855,0.9714
927,PERP,4.8762,11,APEX1,False,1.1718,0.9232,1.1918,0.758,0.7855,0.9714
927,PRDX2,3.1499,12,APEX1,False,1.1718,0.9232,1.1918,0.758,0.7855,0.9714
927,KDM1A,0.7855,13,APEX1,False,1.1718,0.9232,1.1918,0.758,0.7855,0.9714
928,APEX1,8.5758,1,APEX1,True,1.0805,0.8088,1.0132,0.8817,0.8212,1.0817
928,TNFRSF10C,5.6678,2,APEX1,False,1.0805,0.8088,1.0132,0.8817,0.8212,1.0817
928,ARID5B,5.6678,2,APEX1,False,1.0805,0.8088,1.0132,0.8817,0.8212,1.0817
928,DHFR,5.2634,4,APEX1,False,1.0805,0.8088,1.0132,0.8817,0.8212,1.0817
928,BACE1,5.2634,4,APEX1,False,1.0805,0.8088,1.0132,0.8817,0.8212,1.0817
928,SEC23B,5.2634,4,APEX1,False,1.0805,0.8088,1.0132,0.8817,0.8212,1.0817
928,PADI4,4.859,7,APEX1,False,1.0805,0.8088,1.0132,0.8817,0.8212,1.0817
928,HADHB,4.859,7,APEX1,False,1.0805,0.8088,1.0132,0.8817,0.8212,1.0817
928,RFC4,4.859,7,APEX1,False,1.0805,0.8088,1.0132,0.8817,0.8212,1.0817
928,SF3B3,4.859,7,APEX1,False,1.0805,0.8088,1.0132,0.8817,0.8212,1.0817
928,PERP,4.3181,11,APEX1,False,1.0805,0.8088,1.0132,0.8817,0.8212,1.0817
928,PRDX2,2.6326,12,APEX1,False,1.0805,0.8088,1.0132,0.8817,0.8212,1.0817
928,KDM1A,0.8212,13,APEX1,False,1.0805,0.8088,1.0132,0.8817,0.8212,1.0817
929,APEX1,9.017,1,APEX1,True,1.0115,1.2053,0.7879,0.7906,0.9208,0.8544
929,TNFRSF10C,6.6505,2,APEX1,False,1.0115,1.2053,0.7879,0.7906,0.9208,0.8544
929,ARID5B,6.6505,2,APEX1,False,1.0115,1.2053,0.7879,0.7906,0.9208,0.8544
929,DHFR,6.0479,4,APEX1,False,1.0115,1.2053,0.7879,0.7906,0.9208,0.8544
929,BACE1,6.0479,4,APEX1,False,1.0115,1.2053,0.7879,0.7906,0.9208,0.8544
929,SEC23B,6.0479,4,APEX1,False,1.0115,1.2053,0.7879,0.7906,0.9208,0.8544
929,PADI4,5.4452,7,APEX1,False,1.0115,1.2053,0.7879,0.7906,0.9208,0.8544
929,HADHB,5.4452,7,APEX1,False,1.0115,1.2053,0.7879,0.7906,0.9208,0.8544
929,RFC4,5.4452,7,APEX1,False,1.0115,1.2053,0.7879,0.7906,0.9208,0.8544
929,SF3B3,5.4452,7,APEX1,False,1.0115,1.2053,0.7879,0.7906,0.9208,0.8544
929,PERP,5.018,11,APEX1,False,1.0115,1.2053,0.7879,0.7906,0.9208,0.8544
929,PRDX2,2.4623,12,APEX1,False,1.0115,1.2053,0.7879,0.7906,0.9208,0.8544
929,KDM1A,0.9208,13,APEX1,False,1.0115,1.2053,0.7879,0.7906,0.9208,0.8544
930,APEX1,8.8104,1,APEX1,True,0.9665,1.1218,0.8503,0.8451,0.8839,1.1768
930,TNFRSF10C,6.2647,2,APEX1,False,0.9665,1.1218,0.8503,0.8451,0.8839,1.1768
930,ARID5B,6.2647,2,APEX1,False,0.9665,1.1218,0.8503,0.8451,0.8839,1.1768
930,DHFR,5.7038,4,APEX1,False,0.9665,1.1218,0.8503,0.8451,0.8839,1.1768
930,BACE1,5.7038,4,APEX1,False,0.9665,1.1218,0.8503,0.8451,0.8839,1.1768
930,SEC23B,5.7038,4,APEX1,False,0.9665,1.1218,0.8503,0.8451,0.8839,1.1768
930,PADI4,5.1429,7,APEX1,False,0.9665,1.1218,0.8503,0.8451,0.8839,1.1768
930,HADHB,5.1429,7,APEX1,False,0.9665,1.1218,0.8503,0.8451,0.8839,1.1768
930,RFC4,5.1429,7,APEX1,False,0.9665,1.1218,0.8503,0.8451,0.8839,1.1768
930,SF3B3,5.1429,7,APEX1,False,0.9665,1.1218,0.8503,0.8451,0.8839,1.1768
930,PERP,4.5546,11,APEX1,False,0.9665,1.1218,0.8503,0.8451,0.8839,1.1768
930,PRDX2,2.0897,12,APEX1,False,0.9665,1.1218,0.8503,0.8451,0.8839,1.1768
930,KDM1A,0.8839,13,APEX1,False,0.9665,1.1218,0.8503,0.8451,0.8839,1.1768
931,APEX1,8.8636,1,APEX1,True,1.1833,0.923,0.7889,0.9668,0.9896,0.8594
931,TNFRSF10C,6.3191,2,APEX1,False,1.1833,0.923,0.7889,0.9668,0.9896,0.8594
931,ARID5B,6.3191,2,APEX1,False,1.1833,0.923,0.7889,0.9668,0.9896,0.8594
931,DHFR,5.8575,4,APEX1,False,1.1833,0.923,0.7889,0.9668,0.9896,0.8594
931,BACE1,5.8575,4,APEX1,False,1.1833,0.923,0.7889,0.9668,0.9896,0.8594
931,SEC23B,5.8575,4,APEX1,False,1.1833,0.923,0.7889,0.9668,0.9896,0.8594
931,PADI4,5.396,7,APEX1,False,1.1833,0.923,0.7889,0.9668,0.9896,0.8594
931,HADHB,5.396,7,APEX1,False,1.1833,0.923,0.7889,0.9668,0.9896,0.8594
931,RFC4,5.396,7,APEX1,False,1.1833,0.923,0.7889,0.9668,0.9896,0.8594
931,SF3B3,5.396,7,APEX1,False,1.1833,0.923,0.7889,0.9668,0.9896,0.8594
931,PERP,4.9663,11,APEX1,False,1.1833,0.923,0.7889,0.9668,0.9896,0.8594
931,PRDX2,2.8877,12,APEX1,False,1.1833,0.923,0.7889,0.9668,0.9896,0.8594
931,KDM1A,0.9896,13,APEX1,False,1.1833,0.923,0.7889,0.9668,0.9896,0.8594
932,APEX1,7.5224,1,APEX1,True,0.7906,0.8381,0.9231,0.7903,0.8825,1.2189
932,TNFRSF10C,4.8859,2,APEX1,False,0.7906,0.8381,0.9231,0.7903,0.8825,1.2189
932,ARID5B,4.8859,2,APEX1,False,0.7906,0.8381,0.9231,0.7903,0.8825,1.2189
932,DHFR,4.4669,4,APEX1,False,0.7906,0.8381,0.9231,0.7903,0.8825,1.2189
932,BACE1,4.4669,4,APEX1,False,0.7906,0.8381,0.9231,0.7903,0.8825,1.2189
932,SEC23B,4.4669,4,APEX1,False,0.7906,0.8381,0.9231,0.7903,0.8825,1.2189
932,PADI4,4.0479,7,APEX1,False,0.7906,0.8381,0.9231,0.7903,0.8825,1.2189
932,HADHB,4.0479,7,APEX1,False,0.7906,0.8381,0.9231,0.7903,0.8825,1.2189
932,RFC4,4.0479,7,APEX1,False,0.7906,0.8381,0.9231,0.7903,0.8825,1.2189
932,SF3B3,4.0479,7,APEX1,False,0.7906,0.8381,0.9231,0.7903,0.8825,1.2189
932,PERP,3.4384,11,APEX1,False,0.7906,0.8381,0.9231,0.7903,0.8825,1.2189
932,PRDX2,1.6806,12,APEX1,False,0.7906,0.8381,0.9231,0.7903,0.8825,1.2189
932,KDM1A,0.8825,13,APEX1,False,0.7906,0.8381,0.9231,0.7903,0.8825,1.2189
933,APEX1,9.885,1,APEX1,True,1.0166,1.2375,1.0714,0.9802,1.1975,0.8243
933,TNFRSF10C,6.762,2,APEX1,False,1.0166,1.2375,1.0714,0.9802,1.1975,0.8243
933,ARID5B,6.762,2,APEX1,False,1.0166,1.2375,1.0714,0.9802,1.1975,0.8243
933,DHFR,6.1433,4,APEX1,False,1.0166,1.2375,1.0714,0.9802,1.1975,0.8243
933,BACE1,6.1433,4,APEX1,False,1.0166,1.2375,1.0714,0.9802,1.1975,0.8243
933,SEC23B,6.1433,4,APEX1,False,1.0166,1.2375,1.0714,0.9802,1.1975,0.8243
933,PADI4,5.5246,7,APEX1,False,1.0166,1.2375,1.0714,0.9802,1.1975,0.8243
933,HADHB,5.5246,7,APEX1,False,1.0166,1.2375,1.0714,0.9802,1.1975,0.8243
933,RFC4,5.5246,7,APEX1,False,1.0166,1.2375,1.0714,0.9802,1.1975,0.8243
933,SF3B3,5.5246,7,APEX1,False,1.0166,1.2375,1.0714,0.9802,1.1975,0.8243
933,PERP,5.1124,11,APEX1,False,1.0166,1.2375,1.0714,0.9802,1.1975,0.8243
933,PRDX2,2.7884,12,APEX1,False,1.0166,1.2375,1.0714,0.9802,1.1975,0.8243
933,KDM1A,1.1975,13,APEX1,False,1.0166,1.2375,1.0714,0.9802,1.1975,0.8243
934,APEX1,8.9256,1,APEX1,True,0.9825,1.1009,0.808,1.0596,0.8089,1.0638
934,TNFRSF10C,6.2499,2,APEX1,False,0.9825,1.1009,0.808,1.0596,0.8089,1.0638
934,ARID5B,6.2499,2,APEX1,False,0.9825,1.1009,0.808,1.0596,0.8089,1.0638
934,DHFR,5.6995,4,APEX1,False,0.9825,1.1009,0.808,1.0596,0.8089,1.0638
934,BACE1,5.6995,4,APEX1,False,0.9825,1.1009,0.808,1.0596,0.8089,1.0638
934,SEC23B,5.6995,4,APEX1,False,0.9825,1.1009,0.808,1.0596,0.8089,1.0638
934,PADI4,5.1491,7,APEX1,False,0.9825,1.1009,0.808,1.0596,0.8089,1.0638
934,HADHB,5.1491,7,APEX1,False,0.9825,1.1009,0.808,1.0596,0.8089,1.0638
934,RFC4,5.1491,7,APEX1,False,0.9825,1.1009,0.808,1.0596,0.8089,1.0638
934,SF3B3,5.1491,7,APEX1,False,0.9825,1.1009,0.808,1.0596,0.8089,1.0638
934,PERP,4.6172,11,APEX1,False,0.9825,1.1009,0.808,1.0596,0.8089,1.0638
934,PRDX2,2.2004,12,APEX1,False,0.9825,1.1009,0.808,1.0596,0.8089,1.0638
934,KDM1A,0.8089,13,APEX1,False,0.9825,1.1009,0.808,1.0596,0.8089,1.0638
935,APEX1,7.6771,1,APEX1,True,0.9636,0.7802,0.807,0.8318,1.1605,0.9841
935,TNFRSF10C,5.2313,2,APEX1,False,0.9636,0.7802,0.807,0.8318,1.1605,0.9841
935,ARID5B,5.2313,2,APEX1,False,0.9636,0.7802,0.807,0.8318,1.1605,0.9841
935,DHFR,4.8412,4,APEX1,False,0.9636,0.7802,0.807,0.8318,1.1605,0.9841
935,BACE1,4.8412,4,APEX1,False,0.9636,0.7802,0.807,0.8318,1.1605,0.9841
935,SEC23B,4.8412,4,APEX1,False,0.9636,0.7802,0.807,0.8318,1.1605,0.9841
935,PADI4,4.4511,7,APEX1,False,0.9636,0.7802,0.807,0.8318,1.1605,0.9841
935,HADHB,4.4511,7,APEX1,False,0.9636,0.7802,0.807,0.8318,1.1605,0.9841
935,RFC4,4.4511,7,APEX1,False,0.9636,0.7802,0.807,0.8318,1.1605,0.9841
935,SF3B3,4.4511,7,APEX1,False,0.9636,0.7802,0.807,0.8318,1.1605,0.9841
935,PERP,3.959,11,APEX1,False,0.9636,0.7802,0.807,0.8318,1.1605,0.9841
935,PRDX2,2.2318,12,APEX1,False,0.9636,0.7802,0.807,0.8318,1.1605,0.9841
935,KDM1A,1.1605,13,APEX1,False,0.9636,0.7802,0.807,0.8318,1.1605,0.9841
936,APEX1,8.8878,1,APEX1,True,0.8279,1.1326,0.8978,1.2105,0.8973,1.1606
936,TNFRSF10C,5.8817,2,APEX1,False,0.8279,1.1326,0.8978,1.2105,0.8973,1.1606
936,ARID5B,5.8817,2,APEX1,False,0.8279,1.1326,0.8978,1.2105,0.8973,1.1606
936,DHFR,5.3154,4,APEX1,False,0.8279,1.1326,0.8978,1.2105,0.8973,1.1606
936,BACE1,5.3154,4,APEX1,False,0.8279,1.1326,0.8978,1.2105,0.8973,1.1606
936,SEC23B,5.3154,4,APEX1,False,0.8279,1.1326,0.8978,1.2105,0.8973,1.1606
936,PADI4,4.7491,7,APEX1,False,0.8279,1.1326,0.8978,1.2105,0.8973,1.1606
936,HADHB,4.7491,7,APEX1,False,0.8279,1.1326,0.8978,1.2105,0.8973,1.1606
936,RFC4,4.7491,7,APEX1,False,0.8279,1.1326,0.8978,1.2105,0.8973,1.1606
936,SF3B3,4.7491,7,APEX1,False,0.8279,1.1326,0.8978,1.2105,0.8973,1.1606
936,PERP,4.1688,11,APEX1,False,0.8279,1.1326,0.8978,1.2105,0.8973,1.1606
936,PRDX2,1.807,12,APEX1,False,0.8279,1.1326,0.8978,1.2105,0.8973,1.1606
936,KDM1A,0.8973,13,APEX1,False,0.8279,1.1326,0.8978,1.2105,0.8973,1.1606
937,APEX1,9.1664,1,APEX1,True,1.1824,0.8887,0.979,0.995,0.8952,0.8982
937,TNFRSF10C,6.2133,2,APEX1,False,1.1824,0.8887,0.979,0.995,0.8952,0.8982
937,ARID5B,6.2133,2,APEX1,False,1.1824,0.8887,0.979,0.995,0.8952,0.8982
937,DHFR,5.769,4,APEX1,False,1.1824,0.8887,0.979,0.995,0.8952,0.8982
937,BACE1,5.769,4,APEX1,False,1.1824,0.8887,0.979,0.995,0.8952,0.8982
937,SEC23B,5.769,4,APEX1,False,1.1824,0.8887,0.979,0.995,0.8952,0.8982
937,PADI4,5.3247,7,APEX1,False,1.1824,0.8887,0.979,0.995,0.8952,0.8982
937,HADHB,5.3247,7,APEX1,False,1.1824,0.8887,0.979,0.995,0.8952,0.8982
937,RFC4,5.3247,7,APEX1,False,1.1824,0.8887,0.979,0.995,0.8952,0.8982
937,SF3B3,5.3247,7,APEX1,False,1.1824,0.8887,0.979,0.995,0.8952,0.8982
937,PERP,4.8756,11,APEX1,False,1.1824,0.8887,0.979,0.995,0.8952,0.8982
937,PRDX2,3.0369,12,APEX1,False,1.1824,0.8887,0.979,0.995,0.8952,0.8982
937,KDM1A,0.8952,13,APEX1,False,1.1824,0.8887,0.979,0.995,0.8952,0.8982
938,APEX1,8.8788,1,APEX1,True,0.863,1.1566,0.86,1.0999,1.2402,0.7947
938,TNFRSF10C,6.0589,2,APEX1,False,0.863,1.1566,0.86,1.0999,1.2402,0.7947
938,ARID5B,6.0589,2,APEX1,False,0.863,1.1566,0.86,1.0999,1.2402,0.7947
938,DHFR,5.4806,4,APEX1,False,0.863,1.1566,0.86,1.0999,1.2402,0.7947
938,BACE1,5.4806,4,APEX1,False,0.863,1.1566,0.86,1.0999,1.2402,0.7947
938,SEC23B,5.4806,4,APEX1,False,0.863,1.1566,0.86,1.0999,1.2402,0.7947
938,PADI4,4.9023,7,APEX1,False,0.863,1.1566,0.86,1.0999,1.2402,0.7947
938,HADHB,4.9023,7,APEX1,False,0.863,1.1566,0.86,1.0999,1.2402,0.7947
938,RFC4,4.9023,7,APEX1,False,0.863,1.1566,0.86,1.0999,1.2402,0.7947
938,SF3B3,4.9023,7,APEX1,False,0.863,1.1566,0.86,1.0999,1.2402,0.7947
938,PERP,4.5049,11,APEX1,False,0.863,1.1566,0.86,1.0999,1.2402,0.7947
938,PRDX2,2.2228,12,APEX1,False,0.863,1.1566,0.86,1.0999,1.2402,0.7947
938,KDM1A,1.2402,13,APEX1,False,0.863,1.1566,0.86,1.0999,1.2402,0.7947
939,APEX1,9.574,1,APEX1,True,1.2185,0.9848,0.8936,1.1771,1.102,0.7739
939,TNFRSF10C,6.6097,2,APEX1,False,1.2185,0.9848,0.8936,1.1771,1.102,0.7739
939,ARID5B,6.6097,2,APEX1,False,1.2185,0.9848,0.8936,1.1771,1.102,0.7739
939,DHFR,6.1173,4,APEX1,False,1.2185,0.9848,0.8936,1.1771,1.102,0.7739
939,BACE1,6.1173,4,APEX1,False,1.2185,0.9848,0.8936,1.1771,1.102,0.7739
939,SEC23B,6.1173,4,APEX1,False,1.2185,0.9848,0.8936,1.1771,1.102,0.7739
939,PADI4,5.6249,7,APEX1,False,1.2185,0.9848,0.8936,1.1771,1.102,0.7739
939,HADHB,5.6249,7,APEX1,False,1.2185,0.9848,0.8936,1.1771,1.102,0.7739
939,RFC4,5.6249,7,APEX1,False,1.2185,0.9848,0.8936,1.1771,1.102,0.7739
939,SF3B3,5.6249,7,APEX1,False,1.2185,0.9848,0.8936,1.1771,1.102,0.7739
939,PERP,5.238,11,APEX1,False,1.2185,0.9848,0.8936,1.1771,1.102,0.7739
939,PRDX2,3.1659,12,APEX1,False,1.2185,0.9848,0.8936,1.1771,1.102,0.7739
939,KDM1A,1.102,13,APEX1,False,1.2185,0.9848,0.8936,1.1771,1.102,0.7739
940,APEX1,8.3094,1,APEX1,True,0.7665,1.035,1.019,0.867,0.823,0.8005
940,TNFRSF10C,5.4044,2,APEX1,False,0.7665,1.035,1.019,0.867,0.823,0.8005
940,ARID5B,5.4044,2,APEX1,False,0.7665,1.035,1.019,0.867,0.823,0.8005
940,DHFR,4.8869,4,APEX1,False,0.7665,1.035,1.019,0.867,0.823,0.8005
940,BACE1,4.8869,4,APEX1,False,0.7665,1.035,1.019,0.867,0.823,0.8005
940,SEC23B,4.8869,4,APEX1,False,0.7665,1.035,1.019,0.867,0.823,0.8005
940,PADI4,4.3694,7,APEX1,False,0.7665,1.035,1.019,0.867,0.823,0.8005
940,HADHB,4.3694,7,APEX1,False,0.7665,1.035,1.019,0.867,0.823,0.8005
940,RFC4,4.3694,7,APEX1,False,0.7665,1.035,1.019,0.867,0.823,0.8005
940,SF3B3,4.3694,7,APEX1,False,0.7665,1.035,1.019,0.867,0.823,0.8005
940,PERP,3.9692,11,APEX1,False,0.7665,1.035,1.019,0.867,0.823,0.8005
940,PRDX2,2.1348,12,APEX1,False,0.7665,1.035,1.019,0.867,0.823,0.8005
940,KDM1A,0.823,13,APEX1,False,0.7665,1.035,1.019,0.867,0.823,0.8005
941,APEX1,8.9309,1,APEX1,True,0.8554,0.9567,1.204,1.0866,0.9691,0.7796
941,TNFRSF10C,5.4362,2,APEX1,False,0.8554,0.9567,1.204,1.0866,0.9691,0.7796
941,ARID5B,5.4362,2,APEX1,False,0.8554,0.9567,1.204,1.0866,0.9691,0.7796
941,DHFR,4.9579,4,APEX1,False,0.8554,0.9567,1.204,1.0866,0.9691,0.7796
941,BACE1,4.9579,4,APEX1,False,0.8554,0.9567,1.204,1.0866,0.9691,0.7796
941,SEC23B,4.9579,4,APEX1,False,0.8554,0.9567,1.204,1.0866,0.9691,0.7796
941,PADI4,4.4795,7,APEX1,False,0.8554,0.9567,1.204,1.0866,0.9691,0.7796
941,HADHB,4.4795,7,APEX1,False,0.8554,0.9567,1.204,1.0866,0.9691,0.7796
941,RFC4,4.4795,7,APEX1,False,0.8554,0.9567,1.204,1.0866,0.9691,0.7796
941,SF3B3,4.4795,7,APEX1,False,0.8554,0.9567,1.204,1.0866,0.9691,0.7796
941,PERP,4.0897,11,APEX1,False,0.8554,0.9567,1.204,1.0866,0.9691,0.7796
941,PRDX2,2.5628,12,APEX1,False,0.8554,0.9567,1.204,1.0866,0.9691,0.7796
941,KDM1A,0.9691,13,APEX1,False,0.8554,0.9567,1.204,1.0866,0.9691,0.7796
942,APEX1,9.3853,1,APEX1,True,1.2465,1.0291,0.8167,0.9252,1.0482,0.832
942,TNFRSF10C,6.8266,2,APEX1,False,1.2465,1.0291,0.8167,0.9252,1.0482,0.832
942,ARID5B,6.8266,2,APEX1,False,1.2465,1.0291,0.8167,0.9252,1.0482,0.832
942,DHFR,6.3121,4,APEX1,False,1.2465,1.0291,0.8167,0.9252,1.0482,0.832
942,BACE1,6.3121,4,APEX1,False,1.2465,1.0291,0.8167,0.9252,1.0482,0.832
942,SEC23B,6.3121,4,APEX1,False,1.2465,1.0291,0.8167,0.9252,1.0482,0.832
942,PADI4,5.7976,7,APEX1,False,1.2465,1.0291,0.8167,0.9252,1.0482,0.832
942,HADHB,5.7976,7,APEX1,False,1.2465,1.0291,0.8167,0.9252,1.0482,0.832
942,RFC4,5.7976,7,APEX1,False,1.2465,1.0291,0.8167,0.9252,1.0482,0.832
942,SF3B3,5.7976,7,APEX1,False,1.2465,1.0291,0.8167,0.9252,1.0482,0.832
942,PERP,5.3816,11,APEX1,False,1.2465,1.0291,0.8167,0.9252,1.0482,0.832
942,PRDX2,3.101,12,APEX1,False,1.2465,1.0291,0.8167,0.9252,1.0482,0.832
942,KDM1A,1.0482,13,APEX1,False,1.2465,1.0291,0.8167,0.9252,1.0482,0.832
943,APEX1,9.0267,1,APEX1,True,1.0532,0.944,1.1035,0.8282,1.2262,0.9516
943,TNFRSF10C,5.9915,2,APEX1,False,1.0532,0.944,1.1035,0.8282,1.2262,0.9516
943,ARID5B,5.9915,2,APEX1,False,1.0532,0.944,1.1035,0.8282,1.2262,0.9516
943,DHFR,5.5195,4,APEX1,False,1.0532,0.944,1.1035,0.8282,1.2262,0.9516
943,BACE1,5.5195,4,APEX1,False,1.0532,0.944,1.1035,0.8282,1.2262,0.9516
943,SEC23B,5.5195,4,APEX1,False,1.0532,0.944,1.1035,0.8282,1.2262,0.9516
943,PADI4,5.0475,7,APEX1,False,1.0532,0.944,1.1035,0.8282,1.2262,0.9516
943,HADHB,5.0475,7,APEX1,False,1.0532,0.944,1.1035,0.8282,1.2262,0.9516
943,RFC4,5.0475,7,APEX1,False,1.0532,0.944,1.1035,0.8282,1.2262,0.9516
943,SF3B3,5.0475,7,APEX1,False,1.0532,0.944,1.1035,0.8282,1.2262,0.9516
943,PERP,4.5717,11,APEX1,False,1.0532,0.944,1.1035,0.8282,1.2262,0.9516
943,PRDX2,2.7848,12,APEX1,False,1.0532,0.944,1.1035,0.8282,1.2262,0.9516
943,KDM1A,1.2262,13,APEX1,False,1.0532,0.944,1.1035,0.8282,1.2262,0.9516
944,APEX1,9.9854,1,APEX1,True,1.1812,1.235,0.9907,0.7554,0.8265,1.0534
944,TNFRSF10C,7.2487,2,APEX1,False,1.1812,1.235,0.9907,0.7554,0.8265,1.0534
944,ARID5B,7.2487,2,APEX1,False,1.1812,1.235,0.9907,0.7554,0.8265,1.0534
944,DHFR,6.6312,4,APEX1,False,1.1812,1.235,0.9907,0.7554,0.8265,1.0534
944,BACE1,6.6312,4,APEX1,False,1.1812,1.235,0.9907,0.7554,0.8265,1.0534
944,SEC23B,6.6312,4,APEX1,False,1.1812,1.235,0.9907,0.7554,0.8265,1.0534
944,PADI4,6.0137,7,APEX1,False,1.1812,1.235,0.9907,0.7554,0.8265,1.0534
944,HADHB,6.0137,7,APEX1,False,1.1812,1.235,0.9907,0.7554,0.8265,1.0534
944,RFC4,6.0137,7,APEX1,False,1.1812,1.235,0.9907,0.7554,0.8265,1.0534
944,SF3B3,6.0137,7,APEX1,False,1.1812,1.235,0.9907,0.7554,0.8265,1.0534
944,PERP,5.487,11,APEX1,False,1.1812,1.235,0.9907,0.7554,0.8265,1.0534
944,PRDX2,2.8903,12,APEX1,False,1.1812,1.235,0.9907,0.7554,0.8265,1.0534
944,KDM1A,0.8265,13,APEX1,False,1.1812,1.235,0.9907,0.7554,0.8265,1.0534
945,APEX1,9.1035,1,APEX1,True,1.1849,0.9324,0.8383,1.0751,0.9481,1.1202
945,TNFRSF10C,6.3518,2,APEX1,False,1.1849,0.9324,0.8383,1.0751,0.9481,1.1202
945,ARID5B,6.3518,2,APEX1,False,1.1849,0.9324,0.8383,1.0751,0.9481,1.1202
945,DHFR,5.8856,4,APEX1,False,1.1849,0.9324,0.8383,1.0751,0.9481,1.1202
945,BACE1,5.8856,4,APEX1,False,1.1849,0.9324,0.8383,1.0751,0.9481,1.1202
945,SEC23B,5.8856,4,APEX1,False,1.1849,0.9324,0.8383,1.0751,0.9481,1.1202
945,PADI4,5.4194,7,APEX1,False,1.1849,0.9324,0.8383,1.0751,0.9481,1.1202
945,HADHB,5.4194,7,APEX1,False,1.1849,0.9324,0.8383,1.0751,0.9481,1.1202
945,RFC4,5.4194,7,APEX1,False,1.1849,0.9324,0.8383,1.0751,0.9481,1.1202
945,SF3B3,5.4194,7,APEX1,False,1.1849,0.9324,0.8383,1.0751,0.9481,1.1202
945,PERP,4.8594,11,APEX1,False,1.1849,0.9324,0.8383,1.0751,0.9481,1.1202
945,PRDX2,2.6804,12,APEX1,False,1.1849,0.9324,0.8383,1.0751,0.9481,1.1202
945,KDM1A,0.9481,13,APEX1,False,1.1849,0.9324,0.8383,1.0751,0.9481,1.1202
946,APEX1,8.1743,1,APEX1,True,0.8919,0.7913,1.1617,0.8012,0.9648,0.7598
946,TNFRSF10C,5.0498,2,APEX1,False,0.8919,0.7913,1.1617,0.8012,0.9648,0.7598
946,ARID5B,5.0498,2,APEX1,False,0.8919,0.7913,1.1617,0.8012,0.9648,0.7598
946,DHFR,4.6541,4,APEX1,False,0.8919,0.7913,1.1617,0.8012,0.9648,0.7598
946,BACE1,4.6541,4,APEX1,False,0.8919,0.7913,1.1617,0.8012,0.9648,0.7598
946,SEC23B,4.6541,4,APEX1,False,0.8919,0.7913,1.1617,0.8012,0.9648,0.7598
946,PADI4,4.2584,7,APEX1,False,0.8919,0.7913,1.1617,0.8012,0.9648,0.7598
946,HADHB,4.2584,7,APEX1,False,0.8919,0.7913,1.1617,0.8012,0.9648,0.7598
946,RFC4,4.2584,7,APEX1,False,0.8919,0.7913,1.1617,0.8012,0.9648,0.7598
946,SF3B3,4.2584,7,APEX1,False,0.8919,0.7913,1.1617,0.8012,0.9648,0.7598
946,PERP,3.8785,11,APEX1,False,0.8919,0.7913,1.1617,0.8012,0.9648,0.7598
946,PRDX2,2.6316,12,APEX1,False,0.8919,0.7913,1.1617,0.8012,0.9648,0.7598
946,KDM1A,0.9648,13,APEX1,False,0.8919,0.7913,1.1617,0.8012,0.9648,0.7598
947,APEX1,9.0035,1,APEX1,True,0.8653,0.9068,1.2303,1.2266,0.9694,1.1849
947,TNFRSF10C,5.3163,2,APEX1,False,0.8653,0.9068,1.2303,1.2266,0.9694,1.1849
947,ARID5B,5.3163,2,APEX1,False,0.8653,0.9068,1.2303,1.2266,0.9694,1.1849
947,DHFR,4.8629,4,APEX1,False,0.8653,0.9068,1.2303,1.2266,0.9694,1.1849
947,BACE1,4.8629,4,APEX1,False,0.8653,0.9068,1.2303,1.2266,0.9694,1.1849
947,SEC23B,4.8629,4,APEX1,False,0.8653,0.9068,1.2303,1.2266,0.9694,1.1849
947,PADI4,4.4095,7,APEX1,False,0.8653,0.9068,1.2303,1.2266,0.9694,1.1849
947,HADHB,4.4095,7,APEX1,False,0.8653,0.9068,1.2303,1.2266,0.9694,1.1849
947,RFC4,4.4095,7,APEX1,False,0.8653,0.9068,1.2303,1.2266,0.9694,1.1849
947,SF3B3,4.4095,7,APEX1,False,0.8653,0.9068,1.2303,1.2266,0.9694,1.1849
947,PERP,3.817,11,APEX1,False,0.8653,0.9068,1.2303,1.2266,0.9694,1.1849
947,PRDX2,2.2086,12,APEX1,False,0.8653,0.9068,1.2303,1.2266,0.9694,1.1849
947,KDM1A,0.9694,13,APEX1,False,0.8653,0.9068,1.2303,1.2266,0.9694,1.1849
948,APEX1,8.2238,1,APEX1,True,0.9522,0.7628,1.0019,1.0751,1.1594,0.8695
948,TNFRSF10C,5.1448,2,APEX1,False,0.9522,0.7628,1.0019,1.0751,1.1594,0.8695
948,ARID5B,5.1448,2,APEX1,False,0.9522,0.7628,1.0019,1.0751,1.1594,0.8695
948,DHFR,4.7635,4,APEX1,False,0.9522,0.7628,1.0019,1.0751,1.1594,0.8695
948,BACE1,4.7635,4,APEX1,False,0.9522,0.7628,1.0019,1.0751,1.1594,0.8695
948,SEC23B,4.7635,4,APEX1,False,0.9522,0.7628,1.0019,1.0751,1.1594,0.8695
948,PADI4,4.3821,7,APEX1,False,0.9522,0.7628,1.0019,1.0751,1.1594,0.8695
948,HADHB,4.3821,7,APEX1,False,0.9522,0.7628,1.0019,1.0751,1.1594,0.8695
948,RFC4,4.3821,7,APEX1,False,0.9522,0.7628,1.0019,1.0751,1.1594,0.8695
948,SF3B3,4.3821,7,APEX1,False,0.9522,0.7628,1.0019,1.0751,1.1594,0.8695
948,PERP,3.9473,11,APEX1,False,0.9522,0.7628,1.0019,1.0751,1.1594,0.8695
948,PRDX2,2.5129,12,APEX1,False,0.9522,0.7628,1.0019,1.0751,1.1594,0.8695
948,KDM1A,1.1594,13,APEX1,False,0.9522,0.7628,1.0019,1.0751,1.1594,0.8695
949,APEX1,8.0785,1,APEX1,True,1.0763,0.8063,0.7895,0.8515,1.1588,1.203
949,TNFRSF10C,5.6479,2,APEX1,False,1.0763,0.8063,0.7895,0.8515,1.1588,1.203
949,ARID5B,5.6479,2,APEX1,False,1.0763,0.8063,0.7895,0.8515,1.1588,1.203
949,DHFR,5.2448,4,APEX1,False,1.0763,0.8063,0.7895,0.8515,1.1588,1.203
949,BACE1,5.2448,4,APEX1,False,1.0763,0.8063,0.7895,0.8515,1.1588,1.203
949,SEC23B,5.2448,4,APEX1,False,1.0763,0.8063,0.7895,0.8515,1.1588,1.203
949,PADI4,4.8416,7,APEX1,False,1.0763,0.8063,0.7895,0.8515,1.1588,1.203
949,HADHB,4.8416,7,APEX1,False,1.0763,0.8063,0.7895,0.8515,1.1588,1.203
949,RFC4,4.8416,7,APEX1,False,1.0763,0.8063,0.7895,0.8515,1.1588,1.203
949,SF3B3,4.8416,7,APEX1,False,1.0763,0.8063,0.7895,0.8515,1.1588,1.203
949,PERP,4.2401,11,APEX1,False,1.0763,0.8063,0.7895,0.8515,1.1588,1.203
949,PRDX2,2.2773,12,APEX1,False,1.0763,0.8063,0.7895,0.8515,1.1588,1.203
949,KDM1A,1.1588,13,APEX1,False,1.0763,0.8063,0.7895,0.8515,1.1588,1.203
950,APEX1,8.9178,1,APEX1,True,1.1088,0.8375,0.9554,1.1681,0.8637,1.2193
950,TNFRSF10C,5.8388,2,APEX1,False,1.1088,0.8375,0.9554,1.1681,0.8637,1.2193
950,ARID5B,5.8388,2,APEX1,False,1.1088,0.8375,0.9554,1.1681,0.8637,1.2193
950,DHFR,5.42,4,APEX1,False,1.1088,0.8375,0.9554,1.1681,0.8637,1.2193
950,BACE1,5.42,4,APEX1,False,1.1088,0.8375,0.9554,1.1681,0.8637,1.2193
950,SEC23B,5.42,4,APEX1,False,1.1088,0.8375,0.9554,1.1681,0.8637,1.2193
950,PADI4,5.0013,7,APEX1,False,1.1088,0.8375,0.9554,1.1681,0.8637,1.2193
950,HADHB,5.0013,7,APEX1,False,1.1088,0.8375,0.9554,1.1681,0.8637,1.2193
950,RFC4,5.0013,7,APEX1,False,1.1088,0.8375,0.9554,1.1681,0.8637,1.2193
950,SF3B3,5.0013,7,APEX1,False,1.1088,0.8375,0.9554,1.1681,0.8637,1.2193
950,PERP,4.3916,11,APEX1,False,1.1088,0.8375,0.9554,1.1681,0.8637,1.2193
950,PRDX2,2.508,12,APEX1,False,1.1088,0.8375,0.9554,1.1681,0.8637,1.2193
950,KDM1A,0.8637,13,APEX1,False,1.1088,0.8375,0.9554,1.1681,0.8637,1.2193
951,APEX1,8.8017,1,APEX1,True,0.9848,1.0865,0.8011,0.9858,1.1755,0.7656
951,TNFRSF10C,6.2138,2,APEX1,False,0.9848,1.0865,0.8011,0.9858,1.1755,0.7656
951,ARID5B,6.2138,2,APEX1,False,0.9848,1.0865,0.8011,0.9858,1.1755,0.7656
951,DHFR,5.6705,4,APEX1,False,0.9848,1.0865,0.8011,0.9858,1.1755,0.7656
951,BACE1,5.6705,4,APEX1,False,0.9848,1.0865,0.8011,0.9858,1.1755,0.7656
951,SEC23B,5.6705,4,APEX1,False,0.9848,1.0865,0.8011,0.9858,1.1755,0.7656
951,PADI4,5.1273,7,APEX1,False,0.9848,1.0865,0.8011,0.9858,1.1755,0.7656
951,HADHB,5.1273,7,APEX1,False,0.9848,1.0865,0.8011,0.9858,1.1755,0.7656
951,RFC4,5.1273,7,APEX1,False,0.9848,1.0865,0.8011,0.9858,1.1755,0.7656
951,SF3B3,5.1273,7,APEX1,False,0.9848,1.0865,0.8011,0.9858,1.1755,0.7656
951,PERP,4.7445,11,APEX1,False,0.9848,1.0865,0.8011,0.9858,1.1755,0.7656
951,PRDX2,2.4974,12,APEX1,False,0.9848,1.0865,0.8011,0.9858,1.1755,0.7656
951,KDM1A,1.1755,13,APEX1,False,0.9848,1.0865,0.8011,0.9858,1.1755,0.7656
952,APEX1,8.0201,1,APEX1,True,0.7685,1.027,0.7696,1.0942,0.8012,1.183
952,TNFRSF10C,5.3867,2,APEX1,False,0.7685,1.027,0.7696,1.0942,0.8012,1.183
952,ARID5B,5.3867,2,APEX1,False,0.7685,1.027,0.7696,1.0942,0.8012,1.183
952,DHFR,4.8732,4,APEX1,False,0.7685,1.027,0.7696,1.0942,0.8012,1.183
952,BACE1,4.8732,4,APEX1,False,0.7685,1.027,0.7696,1.0942,0.8012,1.183
952,SEC23B,4.8732,4,APEX1,False,0.7685,1.027,0.7696,1.0942,0.8012,1.183
952,PADI4,4.3596,7,APEX1,False,0.7685,1.027,0.7696,1.0942,0.8012,1.183
952,HADHB,4.3596,7,APEX1,False,0.7685,1.027,0.7696,1.0942,0.8012,1.183
952,RFC4,4.3596,7,APEX1,False,0.7685,1.027,0.7696,1.0942,0.8012,1.183
952,SF3B3,4.3596,7,APEX1,False,0.7685,1.027,0.7696,1.0942,0.8012,1.183
952,PERP,3.7681,11,APEX1,False,0.7685,1.027,0.7696,1.0942,0.8012,1.183
952,PRDX2,1.5079,12,APEX1,False,0.7685,1.027,0.7696,1.0942,0.8012,1.183
952,KDM1A,0.8012,13,APEX1,False,0.7685,1.027,0.7696,1.0942,0.8012,1.183
953,APEX1,9.4109,1,APEX1,True,1.1686,0.9291,1.1806,0.7563,1.0113,0.7567
953,TNFRSF10C,6.2934,2,APEX1,False,1.1686,0.9291,1.1806,0.7563,1.0113,0.7567
953,ARID5B,6.2934,2,APEX1,False,1.1686,0.9291,1.1806,0.7563,1.0113,0.7567
953,DHFR,5.8288,4,APEX1,False,1.1686,0.9291,1.1806,0.7563,1.0113,0.7567
953,BACE1,5.8288,4,APEX1,False,1.1686,0.9291,1.1806,0.7563,1.0113,0.7567
953,SEC23B,5.8288,4,APEX1,False,1.1686,0.9291,1.1806,0.7563,1.0113,0.7567
953,PADI4,5.3642,7,APEX1,False,1.1686,0.9291,1.1806,0.7563,1.0113,0.7567
953,HADHB,5.3642,7,APEX1,False,1.1686,0.9291,1.1806,0.7563,1.0113,0.7567
953,RFC4,5.3642,7,APEX1,False,1.1686,0.9291,1.1806,0.7563,1.0113,0.7567
953,SF3B3,5.3642,7,APEX1,False,1.1686,0.9291,1.1806,0.7563,1.0113,0.7567
953,PERP,4.9859,11,APEX1,False,1.1686,0.9291,1.1806,0.7563,1.0113,0.7567
953,PRDX2,3.3455,12,APEX1,False,1.1686,0.9291,1.1806,0.7563,1.0113,0.7567
953,KDM1A,1.0113,13,APEX1,False,1.1686,0.9291,1.1806,0.7563,1.0113,0.7567
954,APEX1,9.7805,1,APEX1,True,1.1105,1.107,1.1161,0.8958,0.848,1.1132
954,TNFRSF10C,6.6525,2,APEX1,False,1.1105,1.107,1.1161,0.8958,0.848,1.1132
954,ARID5B,6.6525,2,APEX1,False,1.1105,1.107,1.1161,0.8958,0.848,1.1132
954,DHFR,6.099,4,APEX1,False,1.1105,1.107,1.1161,0.8958,0.848,1.1132
954,BACE1,6.099,4,APEX1,False,1.1105,1.107,1.1161,0.8958,0.848,1.1132
954,SEC23B,6.099,4,APEX1,False,1.1105,1.107,1.1161,0.8958,0.848,1.1132
954,PADI4,5.5455,7,APEX1,False,1.1105,1.107,1.1161,0.8958,0.848,1.1132
954,HADHB,5.5455,7,APEX1,False,1.1105,1.107,1.1161,0.8958,0.848,1.1132
954,RFC4,5.5455,7,APEX1,False,1.1105,1.107,1.1161,0.8958,0.848,1.1132
954,SF3B3,5.5455,7,APEX1,False,1.1105,1.107,1.1161,0.8958,0.848,1.1132
954,PERP,4.9889,11,APEX1,False,1.1105,1.107,1.1161,0.8958,0.848,1.1132
954,PRDX2,2.779,12,APEX1,False,1.1105,1.107,1.1161,0.8958,0.848,1.1132
954,KDM1A,0.848,13,APEX1,False,1.1105,1.107,1.1161,0.8958,0.848,1.1132
955,APEX1,8.6797,1,APEX1,True,0.9879,1.0293,0.8456,0.9369,1.0901,0.9331
955,TNFRSF10C,6.0516,2,APEX1,False,0.9879,1.0293,0.8456,0.9369,1.0901,0.9331
955,ARID5B,6.0516,2,APEX1,False,0.9879,1.0293,0.8456,0.9369,1.0901,0.9331
955,DHFR,5.537,4,APEX1,False,0.9879,1.0293,0.8456,0.9369,1.0901,0.9331
955,BACE1,5.537,4,APEX1,False,0.9879,1.0293,0.8456,0.9369,1.0901,0.9331
955,SEC23B,5.537,4,APEX1,False,0.9879,1.0293,0.8456,0.9369,1.0901,0.9331
955,PADI4,5.0223,7,APEX1,False,0.9879,1.0293,0.8456,0.9369,1.0901,0.9331
955,HADHB,5.0223,7,APEX1,False,0.9879,1.0293,0.8456,0.9369,1.0901,0.9331
955,RFC4,5.0223,7,APEX1,False,0.9879,1.0293,0.8456,0.9369,1.0901,0.9331
955,SF3B3,5.0223,7,APEX1,False,0.9879,1.0293,0.8456,0.9369,1.0901,0.9331
955,PERP,4.5558,11,APEX1,False,0.9879,1.0293,0.8456,0.9369,1.0901,0.9331
955,PRDX2,2.3824,12,APEX1,False,0.9879,1.0293,0.8456,0.9369,1.0901,0.9331
955,KDM1A,1.0901,13,APEX1,False,0.9879,1.0293,0.8456,0.9369,1.0901,0.9331
956,APEX1,9.6257,1,APEX1,True,0.8246,1.1791,1.2084,1.1979,1.209,0.8838
956,TNFRSF10C,6.011,2,APEX1,False,0.8246,1.1791,1.2084,1.1979,1.209,0.8838
956,ARID5B,6.011,2,APEX1,False,0.8246,1.1791,1.2084,1.1979,1.209,0.8838
956,DHFR,5.4215,4,APEX1,False,0.8246,1.1791,1.2084,1.1979,1.209,0.8838
956,BACE1,5.4215,4,APEX1,False,0.8246,1.1791,1.2084,1.1979,1.209,0.8838
956,SEC23B,5.4215,4,APEX1,False,0.8246,1.1791,1.2084,1.1979,1.209,0.8838
956,PADI4,4.832,7,APEX1,False,0.8246,1.1791,1.2084,1.1979,1.209,0.8838
956,HADHB,4.832,7,APEX1,False,0.8246,1.1791,1.2084,1.1979,1.209,0.8838
956,RFC4,4.832,7,APEX1,False,0.8246,1.1791,1.2084,1.1979,1.209,0.8838
956,SF3B3,4.832,7,APEX1,False,0.8246,1.1791,1.2084,1.1979,1.209,0.8838
956,PERP,4.3901,11,APEX1,False,0.8246,1.1791,1.2084,1.1979,1.209,0.8838
956,PRDX2,2.3861,12,APEX1,False,0.8246,1.1791,1.2084,1.1979,1.209,0.8838
956,KDM1A,1.209,13,APEX1,False,0.8246,1.1791,1.2084,1.1979,1.209,0.8838
957,APEX1,8.8071,1,APEX1,True,1.0778,0.7962,1.0921,1.0011,1.0452,0.9377
957,TNFRSF10C,5.6219,2,APEX1,False,1.0778,0.7962,1.0921,1.0011,1.0452,0.9377
957,ARID5B,5.6219,2,APEX1,False,1.0778,0.7962,1.0921,1.0011,1.0452,0.9377
957,DHFR,5.2238,4,APEX1,False,1.0778,0.7962,1.0921,1.0011,1.0452,0.9377
957,BACE1,5.2238,4,APEX1,False,1.0778,0.7962,1.0921,1.0011,1.0452,0.9377
957,SEC23B,5.2238,4,APEX1,False,1.0778,0.7962,1.0921,1.0011,1.0452,0.9377
957,PADI4,4.8257,7,APEX1,False,1.0778,0.7962,1.0921,1.0011,1.0452,0.9377
957,HADHB,4.8257,7,APEX1,False,1.0778,0.7962,1.0921,1.0011,1.0452,0.9377
957,RFC4,4.8257,7,APEX1,False,1.0778,0.7962,1.0921,1.0011,1.0452,0.9377
957,SF3B3,4.8257,7,APEX1,False,1.0778,0.7962,1.0921,1.0011,1.0452,0.9377
957,PERP,4.3569,11,APEX1,False,1.0778,0.7962,1.0921,1.0011,1.0452,0.9377
957,PRDX2,2.8489,12,APEX1,False,1.0778,0.7962,1.0921,1.0011,1.0452,0.9377
957,KDM1A,1.0452,13,APEX1,False,1.0778,0.7962,1.0921,1.0011,1.0452,0.9377
958,APEX1,9.2974,1,APEX1,True,1.2003,0.8987,1.1095,0.7815,1.1469,1.1737
958,TNFRSF10C,6.2968,2,APEX1,False,1.2003,0.8987,1.1095,0.7815,1.1469,1.1737
958,ARID5B,6.2968,2,APEX1,False,1.2003,0.8987,1.1095,0.7815,1.1469,1.1737
958,DHFR,5.8475,4,APEX1,False,1.2003,0.8987,1.1095,0.7815,1.1469,1.1737
958,BACE1,5.8475,4,APEX1,False,1.2003,0.8987,1.1095,0.7815,1.1469,1.1737
958,SEC23B,5.8475,4,APEX1,False,1.2003,0.8987,1.1095,0.7815,1.1469,1.1737
958,PADI4,5.3981,7,APEX1,False,1.2003,0.8987,1.1095,0.7815,1.1469,1.1737
958,HADHB,5.3981,7,APEX1,False,1.2003,0.8987,1.1095,0.7815,1.1469,1.1737
958,RFC4,5.3981,7,APEX1,False,1.2003,0.8987,1.1095,0.7815,1.1469,1.1737
958,SF3B3,5.3981,7,APEX1,False,1.2003,0.8987,1.1095,0.7815,1.1469,1.1737
958,PERP,4.8113,11,APEX1,False,1.2003,0.8987,1.1095,0.7815,1.1469,1.1737
958,PRDX2,2.9365,12,APEX1,False,1.2003,0.8987,1.1095,0.7815,1.1469,1.1737
958,KDM1A,1.1469,13,APEX1,False,1.2003,0.8987,1.1095,0.7815,1.1469,1.1737
959,APEX1,8.8379,1,APEX1,True,1.0038,0.8686,1.1222,0.9763,1.0376,0.86
959,TNFRSF10C,5.6173,2,APEX1,False,1.0038,0.8686,1.1222,0.9763,1.0376,0.86
959,ARID5B,5.6173,2,APEX1,False,1.0038,0.8686,1.1222,0.9763,1.0376,0.86
959,DHFR,5.183,4,APEX1,False,1.0038,0.8686,1.1222,0.9763,1.0376,0.86
959,BACE1,5.183,4,APEX1,False,1.0038,0.8686,1.1222,0.9763,1.0376,0.86
959,SEC23B,5.183,4,APEX1,False,1.0038,0.8686,1.1222,0.9763,1.0376,0.86
959,PADI4,4.7487,7,APEX1,False,1.0038,0.8686,1.1222,0.9763,1.0376,0.86
959,HADHB,4.7487,7,APEX1,False,1.0038,0.8686,1.1222,0.9763,1.0376,0.86
959,RFC4,4.7487,7,APEX1,False,1.0038,0.8686,1.1222,0.9763,1.0376,0.86
959,SF3B3,4.7487,7,APEX1,False,1.0038,0.8686,1.1222,0.9763,1.0376,0.86
959,PERP,4.3186,11,APEX1,False,1.0038,0.8686,1.1222,0.9763,1.0376,0.86
959,PRDX2,2.7717,12,APEX1,False,1.0038,0.8686,1.1222,0.9763,1.0376,0.86
959,KDM1A,1.0376,13,APEX1,False,1.0038,0.8686,1.1222,0.9763,1.0376,0.86
960,APEX1,9.4554,1,APEX1,True,1.0506,1.1111,1.0154,0.9396,0.7628,0.8803
960,TNFRSF10C,6.485,2,APEX1,False,1.0506,1.1111,1.0154,0.9396,0.7628,0.8803
960,ARID5B,6.485,2,APEX1,False,1.0506,1.1111,1.0154,0.9396,0.7628,0.8803
960,DHFR,5.9295,4,APEX1,False,1.0506,1.1111,1.0154,0.9396,0.7628,0.8803
960,BACE1,5.9295,4,APEX1,False,1.0506,1.1111,1.0154,0.9396,0.7628,0.8803
960,SEC23B,5.9295,4,APEX1,False,1.0506,1.1111,1.0154,0.9396,0.7628,0.8803
960,PADI4,5.3739,7,APEX1,False,1.0506,1.1111,1.0154,0.9396,0.7628,0.8803
960,HADHB,5.3739,7,APEX1,False,1.0506,1.1111,1.0154,0.9396,0.7628,0.8803
960,RFC4,5.3739,7,APEX1,False,1.0506,1.1111,1.0154,0.9396,0.7628,0.8803
960,SF3B3,5.3739,7,APEX1,False,1.0506,1.1111,1.0154,0.9396,0.7628,0.8803
960,PERP,4.9338,11,APEX1,False,1.0506,1.1111,1.0154,0.9396,0.7628,0.8803
960,PRDX2,2.7615,12,APEX1,False,1.0506,1.1111,1.0154,0.9396,0.7628,0.8803
960,KDM1A,0.7628,13,APEX1,False,1.0506,1.1111,1.0154,0.9396,0.7628,0.8803
961,APEX1,10.5603,1,APEX1,True,1.2066,1.1963,1.2005,0.9508,0.755,0.9541
961,TNFRSF10C,7.2086,2,APEX1,False,1.2066,1.1963,1.2005,0.9508,0.755,0.9541
961,ARID5B,7.2086,2,APEX1,False,1.2066,1.1963,1.2005,0.9508,0.755,0.9541
961,DHFR,6.6105,4,APEX1,False,1.2066,1.1963,1.2005,0.9508,0.755,0.9541
961,BACE1,6.6105,4,APEX1,False,1.2066,1.1963,1.2005,0.9508,0.755,0.9541
961,SEC23B,6.6105,4,APEX1,False,1.2066,1.1963,1.2005,0.9508,0.755,0.9541
961,PADI4,6.0123,7,APEX1,False,1.2066,1.1963,1.2005,0.9508,0.755,0.9541
961,HADHB,6.0123,7,APEX1,False,1.2066,1.1963,1.2005,0.9508,0.755,0.9541
961,RFC4,6.0123,7,APEX1,False,1.2066,1.1963,1.2005,0.9508,0.755,0.9541
961,SF3B3,6.0123,7,APEX1,False,1.2066,1.1963,1.2005,0.9508,0.755,0.9541
961,PERP,5.5353,11,APEX1,False,1.2066,1.1963,1.2005,0.9508,0.755,0.9541
961,PRDX2,3.2629,12,APEX1,False,1.2066,1.1963,1.2005,0.9508,0.755,0.9541
961,KDM1A,0.755,13,APEX1,False,1.2066,1.1963,1.2005,0.9508,0.755,0.9541
962,APEX1,8.4439,1,APEX1,True,1.0052,0.7536,0.97,1.2272,0.9692,0.7811
962,TNFRSF10C,5.2766,2,APEX1,False,1.0052,0.7536,0.97,1.2272,0.9692,0.7811
962,ARID5B,5.2766,2,APEX1,False,1.0052,0.7536,0.97,1.2272,0.9692,0.7811
962,DHFR,4.8998,4,APEX1,False,1.0052,0.7536,0.97,1.2272,0.9692,0.7811
962,BACE1,4.8998,4,APEX1,False,1.0052,0.7536,0.97,1.2272,0.9692,0.7811
962,SEC23B,4.8998,4,APEX1,False,1.0052,0.7536,0.97,1.2272,0.9692,0.7811
962,PADI4,4.523,7,APEX1,False,1.0052,0.7536,0.97,1.2272,0.9692,0.7811
962,HADHB,4.523,7,APEX1,False,1.0052,0.7536,0.97,1.2272,0.9692,0.7811
962,RFC4,4.523,7,APEX1,False,1.0052,0.7536,0.97,1.2272,0.9692,0.7811
962,SF3B3,4.523,7,APEX1,False,1.0052,0.7536,0.97,1.2272,0.9692,0.7811
962,PERP,4.1324,11,APEX1,False,1.0052,0.7536,0.97,1.2272,0.9692,0.7811
962,PRDX2,2.702,12,APEX1,False,1.0052,0.7536,0.97,1.2272,0.9692,0.7811
962,KDM1A,0.9692,13,APEX1,False,1.0052,0.7536,0.97,1.2272,0.9692,0.7811
963,APEX1,8.1206,1,APEX1,True,1.0126,0.8039,0.9061,0.859,1.2203,0.8965
963,TNFRSF10C,5.4494,2,APEX1,False,1.0126,0.8039,0.9061,0.859,1.2203,0.8965
963,ARID5B,5.4494,2,APEX1,False,1.0126,0.8039,0.9061,0.859,1.2203,0.8965
963,DHFR,5.0474,4,APEX1,False,1.0126,0.8039,0.9061,0.859,1.2203,0.8965
963,BACE1,5.0474,4,APEX1,False,1.0126,0.8039,0.9061,0.859,1.2203,0.8965
963,SEC23B,5.0474,4,APEX1,False,1.0126,0.8039,0.9061,0.859,1.2203,0.8965
963,PADI4,4.6455,7,APEX1,False,1.0126,0.8039,0.9061,0.859,1.2203,0.8965
963,HADHB,4.6455,7,APEX1,False,1.0126,0.8039,0.9061,0.859,1.2203,0.8965
963,RFC4,4.6455,7,APEX1,False,1.0126,0.8039,0.9061,0.859,1.2203,0.8965
963,SF3B3,4.6455,7,APEX1,False,1.0126,0.8039,0.9061,0.859,1.2203,0.8965
963,PERP,4.1972,11,APEX1,False,1.0126,0.8039,0.9061,0.859,1.2203,0.8965
963,PRDX2,2.541,12,APEX1,False,1.0126,0.8039,0.9061,0.859,1.2203,0.8965
963,KDM1A,1.2203,13,APEX1,False,1.0126,0.8039,0.9061,0.859,1.2203,0.8965
964,APEX1,8.2293,1,APEX1,True,0.8995,0.8785,1.0691,0.757,0.8171,1.1439
964,TNFRSF10C,5.334,2,APEX1,False,0.8995,0.8785,1.0691,0.757,0.8171,1.1439
964,ARID5B,5.334,2,APEX1,False,0.8995,0.8785,1.0691,0.757,0.8171,1.1439
964,DHFR,4.8948,4,APEX1,False,0.8995,0.8785,1.0691,0.757,0.8171,1.1439
964,BACE1,4.8948,4,APEX1,False,0.8995,0.8785,1.0691,0.757,0.8171,1.1439
964,SEC23B,4.8948,4,APEX1,False,0.8995,0.8785,1.0691,0.757,0.8171,1.1439
964,PADI4,4.4555,7,APEX1,False,0.8995,0.8785,1.0691,0.757,0.8171,1.1439
964,HADHB,4.4555,7,APEX1,False,0.8995,0.8785,1.0691,0.757,0.8171,1.1439
964,RFC4,4.4555,7,APEX1,False,0.8995,0.8785,1.0691,0.757,0.8171,1.1439
964,SF3B3,4.4555,7,APEX1,False,0.8995,0.8785,1.0691,0.757,0.8171,1.1439
964,PERP,3.8836,11,APEX1,False,0.8995,0.8785,1.0691,0.757,0.8171,1.1439
964,PRDX2,2.174,12,APEX1,False,0.8995,0.8785,1.0691,0.757,0.8171,1.1439
964,KDM1A,0.8171,13,APEX1,False,0.8995,0.8785,1.0691,0.757,0.8171,1.1439
965,APEX1,9.7277,1,APEX1,True,1.0016,1.1648,1.1514,0.9257,1.1394,1.1956
965,TNFRSF10C,6.4993,2,APEX1,False,1.0016,1.1648,1.1514,0.9257,1.1394,1.1956
965,ARID5B,6.4993,2,APEX1,False,1.0016,1.1648,1.1514,0.9257,1.1394,1.1956
965,DHFR,5.9169,4,APEX1,False,1.0016,1.1648,1.1514,0.9257,1.1394,1.1956
965,BACE1,5.9169,4,APEX1,False,1.0016,1.1648,1.1514,0.9257,1.1394,1.1956
965,SEC23B,5.9169,4,APEX1,False,1.0016,1.1648,1.1514,0.9257,1.1394,1.1956
965,PADI4,5.3345,7,APEX1,False,1.0016,1.1648,1.1514,0.9257,1.1394,1.1956
965,HADHB,5.3345,7,APEX1,False,1.0016,1.1648,1.1514,0.9257,1.1394,1.1956
965,RFC4,5.3345,7,APEX1,False,1.0016,1.1648,1.1514,0.9257,1.1394,1.1956
965,SF3B3,5.3345,7,APEX1,False,1.0016,1.1648,1.1514,0.9257,1.1394,1.1956
965,PERP,4.7367,11,APEX1,False,1.0016,1.1648,1.1514,0.9257,1.1394,1.1956
965,PRDX2,2.4598,12,APEX1,False,1.0016,1.1648,1.1514,0.9257,1.1394,1.1956
965,KDM1A,1.1394,13,APEX1,False,1.0016,1.1648,1.1514,0.9257,1.1394,1.1956
966,APEX1,8.9691,1,APEX1,True,0.7641,1.081,1.2046,1.0244,0.7694,1.2257
966,TNFRSF10C,5.5355,2,APEX1,False,0.7641,1.081,1.2046,1.0244,0.7694,1.2257
966,ARID5B,5.5355,2,APEX1,False,0.7641,1.081,1.2046,1.0244,0.7694,1.2257
966,DHFR,4.995,4,APEX1,False,0.7641,1.081,1.2046,1.0244,0.7694,1.2257
966,BACE1,4.995,4,APEX1,False,0.7641,1.081,1.2046,1.0244,0.7694,1.2257
966,SEC23B,4.995,4,APEX1,False,0.7641,1.081,1.2046,1.0244,0.7694,1.2257
966,PADI4,4.4545,7,APEX1,False,0.7641,1.081,1.2046,1.0244,0.7694,1.2257
966,HADHB,4.4545,7,APEX1,False,0.7641,1.081,1.2046,1.0244,0.7694,1.2257
966,RFC4,4.4545,7,APEX1,False,0.7641,1.081,1.2046,1.0244,0.7694,1.2257
966,SF3B3,4.4545,7,APEX1,False,0.7641,1.081,1.2046,1.0244,0.7694,1.2257
966,PERP,3.8416,11,APEX1,False,0.7641,1.081,1.2046,1.0244,0.7694,1.2257
966,PRDX2,1.8892,12,APEX1,False,0.7641,1.081,1.2046,1.0244,0.7694,1.2257
966,KDM1A,0.7694,13,APEX1,False,0.7641,1.081,1.2046,1.0244,0.7694,1.2257
967,APEX1,9.7469,1,APEX1,True,1.233,1.0063,0.9304,1.168,0.9476,0.9039
967,TNFRSF10C,6.718,2,APEX1,False,1.233,1.0063,0.9304,1.168,0.9476,0.9039
967,ARID5B,6.718,2,APEX1,False,1.233,1.0063,0.9304,1.168,0.9476,0.9039
967,DHFR,6.2148,4,APEX1,False,1.233,1.0063,0.9304,1.168,0.9476,0.9039
967,BACE1,6.2148,4,APEX1,False,1.233,1.0063,0.9304,1.168,0.9476,0.9039
967,SEC23B,6.2148,4,APEX1,False,1.233,1.0063,0.9304,1.168,0.9476,0.9039
967,PADI4,5.7116,7,APEX1,False,1.233,1.0063,0.9304,1.168,0.9476,0.9039
967,HADHB,5.7116,7,APEX1,False,1.233,1.0063,0.9304,1.168,0.9476,0.9039
967,RFC4,5.7116,7,APEX1,False,1.233,1.0063,0.9304,1.168,0.9476,0.9039
967,SF3B3,5.7116,7,APEX1,False,1.233,1.0063,0.9304,1.168,0.9476,0.9039
967,PERP,5.2597,11,APEX1,False,1.233,1.0063,0.9304,1.168,0.9476,0.9039
967,PRDX2,3.109,12,APEX1,False,1.233,1.0063,0.9304,1.168,0.9476,0.9039
967,KDM1A,0.9476,13,APEX1,False,1.233,1.0063,0.9304,1.168,0.9476,0.9039
968,APEX1,8.6346,1,APEX1,True,1.0247,0.7667,1.2486,0.7632,0.8599,1.0994
968,TNFRSF10C,5.3742,2,APEX1,False,1.0247,0.7667,1.2486,0.7632,0.8599,1.0994
968,ARID5B,5.3742,2,APEX1,False,1.0247,0.7667,1.2486,0.7632,0.8599,1.0994
968,DHFR,4.9909,4,APEX1,False,1.0247,0.7667,1.2486,0.7632,0.8599,1.0994
968,BACE1,4.9909,4,APEX1,False,1.0247,0.7667,1.2486,0.7632,0.8599,1.0994
968,SEC23B,4.9909,4,APEX1,False,1.0247,0.7667,1.2486,0.7632,0.8599,1.0994
968,PADI4,4.6075,7,APEX1,False,1.0247,0.7667,1.2486,0.7632,0.8599,1.0994
968,HADHB,4.6075,7,APEX1,False,1.0247,0.7667,1.2486,0.7632,0.8599,1.0994
968,RFC4,4.6075,7,APEX1,False,1.0247,0.7667,1.2486,0.7632,0.8599,1.0994
968,SF3B3,4.6075,7,APEX1,False,1.0247,0.7667,1.2486,0.7632,0.8599,1.0994
968,PERP,4.0578,11,APEX1,False,1.0247,0.7667,1.2486,0.7632,0.8599,1.0994
968,PRDX2,2.7111,12,APEX1,False,1.0247,0.7667,1.2486,0.7632,0.8599,1.0994
968,KDM1A,0.8599,13,APEX1,False,1.0247,0.7667,1.2486,0.7632,0.8599,1.0994
969,APEX1,8.5345,1,APEX1,True,1.0383,0.8161,0.8676,1.2359,0.9896,0.8892
969,TNFRSF10C,5.5634,2,APEX1,False,1.0383,0.8161,0.8676,1.2359,0.9896,0.8892
969,ARID5B,5.5634,2,APEX1,False,1.0383,0.8161,0.8676,1.2359,0.9896,0.8892
969,DHFR,5.1553,4,APEX1,False,1.0383,0.8161,0.8676,1.2359,0.9896,0.8892
969,BACE1,5.1553,4,APEX1,False,1.0383,0.8161,0.8676,1.2359,0.9896,0.8892
969,SEC23B,5.1553,4,APEX1,False,1.0383,0.8161,0.8676,1.2359,0.9896,0.8892
969,PADI4,4.7473,7,APEX1,False,1.0383,0.8161,0.8676,1.2359,0.9896,0.8892
969,HADHB,4.7473,7,APEX1,False,1.0383,0.8161,0.8676,1.2359,0.9896,0.8892
969,RFC4,4.7473,7,APEX1,False,1.0383,0.8161,0.8676,1.2359,0.9896,0.8892
969,SF3B3,4.7473,7,APEX1,False,1.0383,0.8161,0.8676,1.2359,0.9896,0.8892
969,PERP,4.3026,11,APEX1,False,1.0383,0.8161,0.8676,1.2359,0.9896,0.8892
969,PRDX2,2.5742,12,APEX1,False,1.0383,0.8161,0.8676,1.2359,0.9896,0.8892
969,KDM1A,0.9896,13,APEX1,False,1.0383,0.8161,0.8676,1.2359,0.9896,0.8892
970,APEX1,10.8793,1,APEX1,True,1.1849,1.2361,1.2267,1.1628,0.9791,0.8608
970,TNFRSF10C,7.263,2,APEX1,False,1.1849,1.2361,1.2267,1.1628,0.9791,0.8608
970,ARID5B,7.263,2,APEX1,False,1.1849,1.2361,1.2267,1.1628,0.9791,0.8608
970,DHFR,6.645,4,APEX1,False,1.1849,1.2361,1.2267,1.1628,0.9791,0.8608
970,BACE1,6.645,4,APEX1,False,1.1849,1.2361,1.2267,1.1628,0.9791,0.8608
970,SEC23B,6.645,4,APEX1,False,1.1849,1.2361,1.2267,1.1628,0.9791,0.8608
970,PADI4,6.0269,7,APEX1,False,1.1849,1.2361,1.2267,1.1628,0.9791,0.8608
970,HADHB,6.0269,7,APEX1,False,1.1849,1.2361,1.2267,1.1628,0.9791,0.8608
970,RFC4,6.0269,7,APEX1,False,1.1849,1.2361,1.2267,1.1628,0.9791,0.8608
970,SF3B3,6.0269,7,APEX1,False,1.1849,1.2361,1.2267,1.1628,0.9791,0.8608
970,PERP,5.5965,11,APEX1,False,1.1849,1.2361,1.2267,1.1628,0.9791,0.8608
970,PRDX2,3.3282,12,APEX1,False,1.1849,1.2361,1.2267,1.1628,0.9791,0.8608
970,KDM1A,0.9791,13,APEX1,False,1.1849,1.2361,1.2267,1.1628,0.9791,0.8608
971,APEX1,10.2703,1,APEX1,True,1.1946,1.1702,1.0162,1.1435,1.1862,0.9585
971,TNFRSF10C,7.0944,2,APEX1,False,1.1946,1.1702,1.0162,1.1435,1.1862,0.9585
971,ARID5B,7.0944,2,APEX1,False,1.1946,1.1702,1.0162,1.1435,1.1862,0.9585
971,DHFR,6.5093,4,APEX1,False,1.1946,1.1702,1.0162,1.1435,1.1862,0.9585
971,BACE1,6.5093,4,APEX1,False,1.1946,1.1702,1.0162,1.1435,1.1862,0.9585
971,SEC23B,6.5093,4,APEX1,False,1.1946,1.1702,1.0162,1.1435,1.1862,0.9585
971,PADI4,5.9242,7,APEX1,False,1.1946,1.1702,1.0162,1.1435,1.1862,0.9585
971,HADHB,5.9242,7,APEX1,False,1.1946,1.1702,1.0162,1.1435,1.1862,0.9585
971,RFC4,5.9242,7,APEX1,False,1.1946,1.1702,1.0162,1.1435,1.1862,0.9585
971,SF3B3,5.9242,7,APEX1,False,1.1946,1.1702,1.0162,1.1435,1.1862,0.9585
971,PERP,5.4449,11,APEX1,False,1.1946,1.1702,1.0162,1.1435,1.1862,0.9585
971,PRDX2,3.0442,12,APEX1,False,1.1946,1.1702,1.0162,1.1435,1.1862,0.9585
971,KDM1A,1.1862,13,APEX1,False,1.1946,1.1702,1.0162,1.1435,1.1862,0.9585
972,APEX1,8.8068,1,APEX1,True,0.8137,1.2116,0.824,1.0829,1.1033,0.8158
972,TNFRSF10C,6.0759,2,APEX1,False,0.8137,1.2116,0.824,1.0829,1.1033,0.8158
972,ARID5B,6.0759,2,APEX1,False,0.8137,1.2116,0.824,1.0829,1.1033,0.8158
972,DHFR,5.4701,4,APEX1,False,0.8137,1.2116,0.824,1.0829,1.1033,0.8158
972,BACE1,5.4701,4,APEX1,False,0.8137,1.2116,0.824,1.0829,1.1033,0.8158
972,SEC23B,5.4701,4,APEX1,False,0.8137,1.2116,0.824,1.0829,1.1033,0.8158
972,PADI4,4.8643,7,APEX1,False,0.8137,1.2116,0.824,1.0829,1.1033,0.8158
972,HADHB,4.8643,7,APEX1,False,0.8137,1.2116,0.824,1.0829,1.1033,0.8158
972,RFC4,4.8643,7,APEX1,False,0.8137,1.2116,0.824,1.0829,1.1033,0.8158
972,SF3B3,4.8643,7,APEX1,False,0.8137,1.2116,0.824,1.0829,1.1033,0.8158
972,PERP,4.4565,11,APEX1,False,0.8137,1.2116,0.824,1.0829,1.1033,0.8158
972,PRDX2,2.0426,12,APEX1,False,0.8137,1.2116,0.824,1.0829,1.1033,0.8158
972,KDM1A,1.1033,13,APEX1,False,0.8137,1.2116,0.824,1.0829,1.1033,0.8158
973,APEX1,9.476,1,APEX1,True,1.2331,1.1111,0.8327,0.7782,0.973,1.1733
973,TNFRSF10C,7.0324,2,APEX1,False,1.2331,1.1111,0.8327,0.7782,0.973,1.1733
973,ARID5B,7.0324,2,APEX1,False,1.2331,1.1111,0.8327,0.7782,0.973,1.1733
973,DHFR,6.4768,4,APEX1,False,1.2331,1.1111,0.8327,0.7782,0.973,1.1733
973,BACE1,6.4768,4,APEX1,False,1.2331,1.1111,0.8327,0.7782,0.973,1.1733
973,SEC23B,6.4768,4,APEX1,False,1.2331,1.1111,0.8327,0.7782,0.973,1.1733
973,PADI4,5.9213,7,APEX1,False,1.2331,1.1111,0.8327,0.7782,0.973,1.1733
973,HADHB,5.9213,7,APEX1,False,1.2331,1.1111,0.8327,0.7782,0.973,1.1733
973,RFC4,5.9213,7,APEX1,False,1.2331,1.1111,0.8327,0.7782,0.973,1.1733
973,SF3B3,5.9213,7,APEX1,False,1.2331,1.1111,0.8327,0.7782,0.973,1.1733
973,PERP,5.3346,11,APEX1,False,1.2331,1.1111,0.8327,0.7782,0.973,1.1733
973,PRDX2,2.7421,12,APEX1,False,1.2331,1.1111,0.8327,0.7782,0.973,1.1733
973,KDM1A,0.973,13,APEX1,False,1.2331,1.1111,0.8327,0.7782,0.973,1.1733
974,APEX1,8.4295,1,APEX1,True,0.9425,0.7822,1.0106,1.2343,1.0373,0.9748
974,TNFRSF10C,5.1741,2,APEX1,False,0.9425,0.7822,1.0106,1.2343,1.0373,0.9748
974,ARID5B,5.1741,2,APEX1,False,0.9425,0.7822,1.0106,1.2343,1.0373,0.9748
974,DHFR,4.783,4,APEX1,False,0.9425,0.7822,1.0106,1.2343,1.0373,0.9748
974,BACE1,4.783,4,APEX1,False,0.9425,0.7822,1.0106,1.2343,1.0373,0.9748
974,SEC23B,4.783,4,APEX1,False,0.9425,0.7822,1.0106,1.2343,1.0373,0.9748
974,PADI4,4.3919,7,APEX1,False,0.9425,0.7822,1.0106,1.2343,1.0373,0.9748
974,HADHB,4.3919,7,APEX1,False,0.9425,0.7822,1.0106,1.2343,1.0373,0.9748
974,RFC4,4.3919,7,APEX1,False,0.9425,0.7822,1.0106,1.2343,1.0373,0.9748
974,SF3B3,4.3919,7,APEX1,False,0.9425,0.7822,1.0106,1.2343,1.0373,0.9748
974,PERP,3.9045,11,APEX1,False,0.9425,0.7822,1.0106,1.2343,1.0373,0.9748
974,PRDX2,2.392,12,APEX1,False,0.9425,0.7822,1.0106,1.2343,1.0373,0.9748
974,KDM1A,1.0373,13,APEX1,False,0.9425,0.7822,1.0106,1.2343,1.0373,0.9748
975,APEX1,9.3852,1,APEX1,True,1.2354,0.8334,1.0305,1.1176,1.0447,1.0745
975,TNFRSF10C,6.2065,2,APEX1,False,1.2354,0.8334,1.0305,1.1176,1.0447,1.0745
975,ARID5B,6.2065,2,APEX1,False,1.2354,0.8334,1.0305,1.1176,1.0447,1.0745
975,DHFR,5.7898,4,APEX1,False,1.2354,0.8334,1.0305,1.1176,1.0447,1.0745
975,BACE1,5.7898,4,APEX1,False,1.2354,0.8334,1.0305,1.1176,1.0447,1.0745
975,SEC23B,5.7898,4,APEX1,False,1.2354,0.8334,1.0305,1.1176,1.0447,1.0745
975,PADI4,5.3731,7,APEX1,False,1.2354,0.8334,1.0305,1.1176,1.0447,1.0745
975,HADHB,5.3731,7,APEX1,False,1.2354,0.8334,1.0305,1.1176,1.0447,1.0745
975,RFC4,5.3731,7,APEX1,False,1.2354,0.8334,1.0305,1.1176,1.0447,1.0745
975,SF3B3,5.3731,7,APEX1,False,1.2354,0.8334,1.0305,1.1176,1.0447,1.0745
975,PERP,4.8359,11,APEX1,False,1.2354,0.8334,1.0305,1.1176,1.0447,1.0745
975,PRDX2,3.0446,12,APEX1,False,1.2354,0.8334,1.0305,1.1176,1.0447,1.0745
975,KDM1A,1.0447,13,APEX1,False,1.2354,0.8334,1.0305,1.1176,1.0447,1.0745
976,APEX1,8.581,1,APEX1,True,1.0013,0.7633,1.026,1.235,1.1097,1.0554
976,TNFRSF10C,5.2939,2,APEX1,False,1.0013,0.7633,1.026,1.235,1.1097,1.0554
976,ARID5B,5.2939,2,APEX1,False,1.0013,0.7633,1.026,1.235,1.1097,1.0554
976,DHFR,4.9122,4,APEX1,False,1.0013,0.7633,1.026,1.235,1.1097,1.0554
976,BACE1,4.9122,4,APEX1,False,1.0013,0.7633,1.026,1.235,1.1097,1.0554
976,SEC23B,4.9122,4,APEX1,False,1.0013,0.7633,1.026,1.235,1.1097,1.0554
976,PADI4,4.5306,7,APEX1,False,1.0013,0.7633,1.026,1.235,1.1097,1.0554
976,HADHB,4.5306,7,APEX1,False,1.0013,0.7633,1.026,1.235,1.1097,1.0554
976,RFC4,4.5306,7,APEX1,False,1.0013,0.7633,1.026,1.235,1.1097,1.0554
976,SF3B3,4.5306,7,APEX1,False,1.0013,0.7633,1.026,1.235,1.1097,1.0554
976,PERP,4.0028,11,APEX1,False,1.0013,0.7633,1.026,1.235,1.1097,1.0554
976,PRDX2,2.4738,12,APEX1,False,1.0013,0.7633,1.026,1.235,1.1097,1.0554
976,KDM1A,1.1097,13,APEX1,False,1.0013,0.7633,1.026,1.235,1.1097,1.0554
977,APEX1,8.7625,1,APEX1,True,1.0045,0.9868,0.8486,1.0914,1.0335,1.0605
977,TNFRSF10C,5.9739,2,APEX1,False,1.0045,0.9868,0.8486,1.0914,1.0335,1.0605
977,ARID5B,5.9739,2,APEX1,False,1.0045,0.9868,0.8486,1.0914,1.0335,1.0605
977,DHFR,5.4805,4,APEX1,False,1.0045,0.9868,0.8486,1.0914,1.0335,1.0605
977,BACE1,5.4805,4,APEX1,False,1.0045,0.9868,0.8486,1.0914,1.0335,1.0605
977,SEC23B,5.4805,4,APEX1,False,1.0045,0.9868,0.8486,1.0914,1.0335,1.0605
977,PADI4,4.9871,7,APEX1,False,1.0045,0.9868,0.8486,1.0914,1.0335,1.0605
977,HADHB,4.9871,7,APEX1,False,1.0045,0.9868,0.8486,1.0914,1.0335,1.0605
977,RFC4,4.9871,7,APEX1,False,1.0045,0.9868,0.8486,1.0914,1.0335,1.0605
977,SF3B3,4.9871,7,APEX1,False,1.0045,0.9868,0.8486,1.0914,1.0335,1.0605
977,PERP,4.4569,11,APEX1,False,1.0045,0.9868,0.8486,1.0914,1.0335,1.0605
977,PRDX2,2.2994,12,APEX1,False,1.0045,0.9868,0.8486,1.0914,1.0335,1.0605
977,KDM1A,1.0335,13,APEX1,False,1.0045,0.9868,0.8486,1.0914,1.0335,1.0605
978,APEX1,8.5891,1,APEX1,True,1.1115,0.8557,0.9296,0.8285,1.0941,1.0594
978,TNFRSF10C,5.9015,2,APEX1,False,1.1115,0.8557,0.9296,0.8285,1.0941,1.0594
978,ARID5B,5.9015,2,APEX1,False,1.1115,0.8557,0.9296,0.8285,1.0941,1.0594
978,DHFR,5.4737,4,APEX1,False,1.1115,0.8557,0.9296,0.8285,1.0941,1.0594
978,BACE1,5.4737,4,APEX1,False,1.1115,0.8557,0.9296,0.8285,1.0941,1.0594
978,SEC23B,5.4737,4,APEX1,False,1.1115,0.8557,0.9296,0.8285,1.0941,1.0594
978,PADI4,5.0458,7,APEX1,False,1.1115,0.8557,0.9296,0.8285,1.0941,1.0594
978,HADHB,5.0458,7,APEX1,False,1.1115,0.8557,0.9296,0.8285,1.0941,1.0594
978,RFC4,5.0458,7,APEX1,False,1.1115,0.8557,0.9296,0.8285,1.0941,1.0594
978,SF3B3,5.0458,7,APEX1,False,1.1115,0.8557,0.9296,0.8285,1.0941,1.0594
978,PERP,4.5161,11,APEX1,False,1.1115,0.8557,0.9296,0.8285,1.0941,1.0594
978,PRDX2,2.6489,12,APEX1,False,1.1115,0.8557,0.9296,0.8285,1.0941,1.0594
978,KDM1A,1.0941,13,APEX1,False,1.1115,0.8557,0.9296,0.8285,1.0941,1.0594
979,APEX1,9.2017,1,APEX1,True,0.7764,1.1216,1.229,1.0498,0.837,0.9947
979,TNFRSF10C,5.694,2,APEX1,False,0.7764,1.1216,1.229,1.0498,0.837,0.9947
979,ARID5B,5.694,2,APEX1,False,0.7764,1.1216,1.229,1.0498,0.837,0.9947
979,DHFR,5.1332,4,APEX1,False,0.7764,1.1216,1.229,1.0498,0.837,0.9947
979,BACE1,5.1332,4,APEX1,False,0.7764,1.1216,1.229,1.0498,0.837,0.9947
979,SEC23B,5.1332,4,APEX1,False,0.7764,1.1216,1.229,1.0498,0.837,0.9947
979,PADI4,4.5724,7,APEX1,False,0.7764,1.1216,1.229,1.0498,0.837,0.9947
979,HADHB,4.5724,7,APEX1,False,0.7764,1.1216,1.229,1.0498,0.837,0.9947
979,RFC4,4.5724,7,APEX1,False,0.7764,1.1216,1.229,1.0498,0.837,0.9947
979,SF3B3,4.5724,7,APEX1,False,0.7764,1.1216,1.229,1.0498,0.837,0.9947
979,PERP,4.0751,11,APEX1,False,0.7764,1.1216,1.229,1.0498,0.837,0.9947
979,PRDX2,2.1753,12,APEX1,False,0.7764,1.1216,1.229,1.0498,0.837,0.9947
979,KDM1A,0.837,13,APEX1,False,0.7764,1.1216,1.229,1.0498,0.837,0.9947
980,APEX1,9.2906,1,APEX1,True,1.174,0.8244,1.163,0.9692,0.8178,1.1447
980,TNFRSF10C,5.9953,2,APEX1,False,1.174,0.8244,1.163,0.9692,0.8178,1.1447
980,ARID5B,5.9953,2,APEX1,False,1.174,0.8244,1.163,0.9692,0.8178,1.1447
980,DHFR,5.5831,4,APEX1,False,1.174,0.8244,1.163,0.9692,0.8178,1.1447
980,BACE1,5.5831,4,APEX1,False,1.174,0.8244,1.163,0.9692,0.8178,1.1447
980,SEC23B,5.5831,4,APEX1,False,1.174,0.8244,1.163,0.9692,0.8178,1.1447
980,PADI4,5.1709,7,APEX1,False,1.174,0.8244,1.163,0.9692,0.8178,1.1447
980,HADHB,5.1709,7,APEX1,False,1.174,0.8244,1.163,0.9692,0.8178,1.1447
980,RFC4,5.1709,7,APEX1,False,1.174,0.8244,1.163,0.9692,0.8178,1.1447
980,SF3B3,5.1709,7,APEX1,False,1.174,0.8244,1.163,0.9692,0.8178,1.1447
980,PERP,4.5986,11,APEX1,False,1.174,0.8244,1.163,0.9692,0.8178,1.1447
980,PRDX2,2.9534,12,APEX1,False,1.174,0.8244,1.163,0.9692,0.8178,1.1447
980,KDM1A,0.8178,13,APEX1,False,1.174,0.8244,1.163,0.9692,0.8178,1.1447
981,APEX1,9.9095,1,APEX1,True,1.132,0.979,1.2194,1.1379,1.2139,1.2276
981,TNFRSF10C,6.333,2,APEX1,False,1.132,0.979,1.2194,1.1379,1.2139,1.2276
981,ARID5B,6.333,2,APEX1,False,1.132,0.979,1.2194,1.1379,1.2139,1.2276
981,DHFR,5.8435,4,APEX1,False,1.132,0.979,1.2194,1.1379,1.2139,1.2276
981,BACE1,5.8435,4,APEX1,False,1.132,0.979,1.2194,1.1379,1.2139,1.2276
981,SEC23B,5.8435,4,APEX1,False,1.132,0.979,1.2194,1.1379,1.2139,1.2276
981,PADI4,5.354,7,APEX1,False,1.132,0.979,1.2194,1.1379,1.2139,1.2276
981,HADHB,5.354,7,APEX1,False,1.132,0.979,1.2194,1.1379,1.2139,1.2276
981,RFC4,5.354,7,APEX1,False,1.132,0.979,1.2194,1.1379,1.2139,1.2276
981,SF3B3,5.354,7,APEX1,False,1.132,0.979,1.2194,1.1379,1.2139,1.2276
981,PERP,4.7401,11,APEX1,False,1.132,0.979,1.2194,1.1379,1.2139,1.2276
981,PRDX2,2.8217,12,APEX1,False,1.132,0.979,1.2194,1.1379,1.2139,1.2276
981,KDM1A,1.2139,13,APEX1,False,1.132,0.979,1.2194,1.1379,1.2139,1.2276
982,APEX1,9.7909,1,APEX1,True,1.1855,0.8337,1.2459,1.2413,0.9386,1.2319
982,TNFRSF10C,6.0578,2,APEX1,False,1.1855,0.8337,1.2459,1.2413,0.9386,1.2319
982,ARID5B,6.0578,2,APEX1,False,1.1855,0.8337,1.2459,1.2413,0.9386,1.2319
982,DHFR,5.6409,4,APEX1,False,1.1855,0.8337,1.2459,1.2413,0.9386,1.2319
982,BACE1,5.6409,4,APEX1,False,1.1855,0.8337,1.2459,1.2413,0.9386,1.2319
982,SEC23B,5.6409,4,APEX1,False,1.1855,0.8337,1.2459,1.2413,0.9386,1.2319
982,PADI4,5.224,7,APEX1,False,1.1855,0.8337,1.2459,1.2413,0.9386,1.2319
982,HADHB,5.224,7,APEX1,False,1.1855,0.8337,1.2459,1.2413,0.9386,1.2319
982,RFC4,5.224,7,APEX1,False,1.1855,0.8337,1.2459,1.2413,0.9386,1.2319
982,SF3B3,5.224,7,APEX1,False,1.1855,0.8337,1.2459,1.2413,0.9386,1.2319
982,PERP,4.6081,11,APEX1,False,1.1855,0.8337,1.2459,1.2413,0.9386,1.2319
982,PRDX2,2.9778,12,APEX1,False,1.1855,0.8337,1.2459,1.2413,0.9386,1.2319
982,KDM1A,0.9386,13,APEX1,False,1.1855,0.8337,1.2459,1.2413,0.9386,1.2319
983,APEX1,8.9054,1,APEX1,True,1.2409,0.8559,0.9132,0.7888,1.1332,0.8821
983,TNFRSF10C,6.2902,2,APEX1,False,1.2409,0.8559,0.9132,0.7888,1.1332,0.8821
983,ARID5B,6.2902,2,APEX1,False,1.2409,0.8559,0.9132,0.7888,1.1332,0.8821
983,DHFR,5.8622,4,APEX1,False,1.2409,0.8559,0.9132,0.7888,1.1332,0.8821
983,BACE1,5.8622,4,APEX1,False,1.2409,0.8559,0.9132,0.7888,1.1332,0.8821
983,SEC23B,5.8622,4,APEX1,False,1.2409,0.8559,0.9132,0.7888,1.1332,0.8821
983,PADI4,5.4343,7,APEX1,False,1.2409,0.8559,0.9132,0.7888,1.1332,0.8821
983,HADHB,5.4343,7,APEX1,False,1.2409,0.8559,0.9132,0.7888,1.1332,0.8821
983,RFC4,5.4343,7,APEX1,False,1.2409,0.8559,0.9132,0.7888,1.1332,0.8821
983,SF3B3,5.4343,7,APEX1,False,1.2409,0.8559,0.9132,0.7888,1.1332,0.8821
983,PERP,4.9932,11,APEX1,False,1.2409,0.8559,0.9132,0.7888,1.1332,0.8821
983,PRDX2,3.1332,12,APEX1,False,1.2409,0.8559,0.9132,0.7888,1.1332,0.8821
983,KDM1A,1.1332,13,APEX1,False,1.2409,0.8559,0.9132,0.7888,1.1332,0.8821
984,APEX1,9.0517,1,APEX1,True,0.8864,1.2446,0.924,0.8107,1.0094,1.0376
984,TNFRSF10C,6.3931,2,APEX1,False,0.8864,1.2446,0.924,0.8107,1.0094,1.0376
984,ARID5B,6.3931,2,APEX1,False,0.8864,1.2446,0.924,0.8107,1.0094,1.0376
984,DHFR,5.7708,4,APEX1,False,0.8864,1.2446,0.924,0.8107,1.0094,1.0376
984,BACE1,5.7708,4,APEX1,False,0.8864,1.2446,0.924,0.8107,1.0094,1.0376
984,SEC23B,5.7708,4,APEX1,False,0.8864,1.2446,0.924,0.8107,1.0094,1.0376
984,PADI4,5.1485,7,APEX1,False,0.8864,1.2446,0.924,0.8107,1.0094,1.0376
984,HADHB,5.1485,7,APEX1,False,0.8864,1.2446,0.924,0.8107,1.0094,1.0376
984,RFC4,5.1485,7,APEX1,False,0.8864,1.2446,0.924,0.8107,1.0094,1.0376
984,SF3B3,5.1485,7,APEX1,False,0.8864,1.2446,0.924,0.8107,1.0094,1.0376
984,PERP,4.6297,11,APEX1,False,0.8864,1.2446,0.924,0.8107,1.0094,1.0376
984,PRDX2,2.1024,12,APEX1,False,0.8864,1.2446,0.924,0.8107,1.0094,1.0376
984,KDM1A,1.0094,13,APEX1,False,0.8864,1.2446,0.924,0.8107,1.0094,1.0376
985,APEX1,8.8844,1,APEX1,True,0.8087,1.2117,0.8268,1.1696,0.8461,0.7511
985,TNFRSF10C,6.0612,2,APEX1,False,0.8087,1.2117,0.8268,1.1696,0.8461,0.7511
985,ARID5B,6.0612,2,APEX1,False,0.8087,1.2117,0.8268,1.1696,0.8461,0.7511
985,DHFR,5.4554,4,APEX1,False,0.8087,1.2117,0.8268,1.1696,0.8461,0.7511
985,BACE1,5.4554,4,APEX1,False,0.8087,1.2117,0.8268,1.1696,0.8461,0.7511
985,SEC23B,5.4554,4,APEX1,False,0.8087,1.2117,0.8268,1.1696,0.8461,0.7511
985,PADI4,4.8495,7,APEX1,False,0.8087,1.2117,0.8268,1.1696,0.8461,0.7511
985,HADHB,4.8495,7,APEX1,False,0.8087,1.2117,0.8268,1.1696,0.8461,0.7511
985,RFC4,4.8495,7,APEX1,False,0.8087,1.2117,0.8268,1.1696,0.8461,0.7511
985,SF3B3,4.8495,7,APEX1,False,0.8087,1.2117,0.8268,1.1696,0.8461,0.7511
985,PERP,4.474,11,APEX1,False,0.8087,1.2117,0.8268,1.1696,0.8461,0.7511
985,PRDX2,2.0975,12,APEX1,False,0.8087,1.2117,0.8268,1.1696,0.8461,0.7511
985,KDM1A,0.8461,13,APEX1,False,0.8087,1.2117,0.8268,1.1696,0.8461,0.7511
986,APEX1,8.7773,1,APEX1,True,0.8515,1.235,0.8573,0.8032,1.0717,1.1503
986,TNFRSF10C,6.2595,2,APEX1,False,0.8515,1.235,0.8573,0.8032,1.0717,1.1503
986,ARID5B,6.2595,2,APEX1,False,0.8515,1.235,0.8573,0.8032,1.0717,1.1503
986,DHFR,5.642,4,APEX1,False,0.8515,1.235,0.8573,0.8032,1.0717,1.1503
986,BACE1,5.642,4,APEX1,False,0.8515,1.235,0.8573,0.8032,1.0717,1.1503
986,SEC23B,5.642,4,APEX1,False,0.8515,1.235,0.8573,0.8032,1.0717,1.1503
986,PADI4,5.0246,7,APEX1,False,0.8515,1.235,0.8573,0.8032,1.0717,1.1503
986,HADHB,5.0246,7,APEX1,False,0.8515,1.235,0.8573,0.8032,1.0717,1.1503
986,RFC4,5.0246,7,APEX1,False,0.8515,1.235,0.8573,0.8032,1.0717,1.1503
986,SF3B3,5.0246,7,APEX1,False,0.8515,1.235,0.8573,0.8032,1.0717,1.1503
986,PERP,4.4494,11,APEX1,False,0.8515,1.235,0.8573,0.8032,1.0717,1.1503
986,PRDX2,1.8358,12,APEX1,False,0.8515,1.235,0.8573,0.8032,1.0717,1.1503
986,KDM1A,1.0717,13,APEX1,False,0.8515,1.235,0.8573,0.8032,1.0717,1.1503
987,APEX1,9.0884,1,APEX1,True,1.2372,0.8259,1.0163,0.8665,0.8243,1.1357
987,TNFRSF10C,6.1893,2,APEX1,False,1.2372,0.8259,1.0163,0.8665,0.8243,1.1357
987,ARID5B,6.1893,2,APEX1,False,1.2372,0.8259,1.0163,0.8665,0.8243,1.1357
987,DHFR,5.7763,4,APEX1,False,1.2372,0.8259,1.0163,0.8665,0.8243,1.1357
987,BACE1,5.7763,4,APEX1,False,1.2372,0.8259,1.0163,0.8665,0.8243,1.1357
987,SEC23B,5.7763,4,APEX1,False,1.2372,0.8259,1.0163,0.8665,0.8243,1.1357
987,PADI4,5.3634,7,APEX1,False,1.2372,0.8259,1.0163,0.8665,0.8243,1.1357
987,HADHB,5.3634,7,APEX1,False,1.2372,0.8259,1.0163,0.8665,0.8243,1.1357
987,RFC4,5.3634,7,APEX1,False,1.2372,0.8259,1.0163,0.8665,0.8243,1.1357
987,SF3B3,5.3634,7,APEX1,False,1.2372,0.8259,1.0163,0.8665,0.8243,1.1357
987,PERP,4.7955,11,APEX1,False,1.2372,0.8259,1.0163,0.8665,0.8243,1.1357
987,PRDX2,2.9736,12,APEX1,False,1.2372,0.8259,1.0163,0.8665,0.8243,1.1357
987,KDM1A,0.8243,13,APEX1,False,1.2372,0.8259,1.0163,0.8665,0.8243,1.1357
988,APEX1,9.7282,1,APEX1,True,1.0383,1.1664,1.0311,1.052,1.224,1.136
988,TNFRSF10C,6.6139,2,APEX1,False,1.0383,1.1664,1.0311,1.052,1.224,1.136
988,ARID5B,6.6139,2,APEX1,False,1.0383,1.1664,1.0311,1.052,1.224,1.136
988,DHFR,6.0307,4,APEX1,False,1.0383,1.1664,1.0311,1.052,1.224,1.136
988,BACE1,6.0307,4,APEX1,False,1.0383,1.1664,1.0311,1.052,1.224,1.136
988,SEC23B,6.0307,4,APEX1,False,1.0383,1.1664,1.0311,1.052,1.224,1.136
988,PADI4,5.4476,7,APEX1,False,1.0383,1.1664,1.0311,1.052,1.224,1.136
988,HADHB,5.4476,7,APEX1,False,1.0383,1.1664,1.0311,1.052,1.224,1.136
988,RFC4,5.4476,7,APEX1,False,1.0383,1.1664,1.0311,1.052,1.224,1.136
988,SF3B3,5.4476,7,APEX1,False,1.0383,1.1664,1.0311,1.052,1.224,1.136
988,PERP,4.8796,11,APEX1,False,1.0383,1.1664,1.0311,1.052,1.224,1.136
988,PRDX2,2.4908,12,APEX1,False,1.0383,1.1664,1.0311,1.052,1.224,1.136
988,KDM1A,1.224,13,APEX1,False,1.0383,1.1664,1.0311,1.052,1.224,1.136
989,APEX1,7.4381,1,APEX1,True,0.7945,0.7909,0.7759,1.1299,1.0534,1.118
989,TNFRSF10C,4.7563,2,APEX1,False,0.7945,0.7909,0.7759,1.1299,1.0534,1.118
989,ARID5B,4.7563,2,APEX1,False,0.7945,0.7909,0.7759,1.1299,1.0534,1.118
989,DHFR,4.3608,4,APEX1,False,0.7945,0.7909,0.7759,1.1299,1.0534,1.118
989,BACE1,4.3608,4,APEX1,False,0.7945,0.7909,0.7759,1.1299,1.0534,1.118
989,SEC23B,4.3608,4,APEX1,False,0.7945,0.7909,0.7759,1.1299,1.0534,1.118
989,PADI4,3.9653,7,APEX1,False,0.7945,0.7909,0.7759,1.1299,1.0534,1.118
989,HADHB,3.9653,7,APEX1,False,0.7945,0.7909,0.7759,1.1299,1.0534,1.118
989,RFC4,3.9653,7,APEX1,False,0.7945,0.7909,0.7759,1.1299,1.0534,1.118
989,SF3B3,3.9653,7,APEX1,False,0.7945,0.7909,0.7759,1.1299,1.0534,1.118
989,PERP,3.4064,11,APEX1,False,0.7945,0.7909,0.7759,1.1299,1.0534,1.118
989,PRDX2,1.6442,12,APEX1,False,0.7945,0.7909,0.7759,1.1299,1.0534,1.118
989,KDM1A,1.0534,13,APEX1,False,0.7945,0.7909,0.7759,1.1299,1.0534,1.118
990,APEX1,7.8096,1,APEX1,True,0.8609,0.8339,0.9825,0.7601,0.9402,1.244
990,TNFRSF10C,5.0846,2,APEX1,False,0.8609,0.8339,0.9825,0.7601,0.9402,1.244
990,ARID5B,5.0846,2,APEX1,False,0.8609,0.8339,0.9825,0.7601,0.9402,1.244
990,DHFR,4.6676,4,APEX1,False,0.8609,0.8339,0.9825,0.7601,0.9402,1.244
990,BACE1,4.6676,4,APEX1,False,0.8609,0.8339,0.9825,0.7601,0.9402,1.244
990,SEC23B,4.6676,4,APEX1,False,0.8609,0.8339,0.9825,0.7601,0.9402,1.244
990,PADI4,4.2506,7,APEX1,False,0.8609,0.8339,0.9825,0.7601,0.9402,1.244
990,HADHB,4.2506,7,APEX1,False,0.8609,0.8339,0.9825,0.7601,0.9402,1.244
990,RFC4,4.2506,7,APEX1,False,0.8609,0.8339,0.9825,0.7601,0.9402,1.244
990,SF3B3,4.2506,7,APEX1,False,0.8609,0.8339,0.9825,0.7601,0.9402,1.244
990,PERP,3.6286,11,APEX1,False,0.8609,0.8339,0.9825,0.7601,0.9402,1.244
990,PRDX2,1.8908,12,APEX1,False,0.8609,0.8339,0.9825,0.7601,0.9402,1.244
990,KDM1A,0.9402,13,APEX1,False,0.8609,0.8339,0.9825,0.7601,0.9402,1.244
991,APEX1,7.9223,1,APEX1,True,0.798,0.7712,1.0546,1.1055,1.2488,1.0814
991,TNFRSF10C,4.7076,2,APEX1,False,0.798,0.7712,1.0546,1.1055,1.2488,1.0814
991,ARID5B,4.7076,2,APEX1,False,0.798,0.7712,1.0546,1.1055,1.2488,1.0814
991,DHFR,4.322,4,APEX1,False,0.798,0.7712,1.0546,1.1055,1.2488,1.0814
991,BACE1,4.322,4,APEX1,False,0.798,0.7712,1.0546,1.1055,1.2488,1.0814
991,SEC23B,4.322,4,APEX1,False,0.798,0.7712,1.0546,1.1055,1.2488,1.0814
991,PADI4,3.9364,7,APEX1,False,0.798,0.7712,1.0546,1.1055,1.2488,1.0814
991,HADHB,3.9364,7,APEX1,False,0.798,0.7712,1.0546,1.1055,1.2488,1.0814
991,RFC4,3.9364,7,APEX1,False,0.798,0.7712,1.0546,1.1055,1.2488,1.0814
991,SF3B3,3.9364,7,APEX1,False,0.798,0.7712,1.0546,1.1055,1.2488,1.0814
991,PERP,3.3958,11,APEX1,False,0.798,0.7712,1.0546,1.1055,1.2488,1.0814
991,PRDX2,1.9683,12,APEX1,False,0.798,0.7712,1.0546,1.1055,1.2488,1.0814
991,KDM1A,1.2488,13,APEX1,False,0.798,0.7712,1.0546,1.1055,1.2488,1.0814
992,APEX1,8.6786,1,APEX1,True,0.8964,1.059,1.0142,0.7841,0.8172,0.9227
992,TNFRSF10C,5.8661,2,APEX1,False,0.8964,1.059,1.0142,0.7841,0.8172,0.9227
992,ARID5B,5.8661,2,APEX1,False,0.8964,1.059,1.0142,0.7841,0.8172,0.9227
992,DHFR,5.3366,4,APEX1,False,0.8964,1.059,1.0142,0.7841,0.8172,0.9227
992,BACE1,5.3366,4,APEX1,False,0.8964,1.059,1.0142,0.7841,0.8172,0.9227
992,SEC23B,5.3366,4,APEX1,False,0.8964,1.059,1.0142,0.7841,0.8172,0.9227
992,PADI4,4.8071,7,APEX1,False,0.8964,1.059,1.0142,0.7841,0.8172,0.9227
992,HADHB,4.8071,7,APEX1,False,0.8964,1.059,1.0142,0.7841,0.8172,0.9227
992,RFC4,4.8071,7,APEX1,False,0.8964,1.059,1.0142,0.7841,0.8172,0.9227
992,SF3B3,4.8071,7,APEX1,False,0.8964,1.059,1.0142,0.7841,0.8172,0.9227
992,PERP,4.3457,11,APEX1,False,0.8964,1.059,1.0142,0.7841,0.8172,0.9227
992,PRDX2,2.3324,12,APEX1,False,0.8964,1.059,1.0142,0.7841,0.8172,0.9227
992,KDM1A,0.8172,13,APEX1,False,0.8964,1.059,1.0142,0.7841,0.8172,0.9227
993,APEX1,9.5573,1,APEX1,True,1.2198,0.9706,1.0597,0.867,1.1857,0.8378
993,TNFRSF10C,6.5709,2,APEX1,False,1.2198,0.9706,1.0597,0.867,1.1857,0.8378
993,ARID5B,6.5709,2,APEX1,False,1.2198,0.9706,1.0597,0.867,1.1857,0.8378
993,DHFR,6.0857,4,APEX1,False,1.2198,0.9706,1.0597,0.867,1.1857,0.8378
993,BACE1,6.0857,4,APEX1,False,1.2198,0.9706,1.0597,0.867,1.1857,0.8378
993,SEC23B,6.0857,4,APEX1,False,1.2198,0.9706,1.0597,0.867,1.1857,0.8378
993,PADI4,5.6004,7,APEX1,False,1.2198,0.9706,1.0597,0.867,1.1857,0.8378
993,HADHB,5.6004,7,APEX1,False,1.2198,0.9706,1.0597,0.867,1.1857,0.8378
993,RFC4,5.6004,7,APEX1,False,1.2198,0.9706,1.0597,0.867,1.1857,0.8378
993,SF3B3,5.6004,7,APEX1,False,1.2198,0.9706,1.0597,0.867,1.1857,0.8378
993,PERP,5.1815,11,APEX1,False,1.2198,0.9706,1.0597,0.867,1.1857,0.8378
993,PRDX2,3.2713,12,APEX1,False,1.2198,0.9706,1.0597,0.867,1.1857,0.8378
993,KDM1A,1.1857,13,APEX1,False,1.2198,0.9706,1.0597,0.867,1.1857,0.8378
994,APEX1,9.4166,1,APEX1,True,1.0629,0.9226,1.1887,1.083,1.213,1.1043
994,TNFRSF10C,5.9564,2,APEX1,False,1.0629,0.9226,1.1887,1.083,1.213,1.1043
994,ARID5B,5.9564,2,APEX1,False,1.0629,0.9226,1.1887,1.083,1.213,1.1043
994,DHFR,5.4951,4,APEX1,False,1.0629,0.9226,1.1887,1.083,1.213,1.1043
994,BACE1,5.4951,4,APEX1,False,1.0629,0.9226,1.1887,1.083,1.213,1.1043
994,SEC23B,5.4951,4,APEX1,False,1.0629,0.9226,1.1887,1.083,1.213,1.1043
994,PADI4,5.0338,7,APEX1,False,1.0629,0.9226,1.1887,1.083,1.213,1.1043
994,HADHB,5.0338,7,APEX1,False,1.0629,0.9226,1.1887,1.083,1.213,1.1043
994,RFC4,5.0338,7,APEX1,False,1.0629,0.9226,1.1887,1.083,1.213,1.1043
994,SF3B3,5.0338,7,APEX1,False,1.0629,0.9226,1.1887,1.083,1.213,1.1043
994,PERP,4.4816,11,APEX1,False,1.0629,0.9226,1.1887,1.083,1.213,1.1043
994,PRDX2,2.7416,12,APEX1,False,1.0629,0.9226,1.1887,1.083,1.213,1.1043
994,KDM1A,1.213,13,APEX1,False,1.0629,0.9226,1.1887,1.083,1.213,1.1043
995,APEX1,9.076,1,APEX1,True,1.0312,0.9777,0.9603,1.1286,0.9762,1.1676
995,TNFRSF10C,6.0267,2,APEX1,False,1.0312,0.9777,0.9603,1.1286,0.9762,1.1676
995,ARID5B,6.0267,2,APEX1,False,1.0312,0.9777,0.9603,1.1286,0.9762,1.1676
995,DHFR,5.5379,4,APEX1,False,1.0312,0.9777,0.9603,1.1286,0.9762,1.1676
995,BACE1,5.5379,4,APEX1,False,1.0312,0.9777,0.9603,1.1286,0.9762,1.1676
995,SEC23B,5.5379,4,APEX1,False,1.0312,0.9777,0.9603,1.1286,0.9762,1.1676
995,PADI4,5.049,7,APEX1,False,1.0312,0.9777,0.9603,1.1286,0.9762,1.1676
995,HADHB,5.049,7,APEX1,False,1.0312,0.9777,0.9603,1.1286,0.9762,1.1676
995,RFC4,5.049,7,APEX1,False,1.0312,0.9777,0.9603,1.1286,0.9762,1.1676
995,SF3B3,5.049,7,APEX1,False,1.0312,0.9777,0.9603,1.1286,0.9762,1.1676
995,PERP,4.4652,11,APEX1,False,1.0312,0.9777,0.9603,1.1286,0.9762,1.1676
995,PRDX2,2.3707,12,APEX1,False,1.0312,0.9777,0.9603,1.1286,0.9762,1.1676
995,KDM1A,0.9762,13,APEX1,False,1.0312,0.9777,0.9603,1.1286,0.9762,1.1676
996,APEX1,8.743,1,APEX1,True,1.0337,0.8555,1.0793,0.9167,1.0344,0.7697
996,TNFRSF10C,5.6677,2,APEX1,False,1.0337,0.8555,1.0793,0.9167,1.0344,0.7697
996,ARID5B,5.6677,2,APEX1,False,1.0337,0.8555,1.0793,0.9167,1.0344,0.7697
996,DHFR,5.2399,4,APEX1,False,1.0337,0.8555,1.0793,0.9167,1.0344,0.7697
996,BACE1,5.2399,4,APEX1,False,1.0337,0.8555,1.0793,0.9167,1.0344,0.7697
996,SEC23B,5.2399,4,APEX1,False,1.0337,0.8555,1.0793,0.9167,1.0344,0.7697
996,PADI4,4.8121,7,APEX1,False,1.0337,0.8555,1.0793,0.9167,1.0344,0.7697
996,HADHB,4.8121,7,APEX1,False,1.0337,0.8555,1.0793,0.9167,1.0344,0.7697
996,RFC4,4.8121,7,APEX1,False,1.0337,0.8555,1.0793,0.9167,1.0344,0.7697
996,SF3B3,4.8121,7,APEX1,False,1.0337,0.8555,1.0793,0.9167,1.0344,0.7697
996,PERP,4.4273,11,APEX1,False,1.0337,0.8555,1.0793,0.9167,1.0344,0.7697
996,PRDX2,2.8938,12,APEX1,False,1.0337,0.8555,1.0793,0.9167,1.0344,0.7697
996,KDM1A,1.0344,13,APEX1,False,1.0337,0.8555,1.0793,0.9167,1.0344,0.7697
997,APEX1,9.6169,1,APEX1,True,0.9671,1.1581,1.2154,0.8102,1.0655,0.9587
997,TNFRSF10C,6.3758,2,APEX1,False,0.9671,1.1581,1.2154,0.8102,1.0655,0.9587
997,ARID5B,6.3758,2,APEX1,False,0.9671,1.1581,1.2154,0.8102,1.0655,0.9587
997,DHFR,5.7967,4,APEX1,False,0.9671,1.1581,1.2154,0.8102,1.0655,0.9587
997,BACE1,5.7967,4,APEX1,False,0.9671,1.1581,1.2154,0.8102,1.0655,0.9587
997,SEC23B,5.7967,4,APEX1,False,0.9671,1.1581,1.2154,0.8102,1.0655,0.9587
997,PADI4,5.2176,7,APEX1,False,0.9671,1.1581,1.2154,0.8102,1.0655,0.9587
997,HADHB,5.2176,7,APEX1,False,0.9671,1.1581,1.2154,0.8102,1.0655,0.9587
997,RFC4,5.2176,7,APEX1,False,0.9671,1.1581,1.2154,0.8102,1.0655,0.9587
997,SF3B3,5.2176,7,APEX1,False,0.9671,1.1581,1.2154,0.8102,1.0655,0.9587
997,PERP,4.7383,11,APEX1,False,0.9671,1.1581,1.2154,0.8102,1.0655,0.9587
997,PRDX2,2.6745,12,APEX1,False,0.9671,1.1581,1.2154,0.8102,1.0655,0.9587
997,KDM1A,1.0655,13,APEX1,False,0.9671,1.1581,1.2154,0.8102,1.0655,0.9587
998,APEX1,7.8638,1,APEX1,True,0.9402,0.7739,0.8137,1.094,1.1645,1.1249
998,TNFRSF10C,5.1425,2,APEX1,False,0.9402,0.7739,0.8137,1.094,1.1645,1.1249
998,ARID5B,5.1425,2,APEX1,False,0.9402,0.7739,0.8137,1.094,1.1645,1.1249
998,DHFR,4.7556,4,APEX1,False,0.9402,0.7739,0.8137,1.094,1.1645,1.1249
998,BACE1,4.7556,4,APEX1,False,0.9402,0.7739,0.8137,1.094,1.1645,1.1249
998,SEC23B,4.7556,4,APEX1,False,0.9402,0.7739,0.8137,1.094,1.1645,1.1249
998,PADI4,4.3686,7,APEX1,False,0.9402,0.7739,0.8137,1.094,1.1645,1.1249
998,HADHB,4.3686,7,APEX1,False,0.9402,0.7739,0.8137,1.094,1.1645,1.1249
998,RFC4,4.3686,7,APEX1,False,0.9402,0.7739,0.8137,1.094,1.1645,1.1249
998,SF3B3,4.3686,7,APEX1,False,0.9402,0.7739,0.8137,1.094,1.1645,1.1249
998,PERP,3.8061,11,APEX1,False,0.9402,0.7739,0.8137,1.094,1.1645,1.1249
998,PRDX2,2.0393,12,APEX1,False,0.9402,0.7739,0.8137,1.094,1.1645,1.1249
998,KDM1A,1.1645,13,APEX1,False,0.9402,0.7739,0.8137,1.094,1.1645,1.1249
999,APEX1,8.7519,1,APEX1,True,1.0927,0.9885,0.7605,0.9871,0.8407,1.124
999,TNFRSF10C,6.2437,2,APEX1,False,1.0927,0.9885,0.7605,0.9871,0.8407,1.124
999,ARID5B,6.2437,2,APEX1,False,1.0927,0.9885,0.7605,0.9871,0.8407,1.124
999,DHFR,5.7494,4,APEX1,False,1.0927,0.9885,0.7605,0.9871,0.8407,1.124
999,BACE1,5.7494,4,APEX1,False,1.0927,0.9885,0.7605,0.9871,0.8407,1.124
999,SEC23B,5.7494,4,APEX1,False,1.0927,0.9885,0.7605,0.9871,0.8407,1.124
999,PADI4,5.2552,7,APEX1,False,1.0927,0.9885,0.7605,0.9871,0.8407,1.124
999,HADHB,5.2552,7,APEX1,False,1.0927,0.9885,0.7605,0.9871,0.8407,1.124
999,RFC4,5.2552,7,APEX1,False,1.0927,0.9885,0.7605,0.9871,0.8407,1.124
999,SF3B3,5.2552,7,APEX1,False,1.0927,0.9885,0.7605,0.9871,0.8407,1.124
999,PERP,4.6932,11,APEX1,False,1.0927,0.9885,0.7605,0.9871,0.8407,1.124
999,PRDX2,2.3683,12,APEX1,False,1.0927,0.9885,0.7605,0.9871,0.8407,1.124
999,KDM1A,0.8407,13,APEX1,False,1.0927,0.9885,0.7605,0.9871,0.8407,1.124
1000,APEX1,9.1661,1,APEX1,True,1.205,1.0406,0.7883,0.8526,1.004,0.9956
1000,TNFRSF10C,6.7367,2,APEX1,False,1.205,1.0406,0.7883,0.8526,1.004,0.9956
1000,ARID5B,6.7367,2,APEX1,False,1.205,1.0406,0.7883,0.8526,1.004,0.9956
1000,DHFR,6.2164,4,APEX1,False,1.205,1.0406,0.7883,0.8526,1.004,0.9956
1000,BACE1,6.2164,4,APEX1,False,1.205,1.0406,0.7883,0.8526,1.004,0.9956
1000,SEC23B,6.2164,4,APEX1,False,1.205,1.0406,0.7883,0.8526,1.004,0.9956
1000,PADI4,5.6962,7,APEX1,False,1.205,1.0406,0.7883,0.8526,1.004,0.9956
1000,HADHB,5.6962,7,APEX1,False,1.205,1.0406,0.7883,0.8526,1.004,0.9956
1000,RFC4,5.6962,7,APEX1,False,1.205,1.0406,0.7883,0.8526,1.004,0.9956
1000,SF3B3,5.6962,7,APEX1,False,1.205,1.0406,0.7883,0.8526,1.004,0.9956
1000,PERP,5.1984,11,APEX1,False,1.205,1.0406,0.7883,0.8526,1.004,0.9956
1000,PRDX2,2.8052,12,APEX1,False,1.205,1.0406,0.7883,0.8526,1.004,0.9956
1000,KDM1A,1.004,13,APEX1,False,1.205,1.0406,0.7883,0.8526,1.004,0.9956
